"variable","imputation","iteration","chain_mean"
"log2_wbc","Chain 1",1,5.60327087290843
"log2_wbc","Chain 1",2,4.95807635281429
"log2_wbc","Chain 1",3,6.22037754805596
"log2_wbc","Chain 1",4,4.5335843016205
"log2_wbc","Chain 1",5,5.00702555656765
"log2_wbc","Chain 1",6,5.4352616887379
"log2_wbc","Chain 1",7,5.58590115959502
"log2_wbc","Chain 1",8,6.1223000543723
"log2_wbc","Chain 1",9,5.55606481629819
"log2_wbc","Chain 1",10,4.94193876442078
"log2_wbc","Chain 1",11,5.64592028542318
"log2_wbc","Chain 1",12,5.95868485779528
"log2_wbc","Chain 1",13,5.78993349160654
"log2_wbc","Chain 1",14,4.94276144506152
"log2_wbc","Chain 1",15,5.54112386563429
"log2_wbc","Chain 1",16,5.57582697952182
"log2_wbc","Chain 1",17,4.89300511906859
"log2_wbc","Chain 1",18,5.48372228742654
"log2_wbc","Chain 1",19,4.63948868757149
"log2_wbc","Chain 1",20,4.12257840204864
"log2_wbc","Chain 2",1,4.05105063127897
"log2_wbc","Chain 2",2,3.91421756935332
"log2_wbc","Chain 2",3,4.39111775909994
"log2_wbc","Chain 2",4,5.08599705252681
"log2_wbc","Chain 2",5,5.09023857001478
"log2_wbc","Chain 2",6,4.18085052059513
"log2_wbc","Chain 2",7,4.75707483626808
"log2_wbc","Chain 2",8,4.96387053388619
"log2_wbc","Chain 2",9,5.41362656664125
"log2_wbc","Chain 2",10,4.60660784135512
"log2_wbc","Chain 2",11,4.41815074761571
"log2_wbc","Chain 2",12,4.47056205426612
"log2_wbc","Chain 2",13,4.96346360185916
"log2_wbc","Chain 2",14,5.03828478248689
"log2_wbc","Chain 2",15,4.65685768941971
"log2_wbc","Chain 2",16,5.48498185526575
"log2_wbc","Chain 2",17,4.65530892096784
"log2_wbc","Chain 2",18,5.26573072181251
"log2_wbc","Chain 2",19,5.6531822417167
"log2_wbc","Chain 2",20,4.84139612177417
"log2_wbc","Chain 3",1,4.80432638417536
"log2_wbc","Chain 3",2,5.13990221905773
"log2_wbc","Chain 3",3,4.85154686981975
"log2_wbc","Chain 3",4,3.7584378618141
"log2_wbc","Chain 3",5,5.16050749638846
"log2_wbc","Chain 3",6,4.22046112572192
"log2_wbc","Chain 3",7,4.35415894089277
"log2_wbc","Chain 3",8,5.65572120801957
"log2_wbc","Chain 3",9,5.89213640837302
"log2_wbc","Chain 3",10,4.54031482117726
"log2_wbc","Chain 3",11,4.43857366199453
"log2_wbc","Chain 3",12,4.92291426686872
"log2_wbc","Chain 3",13,4.35275832514708
"log2_wbc","Chain 3",14,4.26484033135795
"log2_wbc","Chain 3",15,4.6553509412684
"log2_wbc","Chain 3",16,5.02495845794357
"log2_wbc","Chain 3",17,5.43242015752297
"log2_wbc","Chain 3",18,5.492290698292
"log2_wbc","Chain 3",19,4.55376744797353
"log2_wbc","Chain 3",20,3.87158100910795
"log2_wbc","Chain 4",1,3.99884890600808
"log2_wbc","Chain 4",2,5.32337764580081
"log2_wbc","Chain 4",3,5.06488628388106
"log2_wbc","Chain 4",4,4.98012586610447
"log2_wbc","Chain 4",5,4.75161712832091
"log2_wbc","Chain 4",6,4.98553826919037
"log2_wbc","Chain 4",7,4.69072097121614
"log2_wbc","Chain 4",8,4.59942560430355
"log2_wbc","Chain 4",9,4.62963229356749
"log2_wbc","Chain 4",10,3.78546736698125
"log2_wbc","Chain 4",11,4.75091628432871
"log2_wbc","Chain 4",12,3.62146004674564
"log2_wbc","Chain 4",13,4.74058787964036
"log2_wbc","Chain 4",14,3.82042262025976
"log2_wbc","Chain 4",15,5.7542762339308
"log2_wbc","Chain 4",16,5.80159016948843
"log2_wbc","Chain 4",17,5.46408886281901
"log2_wbc","Chain 4",18,5.27615280590638
"log2_wbc","Chain 4",19,5.24801998593117
"log2_wbc","Chain 4",20,5.14412043255234
"log2_wbc","Chain 5",1,3.98929681191879
"log2_wbc","Chain 5",2,4.89116393734536
"log2_wbc","Chain 5",3,4.09346338756659
"log2_wbc","Chain 5",4,3.63989681061126
"log2_wbc","Chain 5",5,5.03286993916564
"log2_wbc","Chain 5",6,6.35331577036111
"log2_wbc","Chain 5",7,5.91038499220751
"log2_wbc","Chain 5",8,4.73206300435694
"log2_wbc","Chain 5",9,5.27664717468108
"log2_wbc","Chain 5",10,5.07278758739634
"log2_wbc","Chain 5",11,5.75518774333145
"log2_wbc","Chain 5",12,5.30816011054264
"log2_wbc","Chain 5",13,5.1271538376842
"log2_wbc","Chain 5",14,4.57759767642073
"log2_wbc","Chain 5",15,4.44431335757356
"log2_wbc","Chain 5",16,4.22772510541155
"log2_wbc","Chain 5",17,5.52042000449165
"log2_wbc","Chain 5",18,5.5659710937692
"log2_wbc","Chain 5",19,4.8371918552381
"log2_wbc","Chain 5",20,5.50267586418508
"log2_wbc","Chain 6",1,5.60858937882737
"log2_wbc","Chain 6",2,6.32405391351567
"log2_wbc","Chain 6",3,4.20479935397579
"log2_wbc","Chain 6",4,4.74513589804545
"log2_wbc","Chain 6",5,3.86585347028382
"log2_wbc","Chain 6",6,3.86724840634344
"log2_wbc","Chain 6",7,4.44744548790674
"log2_wbc","Chain 6",8,4.71549077344439
"log2_wbc","Chain 6",9,5.2289626874602
"log2_wbc","Chain 6",10,5.22778330527231
"log2_wbc","Chain 6",11,5.09451824715669
"log2_wbc","Chain 6",12,5.68377015423884
"log2_wbc","Chain 6",13,5.91939450801295
"log2_wbc","Chain 6",14,5.72685536184981
"log2_wbc","Chain 6",15,5.47557331488829
"log2_wbc","Chain 6",16,5.42723495553807
"log2_wbc","Chain 6",17,4.8921311450927
"log2_wbc","Chain 6",18,5.23860069020945
"log2_wbc","Chain 6",19,5.37161909271359
"log2_wbc","Chain 6",20,4.90222572349431
"log2_wbc","Chain 7",1,4.35863525327069
"log2_wbc","Chain 7",2,4.12709703830215
"log2_wbc","Chain 7",3,4.4622211228797
"log2_wbc","Chain 7",4,4.81801044808597
"log2_wbc","Chain 7",5,4.22342920296941
"log2_wbc","Chain 7",6,4.75670437087474
"log2_wbc","Chain 7",7,5.02823311827412
"log2_wbc","Chain 7",8,4.14404270450042
"log2_wbc","Chain 7",9,3.22887360801081
"log2_wbc","Chain 7",10,4.52048343759617
"log2_wbc","Chain 7",11,5.23101835371506
"log2_wbc","Chain 7",12,5.30952862346325
"log2_wbc","Chain 7",13,4.79250495758089
"log2_wbc","Chain 7",14,4.48928126308884
"log2_wbc","Chain 7",15,4.83133526912171
"log2_wbc","Chain 7",16,5.21162794409702
"log2_wbc","Chain 7",17,4.45045233016978
"log2_wbc","Chain 7",18,5.31047271821652
"log2_wbc","Chain 7",19,5.40888241951256
"log2_wbc","Chain 7",20,5.09263281491126
"log2_wbc","Chain 8",1,5.52576085355904
"log2_wbc","Chain 8",2,4.38471771773216
"log2_wbc","Chain 8",3,4.32842761817833
"log2_wbc","Chain 8",4,4.94867049687292
"log2_wbc","Chain 8",5,4.69884979289447
"log2_wbc","Chain 8",6,4.78954843603835
"log2_wbc","Chain 8",7,5.67271965461307
"log2_wbc","Chain 8",8,4.84362908664497
"log2_wbc","Chain 8",9,4.28841745119301
"log2_wbc","Chain 8",10,4.56191301952551
"log2_wbc","Chain 8",11,4.75025653201606
"log2_wbc","Chain 8",12,4.78452553284125
"log2_wbc","Chain 8",13,4.29621180875
"log2_wbc","Chain 8",14,4.96655965884417
"log2_wbc","Chain 8",15,5.03054318940072
"log2_wbc","Chain 8",16,5.49179088961896
"log2_wbc","Chain 8",17,5.64676617330197
"log2_wbc","Chain 8",18,4.93779554258088
"log2_wbc","Chain 8",19,5.3371527382097
"log2_wbc","Chain 8",20,5.96009691978899
"log2_wbc","Chain 9",1,5.29806313895772
"log2_wbc","Chain 9",2,4.992545582612
"log2_wbc","Chain 9",3,4.68820625502985
"log2_wbc","Chain 9",4,4.58689896740531
"log2_wbc","Chain 9",5,5.03603390074923
"log2_wbc","Chain 9",6,4.92051212913383
"log2_wbc","Chain 9",7,4.5651156522191
"log2_wbc","Chain 9",8,4.85522362971721
"log2_wbc","Chain 9",9,4.91780022369299
"log2_wbc","Chain 9",10,5.06291108660117
"log2_wbc","Chain 9",11,5.68607361907778
"log2_wbc","Chain 9",12,4.9696940059874
"log2_wbc","Chain 9",13,4.67976032032065
"log2_wbc","Chain 9",14,4.55973295787696
"log2_wbc","Chain 9",15,4.82050097137012
"log2_wbc","Chain 9",16,4.66670813745133
"log2_wbc","Chain 9",17,4.48669336779766
"log2_wbc","Chain 9",18,5.50909231055605
"log2_wbc","Chain 9",19,5.46447214877079
"log2_wbc","Chain 9",20,5.87573139061329
"log2_wbc","Chain 10",1,5.37207350227026
"log2_wbc","Chain 10",2,3.88038872879276
"log2_wbc","Chain 10",3,4.46862373070801
"log2_wbc","Chain 10",4,3.60676010305313
"log2_wbc","Chain 10",5,4.24544386470121
"log2_wbc","Chain 10",6,2.95901550453329
"log2_wbc","Chain 10",7,3.92370166453204
"log2_wbc","Chain 10",8,2.57500137643432
"log2_wbc","Chain 10",9,3.84885651842889
"log2_wbc","Chain 10",10,3.71614963048147
"log2_wbc","Chain 10",11,4.23749360426675
"log2_wbc","Chain 10",12,4.81303517144529
"log2_wbc","Chain 10",13,4.97184158492733
"log2_wbc","Chain 10",14,5.25974227036352
"log2_wbc","Chain 10",15,4.95464082773218
"log2_wbc","Chain 10",16,4.75255649001
"log2_wbc","Chain 10",17,4.41063651191254
"log2_wbc","Chain 10",18,3.91663358387578
"log2_wbc","Chain 10",19,4.27218255918275
"log2_wbc","Chain 10",20,4.17727315868908
"log2_wbc","Chain 11",1,4.97012428144591
"log2_wbc","Chain 11",2,4.31208161992809
"log2_wbc","Chain 11",3,4.61537941756802
"log2_wbc","Chain 11",4,4.37612168057713
"log2_wbc","Chain 11",5,5.0370081291261
"log2_wbc","Chain 11",6,4.3205578760218
"log2_wbc","Chain 11",7,3.95122170911611
"log2_wbc","Chain 11",8,3.47781974131947
"log2_wbc","Chain 11",9,4.3808469372607
"log2_wbc","Chain 11",10,4.3662668103512
"log2_wbc","Chain 11",11,4.09722514661811
"log2_wbc","Chain 11",12,4.50743913560648
"log2_wbc","Chain 11",13,4.96529054150804
"log2_wbc","Chain 11",14,4.24501513608207
"log2_wbc","Chain 11",15,5.15663751445595
"log2_wbc","Chain 11",16,5.22981061885635
"log2_wbc","Chain 11",17,5.81170303261361
"log2_wbc","Chain 11",18,5.77013866056012
"log2_wbc","Chain 11",19,4.6321502044665
"log2_wbc","Chain 11",20,4.86792064144873
"log2_wbc","Chain 12",1,5.31024030347683
"log2_wbc","Chain 12",2,5.20803565082075
"log2_wbc","Chain 12",3,4.7581623726634
"log2_wbc","Chain 12",4,4.81009581097555
"log2_wbc","Chain 12",5,4.53810775287349
"log2_wbc","Chain 12",6,5.01134280234535
"log2_wbc","Chain 12",7,4.65865141876153
"log2_wbc","Chain 12",8,4.98418994692091
"log2_wbc","Chain 12",9,5.88234366955287
"log2_wbc","Chain 12",10,4.87017240521604
"log2_wbc","Chain 12",11,5.24253530604974
"log2_wbc","Chain 12",12,4.90314721286383
"log2_wbc","Chain 12",13,4.77256765850605
"log2_wbc","Chain 12",14,5.19178661034135
"log2_wbc","Chain 12",15,6.17607244409642
"log2_wbc","Chain 12",16,5.45055543891414
"log2_wbc","Chain 12",17,5.4085095113957
"log2_wbc","Chain 12",18,4.82156692808294
"log2_wbc","Chain 12",19,5.33023741145337
"log2_wbc","Chain 12",20,4.9350757500856
"log2_wbc","Chain 13",1,5.16432157912572
"log2_wbc","Chain 13",2,5.43409758906911
"log2_wbc","Chain 13",3,4.55322856939513
"log2_wbc","Chain 13",4,4.63997186258367
"log2_wbc","Chain 13",5,4.71463691762345
"log2_wbc","Chain 13",6,3.8147828191157
"log2_wbc","Chain 13",7,4.35125329506271
"log2_wbc","Chain 13",8,4.16415750329662
"log2_wbc","Chain 13",9,5.12979193533846
"log2_wbc","Chain 13",10,5.25264558490502
"log2_wbc","Chain 13",11,4.98546323521469
"log2_wbc","Chain 13",12,5.84128303088266
"log2_wbc","Chain 13",13,5.78477497232819
"log2_wbc","Chain 13",14,5.86251751748234
"log2_wbc","Chain 13",15,4.44793268110804
"log2_wbc","Chain 13",16,6.31105763808643
"log2_wbc","Chain 13",17,5.37651411707349
"log2_wbc","Chain 13",18,6.00236775832498
"log2_wbc","Chain 13",19,5.91128733773602
"log2_wbc","Chain 13",20,5.63349388183282
"log2_wbc","Chain 14",1,5.8958520433248
"log2_wbc","Chain 14",2,5.56502838248755
"log2_wbc","Chain 14",3,5.30586095791882
"log2_wbc","Chain 14",4,5.70211683818713
"log2_wbc","Chain 14",5,5.5003692307516
"log2_wbc","Chain 14",6,5.24198008881242
"log2_wbc","Chain 14",7,5.12723892042475
"log2_wbc","Chain 14",8,5.76253758748571
"log2_wbc","Chain 14",9,6.13537409112052
"log2_wbc","Chain 14",10,6.08796635736836
"log2_wbc","Chain 14",11,4.71976870593508
"log2_wbc","Chain 14",12,3.87196871997
"log2_wbc","Chain 14",13,4.50145529933273
"log2_wbc","Chain 14",14,5.06136589667881
"log2_wbc","Chain 14",15,5.42279635803646
"log2_wbc","Chain 14",16,4.89328383686511
"log2_wbc","Chain 14",17,5.31329612783375
"log2_wbc","Chain 14",18,5.3878081331915
"log2_wbc","Chain 14",19,5.88370635669671
"log2_wbc","Chain 14",20,5.98577154508029
"log2_wbc","Chain 15",1,5.05093471315623
"log2_wbc","Chain 15",2,4.55024667466787
"log2_wbc","Chain 15",3,5.39346129778142
"log2_wbc","Chain 15",4,4.91042786593401
"log2_wbc","Chain 15",5,5.63576647007471
"log2_wbc","Chain 15",6,5.78486447490465
"log2_wbc","Chain 15",7,5.0229810943939
"log2_wbc","Chain 15",8,4.80749528275647
"log2_wbc","Chain 15",9,5.18051669985652
"log2_wbc","Chain 15",10,5.51603827427258
"log2_wbc","Chain 15",11,3.51023643402553
"log2_wbc","Chain 15",12,4.48080509816735
"log2_wbc","Chain 15",13,4.58854270985833
"log2_wbc","Chain 15",14,4.46403927047998
"log2_wbc","Chain 15",15,4.9758457929888
"log2_wbc","Chain 15",16,4.69730033648741
"log2_wbc","Chain 15",17,5.10456400122731
"log2_wbc","Chain 15",18,3.78348244790703
"log2_wbc","Chain 15",19,4.31340486178869
"log2_wbc","Chain 15",20,4.9190176896157
"log2_wbc","Chain 16",1,4.49292996114236
"log2_wbc","Chain 16",2,4.99694665642843
"log2_wbc","Chain 16",3,4.96257209063299
"log2_wbc","Chain 16",4,4.77236077153343
"log2_wbc","Chain 16",5,5.77931237735064
"log2_wbc","Chain 16",6,4.86499536218036
"log2_wbc","Chain 16",7,5.07323748903886
"log2_wbc","Chain 16",8,5.21774760225072
"log2_wbc","Chain 16",9,5.2912338350618
"log2_wbc","Chain 16",10,5.3896228367847
"log2_wbc","Chain 16",11,5.38594099555776
"log2_wbc","Chain 16",12,5.23186339601427
"log2_wbc","Chain 16",13,5.10820952374456
"log2_wbc","Chain 16",14,4.52131902255146
"log2_wbc","Chain 16",15,4.11160827792407
"log2_wbc","Chain 16",16,4.53740596833099
"log2_wbc","Chain 16",17,6.56650689386302
"log2_wbc","Chain 16",18,5.72319440673649
"log2_wbc","Chain 16",19,5.79434350885868
"log2_wbc","Chain 16",20,4.78352823954955
"log2_wbc","Chain 17",1,5.93225491308128
"log2_wbc","Chain 17",2,4.93534444860115
"log2_wbc","Chain 17",3,4.91117641358943
"log2_wbc","Chain 17",4,4.43057849247985
"log2_wbc","Chain 17",5,4.84370653780943
"log2_wbc","Chain 17",6,3.53284675562701
"log2_wbc","Chain 17",7,3.72641803667931
"log2_wbc","Chain 17",8,4.2627114720286
"log2_wbc","Chain 17",9,4.65074678714824
"log2_wbc","Chain 17",10,4.95475203925458
"log2_wbc","Chain 17",11,5.40620891798978
"log2_wbc","Chain 17",12,5.05019626693026
"log2_wbc","Chain 17",13,4.97574210911377
"log2_wbc","Chain 17",14,4.46388468416139
"log2_wbc","Chain 17",15,5.22224071233921
"log2_wbc","Chain 17",16,3.91229639495763
"log2_wbc","Chain 17",17,4.38462896156144
"log2_wbc","Chain 17",18,5.31544153565922
"log2_wbc","Chain 17",19,5.39651667418785
"log2_wbc","Chain 17",20,6.1812306029797
"log2_wbc","Chain 18",1,5.72354273303589
"log2_wbc","Chain 18",2,4.80161158398496
"log2_wbc","Chain 18",3,4.79821971986214
"log2_wbc","Chain 18",4,4.44061043932515
"log2_wbc","Chain 18",5,4.89775149649902
"log2_wbc","Chain 18",6,5.34840027997896
"log2_wbc","Chain 18",7,5.03060687501466
"log2_wbc","Chain 18",8,5.56000453222283
"log2_wbc","Chain 18",9,5.1629774980104
"log2_wbc","Chain 18",10,5.64810425704629
"log2_wbc","Chain 18",11,4.91946886887183
"log2_wbc","Chain 18",12,4.02235356768866
"log2_wbc","Chain 18",13,4.66818170628709
"log2_wbc","Chain 18",14,4.28562797621212
"log2_wbc","Chain 18",15,5.43850613235588
"log2_wbc","Chain 18",16,4.8052896942254
"log2_wbc","Chain 18",17,4.51422359509646
"log2_wbc","Chain 18",18,5.63662893080461
"log2_wbc","Chain 18",19,4.91337668379333
"log2_wbc","Chain 18",20,4.27704178968467
"log2_wbc","Chain 19",1,5.02486891237919
"log2_wbc","Chain 19",2,4.65722446432318
"log2_wbc","Chain 19",3,4.95853404671284
"log2_wbc","Chain 19",4,4.41819007147293
"log2_wbc","Chain 19",5,4.61581910881644
"log2_wbc","Chain 19",6,5.01225450565784
"log2_wbc","Chain 19",7,4.63467415017098
"log2_wbc","Chain 19",8,5.43965134886031
"log2_wbc","Chain 19",9,4.70963103900258
"log2_wbc","Chain 19",10,5.24803056277117
"log2_wbc","Chain 19",11,6.1229931401992
"log2_wbc","Chain 19",12,5.07210222487534
"log2_wbc","Chain 19",13,5.22664447539128
"log2_wbc","Chain 19",14,5.02624282265147
"log2_wbc","Chain 19",15,6.1727558317909
"log2_wbc","Chain 19",16,5.68807619801144
"log2_wbc","Chain 19",17,5.95012736746193
"log2_wbc","Chain 19",18,4.41552212730868
"log2_wbc","Chain 19",19,4.52882690015079
"log2_wbc","Chain 19",20,4.53916703934133
"log2_wbc","Chain 20",1,4.56754422706527
"log2_wbc","Chain 20",2,4.64364255377924
"log2_wbc","Chain 20",3,4.71281841198836
"log2_wbc","Chain 20",4,5.64460643537551
"log2_wbc","Chain 20",5,4.79953326741227
"log2_wbc","Chain 20",6,5.42330543598879
"log2_wbc","Chain 20",7,5.03286507465848
"log2_wbc","Chain 20",8,5.33684859783031
"log2_wbc","Chain 20",9,4.65956240019751
"log2_wbc","Chain 20",10,5.20902423557688
"log2_wbc","Chain 20",11,4.49356605722755
"log2_wbc","Chain 20",12,3.55181294640659
"log2_wbc","Chain 20",13,4.65871182434794
"log2_wbc","Chain 20",14,5.30948053750474
"log2_wbc","Chain 20",15,5.49268986602426
"log2_wbc","Chain 20",16,5.330783357801
"log2_wbc","Chain 20",17,4.21741874890456
"log2_wbc","Chain 20",18,3.75919664090039
"log2_wbc","Chain 20",19,5.14059116084226
"log2_wbc","Chain 20",20,4.63870713369653
"log2_wbc","Chain 21",1,5.26673461665337
"log2_wbc","Chain 21",2,6.08531302519691
"log2_wbc","Chain 21",3,4.57256028676169
"log2_wbc","Chain 21",4,4.67223293144922
"log2_wbc","Chain 21",5,4.20959572735731
"log2_wbc","Chain 21",6,4.20685420375885
"log2_wbc","Chain 21",7,4.76969367692113
"log2_wbc","Chain 21",8,5.0971486969311
"log2_wbc","Chain 21",9,4.90171442167355
"log2_wbc","Chain 21",10,4.89885914947566
"log2_wbc","Chain 21",11,5.23474077578078
"log2_wbc","Chain 21",12,5.867618354911
"log2_wbc","Chain 21",13,5.33325775811891
"log2_wbc","Chain 21",14,5.53890728189362
"log2_wbc","Chain 21",15,5.37378146900573
"log2_wbc","Chain 21",16,6.16849531188633
"log2_wbc","Chain 21",17,6.53827774887444
"log2_wbc","Chain 21",18,5.43053404985347
"log2_wbc","Chain 21",19,5.24764949069523
"log2_wbc","Chain 21",20,6.15263833822439
"log2_wbc","Chain 22",1,3.4706637657015
"log2_wbc","Chain 22",2,4.82541664806873
"log2_wbc","Chain 22",3,5.34830681249173
"log2_wbc","Chain 22",4,3.85440279416985
"log2_wbc","Chain 22",5,4.82568753408218
"log2_wbc","Chain 22",6,4.57419865697703
"log2_wbc","Chain 22",7,4.64959895256696
"log2_wbc","Chain 22",8,4.11248789680077
"log2_wbc","Chain 22",9,4.51393401697181
"log2_wbc","Chain 22",10,3.89239432970165
"log2_wbc","Chain 22",11,4.62950703361563
"log2_wbc","Chain 22",12,4.50706670293253
"log2_wbc","Chain 22",13,5.55866634246494
"log2_wbc","Chain 22",14,6.0963062657678
"log2_wbc","Chain 22",15,5.64899333587126
"log2_wbc","Chain 22",16,5.49917456252502
"log2_wbc","Chain 22",17,4.56169339737428
"log2_wbc","Chain 22",18,5.097864971221
"log2_wbc","Chain 22",19,6.09021987620662
"log2_wbc","Chain 22",20,5.51058788690084
"log2_wbc","Chain 23",1,5.4769812166489
"log2_wbc","Chain 23",2,6.07960915231462
"log2_wbc","Chain 23",3,5.6093136520714
"log2_wbc","Chain 23",4,4.58141887817564
"log2_wbc","Chain 23",5,4.86527696758401
"log2_wbc","Chain 23",6,6.10725011811524
"log2_wbc","Chain 23",7,5.27077203461147
"log2_wbc","Chain 23",8,5.58586928290757
"log2_wbc","Chain 23",9,5.9593335494488
"log2_wbc","Chain 23",10,5.24121980405067
"log2_wbc","Chain 23",11,5.69971244431638
"log2_wbc","Chain 23",12,4.97963276709516
"log2_wbc","Chain 23",13,4.96772252255839
"log2_wbc","Chain 23",14,3.12768621792354
"log2_wbc","Chain 23",15,3.63821503478971
"log2_wbc","Chain 23",16,3.77238578109611
"log2_wbc","Chain 23",17,5.03270134838255
"log2_wbc","Chain 23",18,5.35527847256929
"log2_wbc","Chain 23",19,5.86553496059538
"log2_wbc","Chain 23",20,4.22964249370116
"log2_wbc","Chain 24",1,4.24912618312624
"log2_wbc","Chain 24",2,5.24309864426474
"log2_wbc","Chain 24",3,6.48198165961283
"log2_wbc","Chain 24",4,5.04596693002224
"log2_wbc","Chain 24",5,5.73827608298822
"log2_wbc","Chain 24",6,5.08264349642273
"log2_wbc","Chain 24",7,5.35814014058394
"log2_wbc","Chain 24",8,5.20712451944015
"log2_wbc","Chain 24",9,4.71587133181426
"log2_wbc","Chain 24",10,6.94572831087539
"log2_wbc","Chain 24",11,6.61734837264459
"log2_wbc","Chain 24",12,6.51281594972422
"log2_wbc","Chain 24",13,6.28803472139386
"log2_wbc","Chain 24",14,5.35472366493993
"log2_wbc","Chain 24",15,4.70974151126414
"log2_wbc","Chain 24",16,5.90712803276899
"log2_wbc","Chain 24",17,5.51394362381403
"log2_wbc","Chain 24",18,4.36053617505693
"log2_wbc","Chain 24",19,4.60047301428667
"log2_wbc","Chain 24",20,4.55157359592577
"log2_wbc","Chain 25",1,5.20728275580478
"log2_wbc","Chain 25",2,4.06391197711324
"log2_wbc","Chain 25",3,4.19351226229595
"log2_wbc","Chain 25",4,4.33260255451724
"log2_wbc","Chain 25",5,3.91269562965548
"log2_wbc","Chain 25",6,3.2865477558884
"log2_wbc","Chain 25",7,3.96447968461926
"log2_wbc","Chain 25",8,4.50668551553851
"log2_wbc","Chain 25",9,4.52818694681114
"log2_wbc","Chain 25",10,3.70687573914622
"log2_wbc","Chain 25",11,5.34462835676362
"log2_wbc","Chain 25",12,5.25100011553948
"log2_wbc","Chain 25",13,5.09992308586251
"log2_wbc","Chain 25",14,5.29677999058815
"log2_wbc","Chain 25",15,5.14125341038662
"log2_wbc","Chain 25",16,4.2174483713828
"log2_wbc","Chain 25",17,4.05170797783338
"log2_wbc","Chain 25",18,4.48943520685204
"log2_wbc","Chain 25",19,3.95277543873336
"log2_wbc","Chain 25",20,4.91002130514003
"log2_wbc","Chain 26",1,2.88860270557185
"log2_wbc","Chain 26",2,4.77570980854411
"log2_wbc","Chain 26",3,4.50994412657879
"log2_wbc","Chain 26",4,4.36795095021913
"log2_wbc","Chain 26",5,5.74918709753538
"log2_wbc","Chain 26",6,5.20922969606678
"log2_wbc","Chain 26",7,4.75120128695136
"log2_wbc","Chain 26",8,4.83981860873793
"log2_wbc","Chain 26",9,5.18458908229114
"log2_wbc","Chain 26",10,4.99761422670794
"log2_wbc","Chain 26",11,4.28182725223359
"log2_wbc","Chain 26",12,4.06000722319475
"log2_wbc","Chain 26",13,4.61313294713232
"log2_wbc","Chain 26",14,5.27235595592984
"log2_wbc","Chain 26",15,5.82290491388189
"log2_wbc","Chain 26",16,6.57747859696761
"log2_wbc","Chain 26",17,5.27578499716833
"log2_wbc","Chain 26",18,5.30678507791684
"log2_wbc","Chain 26",19,5.99242794423247
"log2_wbc","Chain 26",20,4.82827401886284
"log2_wbc","Chain 27",1,5.03195381352448
"log2_wbc","Chain 27",2,4.87107848493768
"log2_wbc","Chain 27",3,5.16011366718587
"log2_wbc","Chain 27",4,5.18571362865084
"log2_wbc","Chain 27",5,4.65489069836921
"log2_wbc","Chain 27",6,4.44923932685769
"log2_wbc","Chain 27",7,5.42997392535689
"log2_wbc","Chain 27",8,5.07216737041194
"log2_wbc","Chain 27",9,5.22570328581664
"log2_wbc","Chain 27",10,5.18008175979265
"log2_wbc","Chain 27",11,3.73596775614978
"log2_wbc","Chain 27",12,5.51527067073274
"log2_wbc","Chain 27",13,5.32585947273478
"log2_wbc","Chain 27",14,4.92405811163718
"log2_wbc","Chain 27",15,3.84619463053663
"log2_wbc","Chain 27",16,3.70696798023587
"log2_wbc","Chain 27",17,3.97268176007924
"log2_wbc","Chain 27",18,3.99762263058276
"log2_wbc","Chain 27",19,4.39693982679374
"log2_wbc","Chain 27",20,4.08813128644162
"log2_wbc","Chain 28",1,4.79461560576115
"log2_wbc","Chain 28",2,5.01338052526857
"log2_wbc","Chain 28",3,4.70618605960667
"log2_wbc","Chain 28",4,5.28201279774728
"log2_wbc","Chain 28",5,5.25345433324834
"log2_wbc","Chain 28",6,5.87042115661251
"log2_wbc","Chain 28",7,4.7495007863518
"log2_wbc","Chain 28",8,5.42031920775142
"log2_wbc","Chain 28",9,6.25339442083271
"log2_wbc","Chain 28",10,4.3380566616584
"log2_wbc","Chain 28",11,5.27170415009668
"log2_wbc","Chain 28",12,5.27292379440878
"log2_wbc","Chain 28",13,5.51795013982075
"log2_wbc","Chain 28",14,4.90353313539379
"log2_wbc","Chain 28",15,5.5261870506255
"log2_wbc","Chain 28",16,4.43968347177785
"log2_wbc","Chain 28",17,4.44679063665402
"log2_wbc","Chain 28",18,4.32516826450086
"log2_wbc","Chain 28",19,5.15917999215145
"log2_wbc","Chain 28",20,4.76658588544057
"log2_wbc","Chain 29",1,5.18841290216294
"log2_wbc","Chain 29",2,4.75033806691153
"log2_wbc","Chain 29",3,3.8410797418554
"log2_wbc","Chain 29",4,3.98893378182922
"log2_wbc","Chain 29",5,3.09635383910571
"log2_wbc","Chain 29",6,3.42316264360726
"log2_wbc","Chain 29",7,3.99148986416278
"log2_wbc","Chain 29",8,3.93432624466012
"log2_wbc","Chain 29",9,4.64577570889697
"log2_wbc","Chain 29",10,3.8228498642749
"log2_wbc","Chain 29",11,4.58555602407758
"log2_wbc","Chain 29",12,6.53846284011664
"log2_wbc","Chain 29",13,4.79749746042569
"log2_wbc","Chain 29",14,4.57453631820607
"log2_wbc","Chain 29",15,4.78524527238774
"log2_wbc","Chain 29",16,4.4923335422147
"log2_wbc","Chain 29",17,4.93120905709148
"log2_wbc","Chain 29",18,4.65670327942876
"log2_wbc","Chain 29",19,4.37926765491982
"log2_wbc","Chain 29",20,4.27280307285847
"log2_wbc","Chain 30",1,4.66680344380907
"log2_wbc","Chain 30",2,4.19469832379464
"log2_wbc","Chain 30",3,3.88993986349981
"log2_wbc","Chain 30",4,3.64560817481589
"log2_wbc","Chain 30",5,3.87203990275971
"log2_wbc","Chain 30",6,4.63293678114017
"log2_wbc","Chain 30",7,4.87294038912642
"log2_wbc","Chain 30",8,5.26401067284636
"log2_wbc","Chain 30",9,5.27503589593057
"log2_wbc","Chain 30",10,5.3831730318723
"log2_wbc","Chain 30",11,6.48472102721235
"log2_wbc","Chain 30",12,6.35851761909911
"log2_wbc","Chain 30",13,5.44255456772015
"log2_wbc","Chain 30",14,5.14921374406411
"log2_wbc","Chain 30",15,4.26330211273123
"log2_wbc","Chain 30",16,4.91133095144577
"log2_wbc","Chain 30",17,4.99611971395712
"log2_wbc","Chain 30",18,4.32886189711519
"log2_wbc","Chain 30",19,4.09650366248966
"log2_wbc","Chain 30",20,5.12957013110417
"risk_group_std","Chain 1",1,1.79824561403509
"risk_group_std","Chain 1",2,1.68421052631579
"risk_group_std","Chain 1",3,1.65789473684211
"risk_group_std","Chain 1",4,1.6140350877193
"risk_group_std","Chain 1",5,1.6140350877193
"risk_group_std","Chain 1",6,1.55263157894737
"risk_group_std","Chain 1",7,1.54385964912281
"risk_group_std","Chain 1",8,1.52631578947368
"risk_group_std","Chain 1",9,1.52631578947368
"risk_group_std","Chain 1",10,1.51754385964912
"risk_group_std","Chain 1",11,1.48245614035088
"risk_group_std","Chain 1",12,1.45614035087719
"risk_group_std","Chain 1",13,1.42105263157895
"risk_group_std","Chain 1",14,1.49122807017544
"risk_group_std","Chain 1",15,1.49122807017544
"risk_group_std","Chain 1",16,1.47368421052632
"risk_group_std","Chain 1",17,1.6140350877193
"risk_group_std","Chain 1",18,1.54385964912281
"risk_group_std","Chain 1",19,1.54385964912281
"risk_group_std","Chain 1",20,1.49122807017544
"risk_group_std","Chain 2",1,1.7719298245614
"risk_group_std","Chain 2",2,1.83333333333333
"risk_group_std","Chain 2",3,1.80701754385965
"risk_group_std","Chain 2",4,1.76315789473684
"risk_group_std","Chain 2",5,1.7280701754386
"risk_group_std","Chain 2",6,1.78070175438596
"risk_group_std","Chain 2",7,1.71929824561404
"risk_group_std","Chain 2",8,1.66666666666667
"risk_group_std","Chain 2",9,1.64035087719298
"risk_group_std","Chain 2",10,1.64912280701754
"risk_group_std","Chain 2",11,1.53508771929825
"risk_group_std","Chain 2",12,1.55263157894737
"risk_group_std","Chain 2",13,1.56140350877193
"risk_group_std","Chain 2",14,1.58771929824561
"risk_group_std","Chain 2",15,1.55263157894737
"risk_group_std","Chain 2",16,1.51754385964912
"risk_group_std","Chain 2",17,1.51754385964912
"risk_group_std","Chain 2",18,1.57017543859649
"risk_group_std","Chain 2",19,1.49122807017544
"risk_group_std","Chain 2",20,1.47368421052632
"risk_group_std","Chain 3",1,1.78070175438596
"risk_group_std","Chain 3",2,1.78070175438596
"risk_group_std","Chain 3",3,1.71052631578947
"risk_group_std","Chain 3",4,1.68421052631579
"risk_group_std","Chain 3",5,1.67543859649123
"risk_group_std","Chain 3",6,1.6140350877193
"risk_group_std","Chain 3",7,1.66666666666667
"risk_group_std","Chain 3",8,1.68421052631579
"risk_group_std","Chain 3",9,1.67543859649123
"risk_group_std","Chain 3",10,1.65789473684211
"risk_group_std","Chain 3",11,1.64912280701754
"risk_group_std","Chain 3",12,1.60526315789474
"risk_group_std","Chain 3",13,1.60526315789474
"risk_group_std","Chain 3",14,1.6140350877193
"risk_group_std","Chain 3",15,1.56140350877193
"risk_group_std","Chain 3",16,1.56140350877193
"risk_group_std","Chain 3",17,1.51754385964912
"risk_group_std","Chain 3",18,1.49122807017544
"risk_group_std","Chain 3",19,1.47368421052632
"risk_group_std","Chain 3",20,1.42105263157895
"risk_group_std","Chain 4",1,1.82456140350877
"risk_group_std","Chain 4",2,1.85087719298246
"risk_group_std","Chain 4",3,1.78947368421053
"risk_group_std","Chain 4",4,1.85087719298246
"risk_group_std","Chain 4",5,1.68421052631579
"risk_group_std","Chain 4",6,1.68421052631579
"risk_group_std","Chain 4",7,1.64912280701754
"risk_group_std","Chain 4",8,1.64035087719298
"risk_group_std","Chain 4",9,1.63157894736842
"risk_group_std","Chain 4",10,1.60526315789474
"risk_group_std","Chain 4",11,1.57017543859649
"risk_group_std","Chain 4",12,1.57894736842105
"risk_group_std","Chain 4",13,1.57017543859649
"risk_group_std","Chain 4",14,1.54385964912281
"risk_group_std","Chain 4",15,1.56140350877193
"risk_group_std","Chain 4",16,1.56140350877193
"risk_group_std","Chain 4",17,1.57894736842105
"risk_group_std","Chain 4",18,1.54385964912281
"risk_group_std","Chain 4",19,1.51754385964912
"risk_group_std","Chain 4",20,1.48245614035088
"risk_group_std","Chain 5",1,1.78947368421053
"risk_group_std","Chain 5",2,1.7280701754386
"risk_group_std","Chain 5",3,1.69298245614035
"risk_group_std","Chain 5",4,1.68421052631579
"risk_group_std","Chain 5",5,1.64912280701754
"risk_group_std","Chain 5",6,1.71052631578947
"risk_group_std","Chain 5",7,1.7280701754386
"risk_group_std","Chain 5",8,1.64912280701754
"risk_group_std","Chain 5",9,1.63157894736842
"risk_group_std","Chain 5",10,1.62280701754386
"risk_group_std","Chain 5",11,1.6140350877193
"risk_group_std","Chain 5",12,1.62280701754386
"risk_group_std","Chain 5",13,1.60526315789474
"risk_group_std","Chain 5",14,1.64035087719298
"risk_group_std","Chain 5",15,1.59649122807018
"risk_group_std","Chain 5",16,1.57017543859649
"risk_group_std","Chain 5",17,1.57894736842105
"risk_group_std","Chain 5",18,1.55263157894737
"risk_group_std","Chain 5",19,1.51754385964912
"risk_group_std","Chain 5",20,1.50877192982456
"risk_group_std","Chain 6",1,1.85087719298246
"risk_group_std","Chain 6",2,1.85964912280702
"risk_group_std","Chain 6",3,1.85087719298246
"risk_group_std","Chain 6",4,1.82456140350877
"risk_group_std","Chain 6",5,1.78070175438596
"risk_group_std","Chain 6",6,1.80701754385965
"risk_group_std","Chain 6",7,1.78947368421053
"risk_group_std","Chain 6",8,1.76315789473684
"risk_group_std","Chain 6",9,1.73684210526316
"risk_group_std","Chain 6",10,1.79824561403509
"risk_group_std","Chain 6",11,1.70175438596491
"risk_group_std","Chain 6",12,1.70175438596491
"risk_group_std","Chain 6",13,1.64035087719298
"risk_group_std","Chain 6",14,1.56140350877193
"risk_group_std","Chain 6",15,1.54385964912281
"risk_group_std","Chain 6",16,1.51754385964912
"risk_group_std","Chain 6",17,1.54385964912281
"risk_group_std","Chain 6",18,1.54385964912281
"risk_group_std","Chain 6",19,1.56140350877193
"risk_group_std","Chain 6",20,1.56140350877193
"risk_group_std","Chain 7",1,1.78947368421053
"risk_group_std","Chain 7",2,1.75438596491228
"risk_group_std","Chain 7",3,1.76315789473684
"risk_group_std","Chain 7",4,1.74561403508772
"risk_group_std","Chain 7",5,1.71052631578947
"risk_group_std","Chain 7",6,1.7280701754386
"risk_group_std","Chain 7",7,1.73684210526316
"risk_group_std","Chain 7",8,1.6140350877193
"risk_group_std","Chain 7",9,1.64035087719298
"risk_group_std","Chain 7",10,1.57017543859649
"risk_group_std","Chain 7",11,1.62280701754386
"risk_group_std","Chain 7",12,1.6140350877193
"risk_group_std","Chain 7",13,1.57017543859649
"risk_group_std","Chain 7",14,1.65789473684211
"risk_group_std","Chain 7",15,1.65789473684211
"risk_group_std","Chain 7",16,1.59649122807018
"risk_group_std","Chain 7",17,1.64035087719298
"risk_group_std","Chain 7",18,1.5
"risk_group_std","Chain 7",19,1.5
"risk_group_std","Chain 7",20,1.52631578947368
"risk_group_std","Chain 8",1,1.75438596491228
"risk_group_std","Chain 8",2,1.75438596491228
"risk_group_std","Chain 8",3,1.73684210526316
"risk_group_std","Chain 8",4,1.71929824561404
"risk_group_std","Chain 8",5,1.7280701754386
"risk_group_std","Chain 8",6,1.7280701754386
"risk_group_std","Chain 8",7,1.68421052631579
"risk_group_std","Chain 8",8,1.65789473684211
"risk_group_std","Chain 8",9,1.6140350877193
"risk_group_std","Chain 8",10,1.56140350877193
"risk_group_std","Chain 8",11,1.57017543859649
"risk_group_std","Chain 8",12,1.57017543859649
"risk_group_std","Chain 8",13,1.57894736842105
"risk_group_std","Chain 8",14,1.53508771929825
"risk_group_std","Chain 8",15,1.52631578947368
"risk_group_std","Chain 8",16,1.47368421052632
"risk_group_std","Chain 8",17,1.52631578947368
"risk_group_std","Chain 8",18,1.49122807017544
"risk_group_std","Chain 8",19,1.47368421052632
"risk_group_std","Chain 8",20,1.43859649122807
"risk_group_std","Chain 9",1,1.85964912280702
"risk_group_std","Chain 9",2,1.90350877192982
"risk_group_std","Chain 9",3,1.84210526315789
"risk_group_std","Chain 9",4,1.73684210526316
"risk_group_std","Chain 9",5,1.73684210526316
"risk_group_std","Chain 9",6,1.70175438596491
"risk_group_std","Chain 9",7,1.65789473684211
"risk_group_std","Chain 9",8,1.62280701754386
"risk_group_std","Chain 9",9,1.50877192982456
"risk_group_std","Chain 9",10,1.45614035087719
"risk_group_std","Chain 9",11,1.44736842105263
"risk_group_std","Chain 9",12,1.46491228070175
"risk_group_std","Chain 9",13,1.5
"risk_group_std","Chain 9",14,1.45614035087719
"risk_group_std","Chain 9",15,1.43859649122807
"risk_group_std","Chain 9",16,1.42982456140351
"risk_group_std","Chain 9",17,1.42105263157895
"risk_group_std","Chain 9",18,1.49122807017544
"risk_group_std","Chain 9",19,1.42105263157895
"risk_group_std","Chain 9",20,1.36842105263158
"risk_group_std","Chain 10",1,1.79824561403509
"risk_group_std","Chain 10",2,1.79824561403509
"risk_group_std","Chain 10",3,1.80701754385965
"risk_group_std","Chain 10",4,1.76315789473684
"risk_group_std","Chain 10",5,1.74561403508772
"risk_group_std","Chain 10",6,1.70175438596491
"risk_group_std","Chain 10",7,1.69298245614035
"risk_group_std","Chain 10",8,1.70175438596491
"risk_group_std","Chain 10",9,1.65789473684211
"risk_group_std","Chain 10",10,1.62280701754386
"risk_group_std","Chain 10",11,1.64035087719298
"risk_group_std","Chain 10",12,1.6140350877193
"risk_group_std","Chain 10",13,1.62280701754386
"risk_group_std","Chain 10",14,1.60526315789474
"risk_group_std","Chain 10",15,1.57017543859649
"risk_group_std","Chain 10",16,1.55263157894737
"risk_group_std","Chain 10",17,1.55263157894737
"risk_group_std","Chain 10",18,1.57017543859649
"risk_group_std","Chain 10",19,1.5
"risk_group_std","Chain 10",20,1.49122807017544
"risk_group_std","Chain 11",1,1.86842105263158
"risk_group_std","Chain 11",2,1.86842105263158
"risk_group_std","Chain 11",3,1.85964912280702
"risk_group_std","Chain 11",4,1.82456140350877
"risk_group_std","Chain 11",5,1.78947368421053
"risk_group_std","Chain 11",6,1.75438596491228
"risk_group_std","Chain 11",7,1.67543859649123
"risk_group_std","Chain 11",8,1.63157894736842
"risk_group_std","Chain 11",9,1.57894736842105
"risk_group_std","Chain 11",10,1.6140350877193
"risk_group_std","Chain 11",11,1.6140350877193
"risk_group_std","Chain 11",12,1.53508771929825
"risk_group_std","Chain 11",13,1.50877192982456
"risk_group_std","Chain 11",14,1.59649122807018
"risk_group_std","Chain 11",15,1.55263157894737
"risk_group_std","Chain 11",16,1.52631578947368
"risk_group_std","Chain 11",17,1.42105263157895
"risk_group_std","Chain 11",18,1.42982456140351
"risk_group_std","Chain 11",19,1.40350877192982
"risk_group_std","Chain 11",20,1.35087719298246
"risk_group_std","Chain 12",1,1.84210526315789
"risk_group_std","Chain 12",2,1.84210526315789
"risk_group_std","Chain 12",3,1.80701754385965
"risk_group_std","Chain 12",4,1.67543859649123
"risk_group_std","Chain 12",5,1.66666666666667
"risk_group_std","Chain 12",6,1.62280701754386
"risk_group_std","Chain 12",7,1.60526315789474
"risk_group_std","Chain 12",8,1.66666666666667
"risk_group_std","Chain 12",9,1.64912280701754
"risk_group_std","Chain 12",10,1.6140350877193
"risk_group_std","Chain 12",11,1.63157894736842
"risk_group_std","Chain 12",12,1.63157894736842
"risk_group_std","Chain 12",13,1.62280701754386
"risk_group_std","Chain 12",14,1.52631578947368
"risk_group_std","Chain 12",15,1.5
"risk_group_std","Chain 12",16,1.5
"risk_group_std","Chain 12",17,1.5
"risk_group_std","Chain 12",18,1.46491228070175
"risk_group_std","Chain 12",19,1.43859649122807
"risk_group_std","Chain 12",20,1.40350877192982
"risk_group_std","Chain 13",1,1.87719298245614
"risk_group_std","Chain 13",2,1.80701754385965
"risk_group_std","Chain 13",3,1.85087719298246
"risk_group_std","Chain 13",4,1.78070175438596
"risk_group_std","Chain 13",5,1.7280701754386
"risk_group_std","Chain 13",6,1.66666666666667
"risk_group_std","Chain 13",7,1.62280701754386
"risk_group_std","Chain 13",8,1.58771929824561
"risk_group_std","Chain 13",9,1.6140350877193
"risk_group_std","Chain 13",10,1.66666666666667
"risk_group_std","Chain 13",11,1.62280701754386
"risk_group_std","Chain 13",12,1.60526315789474
"risk_group_std","Chain 13",13,1.5
"risk_group_std","Chain 13",14,1.50877192982456
"risk_group_std","Chain 13",15,1.52631578947368
"risk_group_std","Chain 13",16,1.57017543859649
"risk_group_std","Chain 13",17,1.49122807017544
"risk_group_std","Chain 13",18,1.49122807017544
"risk_group_std","Chain 13",19,1.49122807017544
"risk_group_std","Chain 13",20,1.47368421052632
"risk_group_std","Chain 14",1,1.84210526315789
"risk_group_std","Chain 14",2,1.78947368421053
"risk_group_std","Chain 14",3,1.79824561403509
"risk_group_std","Chain 14",4,1.75438596491228
"risk_group_std","Chain 14",5,1.78947368421053
"risk_group_std","Chain 14",6,1.7280701754386
"risk_group_std","Chain 14",7,1.74561403508772
"risk_group_std","Chain 14",8,1.78947368421053
"risk_group_std","Chain 14",9,1.67543859649123
"risk_group_std","Chain 14",10,1.65789473684211
"risk_group_std","Chain 14",11,1.63157894736842
"risk_group_std","Chain 14",12,1.60526315789474
"risk_group_std","Chain 14",13,1.57017543859649
"risk_group_std","Chain 14",14,1.57017543859649
"risk_group_std","Chain 14",15,1.54385964912281
"risk_group_std","Chain 14",16,1.54385964912281
"risk_group_std","Chain 14",17,1.53508771929825
"risk_group_std","Chain 14",18,1.54385964912281
"risk_group_std","Chain 14",19,1.69298245614035
"risk_group_std","Chain 14",20,1.6140350877193
"risk_group_std","Chain 15",1,1.84210526315789
"risk_group_std","Chain 15",2,1.81578947368421
"risk_group_std","Chain 15",3,1.7719298245614
"risk_group_std","Chain 15",4,1.7719298245614
"risk_group_std","Chain 15",5,1.64912280701754
"risk_group_std","Chain 15",6,1.63157894736842
"risk_group_std","Chain 15",7,1.58771929824561
"risk_group_std","Chain 15",8,1.55263157894737
"risk_group_std","Chain 15",9,1.54385964912281
"risk_group_std","Chain 15",10,1.49122807017544
"risk_group_std","Chain 15",11,1.47368421052632
"risk_group_std","Chain 15",12,1.53508771929825
"risk_group_std","Chain 15",13,1.45614035087719
"risk_group_std","Chain 15",14,1.41228070175439
"risk_group_std","Chain 15",15,1.44736842105263
"risk_group_std","Chain 15",16,1.42982456140351
"risk_group_std","Chain 15",17,1.41228070175439
"risk_group_std","Chain 15",18,1.3859649122807
"risk_group_std","Chain 15",19,1.37719298245614
"risk_group_std","Chain 15",20,1.37719298245614
"risk_group_std","Chain 16",1,1.89473684210526
"risk_group_std","Chain 16",2,1.78947368421053
"risk_group_std","Chain 16",3,1.78070175438596
"risk_group_std","Chain 16",4,1.7280701754386
"risk_group_std","Chain 16",5,1.65789473684211
"risk_group_std","Chain 16",6,1.7280701754386
"risk_group_std","Chain 16",7,1.75438596491228
"risk_group_std","Chain 16",8,1.7280701754386
"risk_group_std","Chain 16",9,1.71052631578947
"risk_group_std","Chain 16",10,1.71929824561404
"risk_group_std","Chain 16",11,1.67543859649123
"risk_group_std","Chain 16",12,1.65789473684211
"risk_group_std","Chain 16",13,1.68421052631579
"risk_group_std","Chain 16",14,1.63157894736842
"risk_group_std","Chain 16",15,1.64912280701754
"risk_group_std","Chain 16",16,1.6140350877193
"risk_group_std","Chain 16",17,1.62280701754386
"risk_group_std","Chain 16",18,1.58771929824561
"risk_group_std","Chain 16",19,1.56140350877193
"risk_group_std","Chain 16",20,1.57894736842105
"risk_group_std","Chain 17",1,1.8859649122807
"risk_group_std","Chain 17",2,1.8859649122807
"risk_group_std","Chain 17",3,1.7719298245614
"risk_group_std","Chain 17",4,1.71929824561404
"risk_group_std","Chain 17",5,1.71929824561404
"risk_group_std","Chain 17",6,1.71929824561404
"risk_group_std","Chain 17",7,1.69298245614035
"risk_group_std","Chain 17",8,1.63157894736842
"risk_group_std","Chain 17",9,1.65789473684211
"risk_group_std","Chain 17",10,1.66666666666667
"risk_group_std","Chain 17",11,1.64912280701754
"risk_group_std","Chain 17",12,1.63157894736842
"risk_group_std","Chain 17",13,1.6140350877193
"risk_group_std","Chain 17",14,1.54385964912281
"risk_group_std","Chain 17",15,1.5
"risk_group_std","Chain 17",16,1.54385964912281
"risk_group_std","Chain 17",17,1.51754385964912
"risk_group_std","Chain 17",18,1.55263157894737
"risk_group_std","Chain 17",19,1.57017543859649
"risk_group_std","Chain 17",20,1.50877192982456
"risk_group_std","Chain 18",1,1.85087719298246
"risk_group_std","Chain 18",2,1.85087719298246
"risk_group_std","Chain 18",3,1.84210526315789
"risk_group_std","Chain 18",4,1.7719298245614
"risk_group_std","Chain 18",5,1.68421052631579
"risk_group_std","Chain 18",6,1.65789473684211
"risk_group_std","Chain 18",7,1.69298245614035
"risk_group_std","Chain 18",8,1.65789473684211
"risk_group_std","Chain 18",9,1.6140350877193
"risk_group_std","Chain 18",10,1.63157894736842
"risk_group_std","Chain 18",11,1.59649122807018
"risk_group_std","Chain 18",12,1.59649122807018
"risk_group_std","Chain 18",13,1.52631578947368
"risk_group_std","Chain 18",14,1.48245614035088
"risk_group_std","Chain 18",15,1.50877192982456
"risk_group_std","Chain 18",16,1.49122807017544
"risk_group_std","Chain 18",17,1.52631578947368
"risk_group_std","Chain 18",18,1.47368421052632
"risk_group_std","Chain 18",19,1.46491228070175
"risk_group_std","Chain 18",20,1.42982456140351
"risk_group_std","Chain 19",1,1.64912280701754
"risk_group_std","Chain 19",2,1.60526315789474
"risk_group_std","Chain 19",3,1.62280701754386
"risk_group_std","Chain 19",4,1.60526315789474
"risk_group_std","Chain 19",5,1.60526315789474
"risk_group_std","Chain 19",6,1.52631578947368
"risk_group_std","Chain 19",7,1.51754385964912
"risk_group_std","Chain 19",8,1.50877192982456
"risk_group_std","Chain 19",9,1.57894736842105
"risk_group_std","Chain 19",10,1.56140350877193
"risk_group_std","Chain 19",11,1.49122807017544
"risk_group_std","Chain 19",12,1.57017543859649
"risk_group_std","Chain 19",13,1.54385964912281
"risk_group_std","Chain 19",14,1.50877192982456
"risk_group_std","Chain 19",15,1.42105263157895
"risk_group_std","Chain 19",16,1.39473684210526
"risk_group_std","Chain 19",17,1.42982456140351
"risk_group_std","Chain 19",18,1.46491228070175
"risk_group_std","Chain 19",19,1.43859649122807
"risk_group_std","Chain 19",20,1.41228070175439
"risk_group_std","Chain 20",1,1.94736842105263
"risk_group_std","Chain 20",2,1.84210526315789
"risk_group_std","Chain 20",3,1.80701754385965
"risk_group_std","Chain 20",4,1.82456140350877
"risk_group_std","Chain 20",5,1.74561403508772
"risk_group_std","Chain 20",6,1.78070175438596
"risk_group_std","Chain 20",7,1.73684210526316
"risk_group_std","Chain 20",8,1.71929824561404
"risk_group_std","Chain 20",9,1.71052631578947
"risk_group_std","Chain 20",10,1.71052631578947
"risk_group_std","Chain 20",11,1.65789473684211
"risk_group_std","Chain 20",12,1.68421052631579
"risk_group_std","Chain 20",13,1.59649122807018
"risk_group_std","Chain 20",14,1.58771929824561
"risk_group_std","Chain 20",15,1.56140350877193
"risk_group_std","Chain 20",16,1.57017543859649
"risk_group_std","Chain 20",17,1.46491228070175
"risk_group_std","Chain 20",18,1.43859649122807
"risk_group_std","Chain 20",19,1.42982456140351
"risk_group_std","Chain 20",20,1.45614035087719
"risk_group_std","Chain 21",1,1.85087719298246
"risk_group_std","Chain 21",2,1.84210526315789
"risk_group_std","Chain 21",3,1.78070175438596
"risk_group_std","Chain 21",4,1.69298245614035
"risk_group_std","Chain 21",5,1.7280701754386
"risk_group_std","Chain 21",6,1.64912280701754
"risk_group_std","Chain 21",7,1.60526315789474
"risk_group_std","Chain 21",8,1.57894736842105
"risk_group_std","Chain 21",9,1.60526315789474
"risk_group_std","Chain 21",10,1.57894736842105
"risk_group_std","Chain 21",11,1.55263157894737
"risk_group_std","Chain 21",12,1.59649122807018
"risk_group_std","Chain 21",13,1.53508771929825
"risk_group_std","Chain 21",14,1.5
"risk_group_std","Chain 21",15,1.42982456140351
"risk_group_std","Chain 21",16,1.42982456140351
"risk_group_std","Chain 21",17,1.34210526315789
"risk_group_std","Chain 21",18,1.35964912280702
"risk_group_std","Chain 21",19,1.35964912280702
"risk_group_std","Chain 21",20,1.33333333333333
"risk_group_std","Chain 22",1,1.8859649122807
"risk_group_std","Chain 22",2,1.87719298245614
"risk_group_std","Chain 22",3,1.83333333333333
"risk_group_std","Chain 22",4,1.83333333333333
"risk_group_std","Chain 22",5,1.85087719298246
"risk_group_std","Chain 22",6,1.78947368421053
"risk_group_std","Chain 22",7,1.71052631578947
"risk_group_std","Chain 22",8,1.63157894736842
"risk_group_std","Chain 22",9,1.63157894736842
"risk_group_std","Chain 22",10,1.60526315789474
"risk_group_std","Chain 22",11,1.59649122807018
"risk_group_std","Chain 22",12,1.6140350877193
"risk_group_std","Chain 22",13,1.59649122807018
"risk_group_std","Chain 22",14,1.57017543859649
"risk_group_std","Chain 22",15,1.54385964912281
"risk_group_std","Chain 22",16,1.56140350877193
"risk_group_std","Chain 22",17,1.51754385964912
"risk_group_std","Chain 22",18,1.5
"risk_group_std","Chain 22",19,1.47368421052632
"risk_group_std","Chain 22",20,1.5
"risk_group_std","Chain 23",1,1.7719298245614
"risk_group_std","Chain 23",2,1.75438596491228
"risk_group_std","Chain 23",3,1.70175438596491
"risk_group_std","Chain 23",4,1.68421052631579
"risk_group_std","Chain 23",5,1.65789473684211
"risk_group_std","Chain 23",6,1.65789473684211
"risk_group_std","Chain 23",7,1.67543859649123
"risk_group_std","Chain 23",8,1.60526315789474
"risk_group_std","Chain 23",9,1.52631578947368
"risk_group_std","Chain 23",10,1.49122807017544
"risk_group_std","Chain 23",11,1.48245614035088
"risk_group_std","Chain 23",12,1.47368421052632
"risk_group_std","Chain 23",13,1.42105263157895
"risk_group_std","Chain 23",14,1.44736842105263
"risk_group_std","Chain 23",15,1.43859649122807
"risk_group_std","Chain 23",16,1.42982456140351
"risk_group_std","Chain 23",17,1.39473684210526
"risk_group_std","Chain 23",18,1.35087719298246
"risk_group_std","Chain 23",19,1.34210526315789
"risk_group_std","Chain 23",20,1.36842105263158
"risk_group_std","Chain 24",1,1.74561403508772
"risk_group_std","Chain 24",2,1.73684210526316
"risk_group_std","Chain 24",3,1.7719298245614
"risk_group_std","Chain 24",4,1.71052631578947
"risk_group_std","Chain 24",5,1.63157894736842
"risk_group_std","Chain 24",6,1.65789473684211
"risk_group_std","Chain 24",7,1.65789473684211
"risk_group_std","Chain 24",8,1.60526315789474
"risk_group_std","Chain 24",9,1.59649122807018
"risk_group_std","Chain 24",10,1.52631578947368
"risk_group_std","Chain 24",11,1.48245614035088
"risk_group_std","Chain 24",12,1.52631578947368
"risk_group_std","Chain 24",13,1.50877192982456
"risk_group_std","Chain 24",14,1.5
"risk_group_std","Chain 24",15,1.49122807017544
"risk_group_std","Chain 24",16,1.47368421052632
"risk_group_std","Chain 24",17,1.50877192982456
"risk_group_std","Chain 24",18,1.49122807017544
"risk_group_std","Chain 24",19,1.53508771929825
"risk_group_std","Chain 24",20,1.51754385964912
"risk_group_std","Chain 25",1,1.78070175438596
"risk_group_std","Chain 25",2,1.7280701754386
"risk_group_std","Chain 25",3,1.65789473684211
"risk_group_std","Chain 25",4,1.69298245614035
"risk_group_std","Chain 25",5,1.65789473684211
"risk_group_std","Chain 25",6,1.62280701754386
"risk_group_std","Chain 25",7,1.59649122807018
"risk_group_std","Chain 25",8,1.60526315789474
"risk_group_std","Chain 25",9,1.59649122807018
"risk_group_std","Chain 25",10,1.52631578947368
"risk_group_std","Chain 25",11,1.52631578947368
"risk_group_std","Chain 25",12,1.52631578947368
"risk_group_std","Chain 25",13,1.5
"risk_group_std","Chain 25",14,1.49122807017544
"risk_group_std","Chain 25",15,1.42982456140351
"risk_group_std","Chain 25",16,1.3859649122807
"risk_group_std","Chain 25",17,1.41228070175439
"risk_group_std","Chain 25",18,1.41228070175439
"risk_group_std","Chain 25",19,1.42105263157895
"risk_group_std","Chain 25",20,1.44736842105263
"risk_group_std","Chain 26",1,1.85964912280702
"risk_group_std","Chain 26",2,1.82456140350877
"risk_group_std","Chain 26",3,1.82456140350877
"risk_group_std","Chain 26",4,1.85964912280702
"risk_group_std","Chain 26",5,1.86842105263158
"risk_group_std","Chain 26",6,1.79824561403509
"risk_group_std","Chain 26",7,1.78947368421053
"risk_group_std","Chain 26",8,1.68421052631579
"risk_group_std","Chain 26",9,1.63157894736842
"risk_group_std","Chain 26",10,1.62280701754386
"risk_group_std","Chain 26",11,1.58771929824561
"risk_group_std","Chain 26",12,1.52631578947368
"risk_group_std","Chain 26",13,1.50877192982456
"risk_group_std","Chain 26",14,1.52631578947368
"risk_group_std","Chain 26",15,1.50877192982456
"risk_group_std","Chain 26",16,1.5
"risk_group_std","Chain 26",17,1.5
"risk_group_std","Chain 26",18,1.48245614035088
"risk_group_std","Chain 26",19,1.45614035087719
"risk_group_std","Chain 26",20,1.44736842105263
"risk_group_std","Chain 27",1,1.79824561403509
"risk_group_std","Chain 27",2,1.84210526315789
"risk_group_std","Chain 27",3,1.79824561403509
"risk_group_std","Chain 27",4,1.74561403508772
"risk_group_std","Chain 27",5,1.74561403508772
"risk_group_std","Chain 27",6,1.7719298245614
"risk_group_std","Chain 27",7,1.71929824561404
"risk_group_std","Chain 27",8,1.69298245614035
"risk_group_std","Chain 27",9,1.64912280701754
"risk_group_std","Chain 27",10,1.69298245614035
"risk_group_std","Chain 27",11,1.57017543859649
"risk_group_std","Chain 27",12,1.55263157894737
"risk_group_std","Chain 27",13,1.56140350877193
"risk_group_std","Chain 27",14,1.53508771929825
"risk_group_std","Chain 27",15,1.56140350877193
"risk_group_std","Chain 27",16,1.50877192982456
"risk_group_std","Chain 27",17,1.52631578947368
"risk_group_std","Chain 27",18,1.5
"risk_group_std","Chain 27",19,1.5
"risk_group_std","Chain 27",20,1.50877192982456
"risk_group_std","Chain 28",1,1.83333333333333
"risk_group_std","Chain 28",2,1.80701754385965
"risk_group_std","Chain 28",3,1.73684210526316
"risk_group_std","Chain 28",4,1.71052631578947
"risk_group_std","Chain 28",5,1.71929824561404
"risk_group_std","Chain 28",6,1.67543859649123
"risk_group_std","Chain 28",7,1.66666666666667
"risk_group_std","Chain 28",8,1.67543859649123
"risk_group_std","Chain 28",9,1.6140350877193
"risk_group_std","Chain 28",10,1.57017543859649
"risk_group_std","Chain 28",11,1.59649122807018
"risk_group_std","Chain 28",12,1.54385964912281
"risk_group_std","Chain 28",13,1.54385964912281
"risk_group_std","Chain 28",14,1.51754385964912
"risk_group_std","Chain 28",15,1.55263157894737
"risk_group_std","Chain 28",16,1.54385964912281
"risk_group_std","Chain 28",17,1.46491228070175
"risk_group_std","Chain 28",18,1.45614035087719
"risk_group_std","Chain 28",19,1.44736842105263
"risk_group_std","Chain 28",20,1.46491228070175
"risk_group_std","Chain 29",1,1.83333333333333
"risk_group_std","Chain 29",2,1.84210526315789
"risk_group_std","Chain 29",3,1.71052631578947
"risk_group_std","Chain 29",4,1.65789473684211
"risk_group_std","Chain 29",5,1.68421052631579
"risk_group_std","Chain 29",6,1.6140350877193
"risk_group_std","Chain 29",7,1.60526315789474
"risk_group_std","Chain 29",8,1.58771929824561
"risk_group_std","Chain 29",9,1.56140350877193
"risk_group_std","Chain 29",10,1.5
"risk_group_std","Chain 29",11,1.54385964912281
"risk_group_std","Chain 29",12,1.53508771929825
"risk_group_std","Chain 29",13,1.52631578947368
"risk_group_std","Chain 29",14,1.53508771929825
"risk_group_std","Chain 29",15,1.48245614035088
"risk_group_std","Chain 29",16,1.46491228070175
"risk_group_std","Chain 29",17,1.46491228070175
"risk_group_std","Chain 29",18,1.5
"risk_group_std","Chain 29",19,1.45614035087719
"risk_group_std","Chain 29",20,1.46491228070175
"risk_group_std","Chain 30",1,1.78947368421053
"risk_group_std","Chain 30",2,1.78947368421053
"risk_group_std","Chain 30",3,1.78070175438596
"risk_group_std","Chain 30",4,1.71052631578947
"risk_group_std","Chain 30",5,1.69298245614035
"risk_group_std","Chain 30",6,1.66666666666667
"risk_group_std","Chain 30",7,1.60526315789474
"risk_group_std","Chain 30",8,1.57894736842105
"risk_group_std","Chain 30",9,1.64035087719298
"risk_group_std","Chain 30",10,1.66666666666667
"risk_group_std","Chain 30",11,1.64912280701754
"risk_group_std","Chain 30",12,1.57894736842105
"risk_group_std","Chain 30",13,1.49122807017544
"risk_group_std","Chain 30",14,1.52631578947368
"risk_group_std","Chain 30",15,1.55263157894737
"risk_group_std","Chain 30",16,1.53508771929825
"risk_group_std","Chain 30",17,1.51754385964912
"risk_group_std","Chain 30",18,1.5
"risk_group_std","Chain 30",19,1.47368421052632
"risk_group_std","Chain 30",20,1.45614035087719
"flt3_itd_std","Chain 1",1,1.14666666666667
"flt3_itd_std","Chain 1",2,1.14666666666667
"flt3_itd_std","Chain 1",3,1.16
"flt3_itd_std","Chain 1",4,1.16
"flt3_itd_std","Chain 1",5,1.09333333333333
"flt3_itd_std","Chain 1",6,1.10666666666667
"flt3_itd_std","Chain 1",7,1.12
"flt3_itd_std","Chain 1",8,1.14666666666667
"flt3_itd_std","Chain 1",9,1.16
"flt3_itd_std","Chain 1",10,1.12
"flt3_itd_std","Chain 1",11,1.12
"flt3_itd_std","Chain 1",12,1.14666666666667
"flt3_itd_std","Chain 1",13,1.17333333333333
"flt3_itd_std","Chain 1",14,1.21333333333333
"flt3_itd_std","Chain 1",15,1.17333333333333
"flt3_itd_std","Chain 1",16,1.09333333333333
"flt3_itd_std","Chain 1",17,1.12
"flt3_itd_std","Chain 1",18,1.09333333333333
"flt3_itd_std","Chain 1",19,1.14666666666667
"flt3_itd_std","Chain 1",20,1.14666666666667
"flt3_itd_std","Chain 2",1,1.12
"flt3_itd_std","Chain 2",2,1.09333333333333
"flt3_itd_std","Chain 2",3,1.09333333333333
"flt3_itd_std","Chain 2",4,1.05333333333333
"flt3_itd_std","Chain 2",5,1.10666666666667
"flt3_itd_std","Chain 2",6,1.12
"flt3_itd_std","Chain 2",7,1.12
"flt3_itd_std","Chain 2",8,1.18666666666667
"flt3_itd_std","Chain 2",9,1.10666666666667
"flt3_itd_std","Chain 2",10,1.12
"flt3_itd_std","Chain 2",11,1.05333333333333
"flt3_itd_std","Chain 2",12,1.10666666666667
"flt3_itd_std","Chain 2",13,1.17333333333333
"flt3_itd_std","Chain 2",14,1.10666666666667
"flt3_itd_std","Chain 2",15,1.13333333333333
"flt3_itd_std","Chain 2",16,1.14666666666667
"flt3_itd_std","Chain 2",17,1.12
"flt3_itd_std","Chain 2",18,1.13333333333333
"flt3_itd_std","Chain 2",19,1.18666666666667
"flt3_itd_std","Chain 2",20,1.14666666666667
"flt3_itd_std","Chain 3",1,1.09333333333333
"flt3_itd_std","Chain 3",2,1.09333333333333
"flt3_itd_std","Chain 3",3,1.12
"flt3_itd_std","Chain 3",4,1.12
"flt3_itd_std","Chain 3",5,1.10666666666667
"flt3_itd_std","Chain 3",6,1.12
"flt3_itd_std","Chain 3",7,1.14666666666667
"flt3_itd_std","Chain 3",8,1.13333333333333
"flt3_itd_std","Chain 3",9,1.17333333333333
"flt3_itd_std","Chain 3",10,1.12
"flt3_itd_std","Chain 3",11,1.10666666666667
"flt3_itd_std","Chain 3",12,1.17333333333333
"flt3_itd_std","Chain 3",13,1.16
"flt3_itd_std","Chain 3",14,1.2
"flt3_itd_std","Chain 3",15,1.17333333333333
"flt3_itd_std","Chain 3",16,1.2
"flt3_itd_std","Chain 3",17,1.14666666666667
"flt3_itd_std","Chain 3",18,1.13333333333333
"flt3_itd_std","Chain 3",19,1.09333333333333
"flt3_itd_std","Chain 3",20,1.13333333333333
"flt3_itd_std","Chain 4",1,1.09333333333333
"flt3_itd_std","Chain 4",2,1.17333333333333
"flt3_itd_std","Chain 4",3,1.12
"flt3_itd_std","Chain 4",4,1.18666666666667
"flt3_itd_std","Chain 4",5,1.14666666666667
"flt3_itd_std","Chain 4",6,1.14666666666667
"flt3_itd_std","Chain 4",7,1.16
"flt3_itd_std","Chain 4",8,1.14666666666667
"flt3_itd_std","Chain 4",9,1.18666666666667
"flt3_itd_std","Chain 4",10,1.16
"flt3_itd_std","Chain 4",11,1.16
"flt3_itd_std","Chain 4",12,1.17333333333333
"flt3_itd_std","Chain 4",13,1.21333333333333
"flt3_itd_std","Chain 4",14,1.14666666666667
"flt3_itd_std","Chain 4",15,1.16
"flt3_itd_std","Chain 4",16,1.14666666666667
"flt3_itd_std","Chain 4",17,1.10666666666667
"flt3_itd_std","Chain 4",18,1.08
"flt3_itd_std","Chain 4",19,1.12
"flt3_itd_std","Chain 4",20,1.16
"flt3_itd_std","Chain 5",1,1.14666666666667
"flt3_itd_std","Chain 5",2,1.08
"flt3_itd_std","Chain 5",3,1.08
"flt3_itd_std","Chain 5",4,1.09333333333333
"flt3_itd_std","Chain 5",5,1.08
"flt3_itd_std","Chain 5",6,1.14666666666667
"flt3_itd_std","Chain 5",7,1.17333333333333
"flt3_itd_std","Chain 5",8,1.14666666666667
"flt3_itd_std","Chain 5",9,1.13333333333333
"flt3_itd_std","Chain 5",10,1.18666666666667
"flt3_itd_std","Chain 5",11,1.13333333333333
"flt3_itd_std","Chain 5",12,1.13333333333333
"flt3_itd_std","Chain 5",13,1.25333333333333
"flt3_itd_std","Chain 5",14,1.13333333333333
"flt3_itd_std","Chain 5",15,1.12
"flt3_itd_std","Chain 5",16,1.08
"flt3_itd_std","Chain 5",17,1.12
"flt3_itd_std","Chain 5",18,1.08
"flt3_itd_std","Chain 5",19,1.09333333333333
"flt3_itd_std","Chain 5",20,1.2
"flt3_itd_std","Chain 6",1,1.16
"flt3_itd_std","Chain 6",2,1.16
"flt3_itd_std","Chain 6",3,1.13333333333333
"flt3_itd_std","Chain 6",4,1.10666666666667
"flt3_itd_std","Chain 6",5,1.2
"flt3_itd_std","Chain 6",6,1.10666666666667
"flt3_itd_std","Chain 6",7,1.14666666666667
"flt3_itd_std","Chain 6",8,1.12
"flt3_itd_std","Chain 6",9,1.18666666666667
"flt3_itd_std","Chain 6",10,1.16
"flt3_itd_std","Chain 6",11,1.14666666666667
"flt3_itd_std","Chain 6",12,1.14666666666667
"flt3_itd_std","Chain 6",13,1.17333333333333
"flt3_itd_std","Chain 6",14,1.2
"flt3_itd_std","Chain 6",15,1.17333333333333
"flt3_itd_std","Chain 6",16,1.16
"flt3_itd_std","Chain 6",17,1.16
"flt3_itd_std","Chain 6",18,1.13333333333333
"flt3_itd_std","Chain 6",19,1.16
"flt3_itd_std","Chain 6",20,1.2
"flt3_itd_std","Chain 7",1,1.08
"flt3_itd_std","Chain 7",2,1.09333333333333
"flt3_itd_std","Chain 7",3,1.09333333333333
"flt3_itd_std","Chain 7",4,1.14666666666667
"flt3_itd_std","Chain 7",5,1.13333333333333
"flt3_itd_std","Chain 7",6,1.10666666666667
"flt3_itd_std","Chain 7",7,1.09333333333333
"flt3_itd_std","Chain 7",8,1.13333333333333
"flt3_itd_std","Chain 7",9,1.13333333333333
"flt3_itd_std","Chain 7",10,1.13333333333333
"flt3_itd_std","Chain 7",11,1.18666666666667
"flt3_itd_std","Chain 7",12,1.12
"flt3_itd_std","Chain 7",13,1.13333333333333
"flt3_itd_std","Chain 7",14,1.17333333333333
"flt3_itd_std","Chain 7",15,1.13333333333333
"flt3_itd_std","Chain 7",16,1.17333333333333
"flt3_itd_std","Chain 7",17,1.17333333333333
"flt3_itd_std","Chain 7",18,1.12
"flt3_itd_std","Chain 7",19,1.13333333333333
"flt3_itd_std","Chain 7",20,1.08
"flt3_itd_std","Chain 8",1,1.14666666666667
"flt3_itd_std","Chain 8",2,1.21333333333333
"flt3_itd_std","Chain 8",3,1.16
"flt3_itd_std","Chain 8",4,1.09333333333333
"flt3_itd_std","Chain 8",5,1.16
"flt3_itd_std","Chain 8",6,1.16
"flt3_itd_std","Chain 8",7,1.14666666666667
"flt3_itd_std","Chain 8",8,1.16
"flt3_itd_std","Chain 8",9,1.18666666666667
"flt3_itd_std","Chain 8",10,1.17333333333333
"flt3_itd_std","Chain 8",11,1.10666666666667
"flt3_itd_std","Chain 8",12,1.16
"flt3_itd_std","Chain 8",13,1.12
"flt3_itd_std","Chain 8",14,1.14666666666667
"flt3_itd_std","Chain 8",15,1.13333333333333
"flt3_itd_std","Chain 8",16,1.21333333333333
"flt3_itd_std","Chain 8",17,1.13333333333333
"flt3_itd_std","Chain 8",18,1.13333333333333
"flt3_itd_std","Chain 8",19,1.10666666666667
"flt3_itd_std","Chain 8",20,1.06666666666667
"flt3_itd_std","Chain 9",1,1.14666666666667
"flt3_itd_std","Chain 9",2,1.17333333333333
"flt3_itd_std","Chain 9",3,1.17333333333333
"flt3_itd_std","Chain 9",4,1.22666666666667
"flt3_itd_std","Chain 9",5,1.17333333333333
"flt3_itd_std","Chain 9",6,1.13333333333333
"flt3_itd_std","Chain 9",7,1.12
"flt3_itd_std","Chain 9",8,1.17333333333333
"flt3_itd_std","Chain 9",9,1.17333333333333
"flt3_itd_std","Chain 9",10,1.14666666666667
"flt3_itd_std","Chain 9",11,1.14666666666667
"flt3_itd_std","Chain 9",12,1.2
"flt3_itd_std","Chain 9",13,1.16
"flt3_itd_std","Chain 9",14,1.14666666666667
"flt3_itd_std","Chain 9",15,1.10666666666667
"flt3_itd_std","Chain 9",16,1.16
"flt3_itd_std","Chain 9",17,1.22666666666667
"flt3_itd_std","Chain 9",18,1.16
"flt3_itd_std","Chain 9",19,1.17333333333333
"flt3_itd_std","Chain 9",20,1.13333333333333
"flt3_itd_std","Chain 10",1,1.17333333333333
"flt3_itd_std","Chain 10",2,1.2
"flt3_itd_std","Chain 10",3,1.18666666666667
"flt3_itd_std","Chain 10",4,1.16
"flt3_itd_std","Chain 10",5,1.18666666666667
"flt3_itd_std","Chain 10",6,1.14666666666667
"flt3_itd_std","Chain 10",7,1.21333333333333
"flt3_itd_std","Chain 10",8,1.17333333333333
"flt3_itd_std","Chain 10",9,1.17333333333333
"flt3_itd_std","Chain 10",10,1.18666666666667
"flt3_itd_std","Chain 10",11,1.10666666666667
"flt3_itd_std","Chain 10",12,1.16
"flt3_itd_std","Chain 10",13,1.17333333333333
"flt3_itd_std","Chain 10",14,1.25333333333333
"flt3_itd_std","Chain 10",15,1.13333333333333
"flt3_itd_std","Chain 10",16,1.16
"flt3_itd_std","Chain 10",17,1.10666666666667
"flt3_itd_std","Chain 10",18,1.16
"flt3_itd_std","Chain 10",19,1.16
"flt3_itd_std","Chain 10",20,1.14666666666667
"flt3_itd_std","Chain 11",1,1.10666666666667
"flt3_itd_std","Chain 11",2,1.18666666666667
"flt3_itd_std","Chain 11",3,1.18666666666667
"flt3_itd_std","Chain 11",4,1.12
"flt3_itd_std","Chain 11",5,1.16
"flt3_itd_std","Chain 11",6,1.16
"flt3_itd_std","Chain 11",7,1.12
"flt3_itd_std","Chain 11",8,1.10666666666667
"flt3_itd_std","Chain 11",9,1.12
"flt3_itd_std","Chain 11",10,1.13333333333333
"flt3_itd_std","Chain 11",11,1.16
"flt3_itd_std","Chain 11",12,1.09333333333333
"flt3_itd_std","Chain 11",13,1.10666666666667
"flt3_itd_std","Chain 11",14,1.14666666666667
"flt3_itd_std","Chain 11",15,1.12
"flt3_itd_std","Chain 11",16,1.08
"flt3_itd_std","Chain 11",17,1.04
"flt3_itd_std","Chain 11",18,1.08
"flt3_itd_std","Chain 11",19,1.05333333333333
"flt3_itd_std","Chain 11",20,1.05333333333333
"flt3_itd_std","Chain 12",1,1.10666666666667
"flt3_itd_std","Chain 12",2,1.12
"flt3_itd_std","Chain 12",3,1.12
"flt3_itd_std","Chain 12",4,1.13333333333333
"flt3_itd_std","Chain 12",5,1.13333333333333
"flt3_itd_std","Chain 12",6,1.05333333333333
"flt3_itd_std","Chain 12",7,1.09333333333333
"flt3_itd_std","Chain 12",8,1.10666666666667
"flt3_itd_std","Chain 12",9,1.06666666666667
"flt3_itd_std","Chain 12",10,1.12
"flt3_itd_std","Chain 12",11,1.17333333333333
"flt3_itd_std","Chain 12",12,1.14666666666667
"flt3_itd_std","Chain 12",13,1.13333333333333
"flt3_itd_std","Chain 12",14,1.16
"flt3_itd_std","Chain 12",15,1.12
"flt3_itd_std","Chain 12",16,1.06666666666667
"flt3_itd_std","Chain 12",17,1.08
"flt3_itd_std","Chain 12",18,1.08
"flt3_itd_std","Chain 12",19,1.04
"flt3_itd_std","Chain 12",20,1.09333333333333
"flt3_itd_std","Chain 13",1,1.09333333333333
"flt3_itd_std","Chain 13",2,1.17333333333333
"flt3_itd_std","Chain 13",3,1.18666666666667
"flt3_itd_std","Chain 13",4,1.18666666666667
"flt3_itd_std","Chain 13",5,1.10666666666667
"flt3_itd_std","Chain 13",6,1.09333333333333
"flt3_itd_std","Chain 13",7,1.13333333333333
"flt3_itd_std","Chain 13",8,1.10666666666667
"flt3_itd_std","Chain 13",9,1.13333333333333
"flt3_itd_std","Chain 13",10,1.14666666666667
"flt3_itd_std","Chain 13",11,1.16
"flt3_itd_std","Chain 13",12,1.13333333333333
"flt3_itd_std","Chain 13",13,1.09333333333333
"flt3_itd_std","Chain 13",14,1.08
"flt3_itd_std","Chain 13",15,1.17333333333333
"flt3_itd_std","Chain 13",16,1.14666666666667
"flt3_itd_std","Chain 13",17,1.08
"flt3_itd_std","Chain 13",18,1.14666666666667
"flt3_itd_std","Chain 13",19,1.13333333333333
"flt3_itd_std","Chain 13",20,1.10666666666667
"flt3_itd_std","Chain 14",1,1.10666666666667
"flt3_itd_std","Chain 14",2,1.10666666666667
"flt3_itd_std","Chain 14",3,1.12
"flt3_itd_std","Chain 14",4,1.12
"flt3_itd_std","Chain 14",5,1.12
"flt3_itd_std","Chain 14",6,1.16
"flt3_itd_std","Chain 14",7,1.2
"flt3_itd_std","Chain 14",8,1.18666666666667
"flt3_itd_std","Chain 14",9,1.17333333333333
"flt3_itd_std","Chain 14",10,1.18666666666667
"flt3_itd_std","Chain 14",11,1.10666666666667
"flt3_itd_std","Chain 14",12,1.14666666666667
"flt3_itd_std","Chain 14",13,1.2
"flt3_itd_std","Chain 14",14,1.16
"flt3_itd_std","Chain 14",15,1.2
"flt3_itd_std","Chain 14",16,1.12
"flt3_itd_std","Chain 14",17,1.14666666666667
"flt3_itd_std","Chain 14",18,1.17333333333333
"flt3_itd_std","Chain 14",19,1.17333333333333
"flt3_itd_std","Chain 14",20,1.12
"flt3_itd_std","Chain 15",1,1.22666666666667
"flt3_itd_std","Chain 15",2,1.14666666666667
"flt3_itd_std","Chain 15",3,1.09333333333333
"flt3_itd_std","Chain 15",4,1.09333333333333
"flt3_itd_std","Chain 15",5,1.12
"flt3_itd_std","Chain 15",6,1.10666666666667
"flt3_itd_std","Chain 15",7,1.13333333333333
"flt3_itd_std","Chain 15",8,1.09333333333333
"flt3_itd_std","Chain 15",9,1.08
"flt3_itd_std","Chain 15",10,1.02666666666667
"flt3_itd_std","Chain 15",11,1.10666666666667
"flt3_itd_std","Chain 15",12,1.13333333333333
"flt3_itd_std","Chain 15",13,1.12
"flt3_itd_std","Chain 15",14,1.12
"flt3_itd_std","Chain 15",15,1.13333333333333
"flt3_itd_std","Chain 15",16,1.14666666666667
"flt3_itd_std","Chain 15",17,1.17333333333333
"flt3_itd_std","Chain 15",18,1.16
"flt3_itd_std","Chain 15",19,1.12
"flt3_itd_std","Chain 15",20,1.09333333333333
"flt3_itd_std","Chain 16",1,1.10666666666667
"flt3_itd_std","Chain 16",2,1.12
"flt3_itd_std","Chain 16",3,1.14666666666667
"flt3_itd_std","Chain 16",4,1.14666666666667
"flt3_itd_std","Chain 16",5,1.14666666666667
"flt3_itd_std","Chain 16",6,1.2
"flt3_itd_std","Chain 16",7,1.14666666666667
"flt3_itd_std","Chain 16",8,1.14666666666667
"flt3_itd_std","Chain 16",9,1.22666666666667
"flt3_itd_std","Chain 16",10,1.18666666666667
"flt3_itd_std","Chain 16",11,1.10666666666667
"flt3_itd_std","Chain 16",12,1.18666666666667
"flt3_itd_std","Chain 16",13,1.09333333333333
"flt3_itd_std","Chain 16",14,1.12
"flt3_itd_std","Chain 16",15,1.09333333333333
"flt3_itd_std","Chain 16",16,1.12
"flt3_itd_std","Chain 16",17,1.10666666666667
"flt3_itd_std","Chain 16",18,1.14666666666667
"flt3_itd_std","Chain 16",19,1.13333333333333
"flt3_itd_std","Chain 16",20,1.12
"flt3_itd_std","Chain 17",1,1.08
"flt3_itd_std","Chain 17",2,1.12
"flt3_itd_std","Chain 17",3,1.12
"flt3_itd_std","Chain 17",4,1.14666666666667
"flt3_itd_std","Chain 17",5,1.12
"flt3_itd_std","Chain 17",6,1.16
"flt3_itd_std","Chain 17",7,1.10666666666667
"flt3_itd_std","Chain 17",8,1.12
"flt3_itd_std","Chain 17",9,1.12
"flt3_itd_std","Chain 17",10,1.16
"flt3_itd_std","Chain 17",11,1.18666666666667
"flt3_itd_std","Chain 17",12,1.18666666666667
"flt3_itd_std","Chain 17",13,1.13333333333333
"flt3_itd_std","Chain 17",14,1.16
"flt3_itd_std","Chain 17",15,1.10666666666667
"flt3_itd_std","Chain 17",16,1.13333333333333
"flt3_itd_std","Chain 17",17,1.09333333333333
"flt3_itd_std","Chain 17",18,1.16
"flt3_itd_std","Chain 17",19,1.13333333333333
"flt3_itd_std","Chain 17",20,1.12
"flt3_itd_std","Chain 18",1,1.14666666666667
"flt3_itd_std","Chain 18",2,1.12
"flt3_itd_std","Chain 18",3,1.16
"flt3_itd_std","Chain 18",4,1.21333333333333
"flt3_itd_std","Chain 18",5,1.17333333333333
"flt3_itd_std","Chain 18",6,1.16
"flt3_itd_std","Chain 18",7,1.24
"flt3_itd_std","Chain 18",8,1.16
"flt3_itd_std","Chain 18",9,1.14666666666667
"flt3_itd_std","Chain 18",10,1.13333333333333
"flt3_itd_std","Chain 18",11,1.2
"flt3_itd_std","Chain 18",12,1.13333333333333
"flt3_itd_std","Chain 18",13,1.12
"flt3_itd_std","Chain 18",14,1.16
"flt3_itd_std","Chain 18",15,1.12
"flt3_itd_std","Chain 18",16,1.16
"flt3_itd_std","Chain 18",17,1.12
"flt3_itd_std","Chain 18",18,1.18666666666667
"flt3_itd_std","Chain 18",19,1.13333333333333
"flt3_itd_std","Chain 18",20,1.10666666666667
"flt3_itd_std","Chain 19",1,1.09333333333333
"flt3_itd_std","Chain 19",2,1.06666666666667
"flt3_itd_std","Chain 19",3,1.12
"flt3_itd_std","Chain 19",4,1.10666666666667
"flt3_itd_std","Chain 19",5,1.12
"flt3_itd_std","Chain 19",6,1.09333333333333
"flt3_itd_std","Chain 19",7,1.17333333333333
"flt3_itd_std","Chain 19",8,1.10666666666667
"flt3_itd_std","Chain 19",9,1.13333333333333
"flt3_itd_std","Chain 19",10,1.08
"flt3_itd_std","Chain 19",11,1.18666666666667
"flt3_itd_std","Chain 19",12,1.16
"flt3_itd_std","Chain 19",13,1.14666666666667
"flt3_itd_std","Chain 19",14,1.14666666666667
"flt3_itd_std","Chain 19",15,1.10666666666667
"flt3_itd_std","Chain 19",16,1.08
"flt3_itd_std","Chain 19",17,1.10666666666667
"flt3_itd_std","Chain 19",18,1.14666666666667
"flt3_itd_std","Chain 19",19,1.16
"flt3_itd_std","Chain 19",20,1.12
"flt3_itd_std","Chain 20",1,1.18666666666667
"flt3_itd_std","Chain 20",2,1.14666666666667
"flt3_itd_std","Chain 20",3,1.18666666666667
"flt3_itd_std","Chain 20",4,1.24
"flt3_itd_std","Chain 20",5,1.17333333333333
"flt3_itd_std","Chain 20",6,1.17333333333333
"flt3_itd_std","Chain 20",7,1.21333333333333
"flt3_itd_std","Chain 20",8,1.2
"flt3_itd_std","Chain 20",9,1.17333333333333
"flt3_itd_std","Chain 20",10,1.14666666666667
"flt3_itd_std","Chain 20",11,1.17333333333333
"flt3_itd_std","Chain 20",12,1.13333333333333
"flt3_itd_std","Chain 20",13,1.14666666666667
"flt3_itd_std","Chain 20",14,1.09333333333333
"flt3_itd_std","Chain 20",15,1.14666666666667
"flt3_itd_std","Chain 20",16,1.21333333333333
"flt3_itd_std","Chain 20",17,1.12
"flt3_itd_std","Chain 20",18,1.09333333333333
"flt3_itd_std","Chain 20",19,1.16
"flt3_itd_std","Chain 20",20,1.12
"flt3_itd_std","Chain 21",1,1.14666666666667
"flt3_itd_std","Chain 21",2,1.12
"flt3_itd_std","Chain 21",3,1.13333333333333
"flt3_itd_std","Chain 21",4,1.10666666666667
"flt3_itd_std","Chain 21",5,1.14666666666667
"flt3_itd_std","Chain 21",6,1.17333333333333
"flt3_itd_std","Chain 21",7,1.16
"flt3_itd_std","Chain 21",8,1.13333333333333
"flt3_itd_std","Chain 21",9,1.12
"flt3_itd_std","Chain 21",10,1.12
"flt3_itd_std","Chain 21",11,1.13333333333333
"flt3_itd_std","Chain 21",12,1.14666666666667
"flt3_itd_std","Chain 21",13,1.12
"flt3_itd_std","Chain 21",14,1.13333333333333
"flt3_itd_std","Chain 21",15,1.13333333333333
"flt3_itd_std","Chain 21",16,1.17333333333333
"flt3_itd_std","Chain 21",17,1.12
"flt3_itd_std","Chain 21",18,1.13333333333333
"flt3_itd_std","Chain 21",19,1.09333333333333
"flt3_itd_std","Chain 21",20,1.04
"flt3_itd_std","Chain 22",1,1.10666666666667
"flt3_itd_std","Chain 22",2,1.12
"flt3_itd_std","Chain 22",3,1.2
"flt3_itd_std","Chain 22",4,1.21333333333333
"flt3_itd_std","Chain 22",5,1.25333333333333
"flt3_itd_std","Chain 22",6,1.2
"flt3_itd_std","Chain 22",7,1.13333333333333
"flt3_itd_std","Chain 22",8,1.12
"flt3_itd_std","Chain 22",9,1.14666666666667
"flt3_itd_std","Chain 22",10,1.17333333333333
"flt3_itd_std","Chain 22",11,1.16
"flt3_itd_std","Chain 22",12,1.17333333333333
"flt3_itd_std","Chain 22",13,1.14666666666667
"flt3_itd_std","Chain 22",14,1.16
"flt3_itd_std","Chain 22",15,1.18666666666667
"flt3_itd_std","Chain 22",16,1.14666666666667
"flt3_itd_std","Chain 22",17,1.17333333333333
"flt3_itd_std","Chain 22",18,1.14666666666667
"flt3_itd_std","Chain 22",19,1.14666666666667
"flt3_itd_std","Chain 22",20,1.10666666666667
"flt3_itd_std","Chain 23",1,1.14666666666667
"flt3_itd_std","Chain 23",2,1.13333333333333
"flt3_itd_std","Chain 23",3,1.10666666666667
"flt3_itd_std","Chain 23",4,1.08
"flt3_itd_std","Chain 23",5,1.12
"flt3_itd_std","Chain 23",6,1.09333333333333
"flt3_itd_std","Chain 23",7,1.14666666666667
"flt3_itd_std","Chain 23",8,1.2
"flt3_itd_std","Chain 23",9,1.18666666666667
"flt3_itd_std","Chain 23",10,1.12
"flt3_itd_std","Chain 23",11,1.10666666666667
"flt3_itd_std","Chain 23",12,1.05333333333333
"flt3_itd_std","Chain 23",13,1.09333333333333
"flt3_itd_std","Chain 23",14,1.12
"flt3_itd_std","Chain 23",15,1.13333333333333
"flt3_itd_std","Chain 23",16,1.12
"flt3_itd_std","Chain 23",17,1.12
"flt3_itd_std","Chain 23",18,1.16
"flt3_itd_std","Chain 23",19,1.10666666666667
"flt3_itd_std","Chain 23",20,1.12
"flt3_itd_std","Chain 24",1,1.14666666666667
"flt3_itd_std","Chain 24",2,1.10666666666667
"flt3_itd_std","Chain 24",3,1.22666666666667
"flt3_itd_std","Chain 24",4,1.17333333333333
"flt3_itd_std","Chain 24",5,1.17333333333333
"flt3_itd_std","Chain 24",6,1.26666666666667
"flt3_itd_std","Chain 24",7,1.22666666666667
"flt3_itd_std","Chain 24",8,1.18666666666667
"flt3_itd_std","Chain 24",9,1.12
"flt3_itd_std","Chain 24",10,1.10666666666667
"flt3_itd_std","Chain 24",11,1.12
"flt3_itd_std","Chain 24",12,1.12
"flt3_itd_std","Chain 24",13,1.12
"flt3_itd_std","Chain 24",14,1.12
"flt3_itd_std","Chain 24",15,1.13333333333333
"flt3_itd_std","Chain 24",16,1.13333333333333
"flt3_itd_std","Chain 24",17,1.16
"flt3_itd_std","Chain 24",18,1.16
"flt3_itd_std","Chain 24",19,1.2
"flt3_itd_std","Chain 24",20,1.24
"flt3_itd_std","Chain 25",1,1.16
"flt3_itd_std","Chain 25",2,1.13333333333333
"flt3_itd_std","Chain 25",3,1.13333333333333
"flt3_itd_std","Chain 25",4,1.12
"flt3_itd_std","Chain 25",5,1.18666666666667
"flt3_itd_std","Chain 25",6,1.12
"flt3_itd_std","Chain 25",7,1.14666666666667
"flt3_itd_std","Chain 25",8,1.13333333333333
"flt3_itd_std","Chain 25",9,1.09333333333333
"flt3_itd_std","Chain 25",10,1.2
"flt3_itd_std","Chain 25",11,1.17333333333333
"flt3_itd_std","Chain 25",12,1.14666666666667
"flt3_itd_std","Chain 25",13,1.16
"flt3_itd_std","Chain 25",14,1.10666666666667
"flt3_itd_std","Chain 25",15,1.08
"flt3_itd_std","Chain 25",16,1.10666666666667
"flt3_itd_std","Chain 25",17,1.08
"flt3_itd_std","Chain 25",18,1.13333333333333
"flt3_itd_std","Chain 25",19,1.08
"flt3_itd_std","Chain 25",20,1.2
"flt3_itd_std","Chain 26",1,1.2
"flt3_itd_std","Chain 26",2,1.12
"flt3_itd_std","Chain 26",3,1.17333333333333
"flt3_itd_std","Chain 26",4,1.14666666666667
"flt3_itd_std","Chain 26",5,1.25333333333333
"flt3_itd_std","Chain 26",6,1.14666666666667
"flt3_itd_std","Chain 26",7,1.12
"flt3_itd_std","Chain 26",8,1.13333333333333
"flt3_itd_std","Chain 26",9,1.10666666666667
"flt3_itd_std","Chain 26",10,1.14666666666667
"flt3_itd_std","Chain 26",11,1.12
"flt3_itd_std","Chain 26",12,1.09333333333333
"flt3_itd_std","Chain 26",13,1.10666666666667
"flt3_itd_std","Chain 26",14,1.08
"flt3_itd_std","Chain 26",15,1.09333333333333
"flt3_itd_std","Chain 26",16,1.14666666666667
"flt3_itd_std","Chain 26",17,1.09333333333333
"flt3_itd_std","Chain 26",18,1.12
"flt3_itd_std","Chain 26",19,1.12
"flt3_itd_std","Chain 26",20,1.10666666666667
"flt3_itd_std","Chain 27",1,1.16
"flt3_itd_std","Chain 27",2,1.18666666666667
"flt3_itd_std","Chain 27",3,1.14666666666667
"flt3_itd_std","Chain 27",4,1.21333333333333
"flt3_itd_std","Chain 27",5,1.16
"flt3_itd_std","Chain 27",6,1.18666666666667
"flt3_itd_std","Chain 27",7,1.13333333333333
"flt3_itd_std","Chain 27",8,1.2
"flt3_itd_std","Chain 27",9,1.17333333333333
"flt3_itd_std","Chain 27",10,1.13333333333333
"flt3_itd_std","Chain 27",11,1.12
"flt3_itd_std","Chain 27",12,1.06666666666667
"flt3_itd_std","Chain 27",13,1.06666666666667
"flt3_itd_std","Chain 27",14,1.10666666666667
"flt3_itd_std","Chain 27",15,1.09333333333333
"flt3_itd_std","Chain 27",16,1.08
"flt3_itd_std","Chain 27",17,1.08
"flt3_itd_std","Chain 27",18,1.13333333333333
"flt3_itd_std","Chain 27",19,1.16
"flt3_itd_std","Chain 27",20,1.13333333333333
"flt3_itd_std","Chain 28",1,1.14666666666667
"flt3_itd_std","Chain 28",2,1.17333333333333
"flt3_itd_std","Chain 28",3,1.12
"flt3_itd_std","Chain 28",4,1.14666666666667
"flt3_itd_std","Chain 28",5,1.14666666666667
"flt3_itd_std","Chain 28",6,1.16
"flt3_itd_std","Chain 28",7,1.17333333333333
"flt3_itd_std","Chain 28",8,1.16
"flt3_itd_std","Chain 28",9,1.12
"flt3_itd_std","Chain 28",10,1.10666666666667
"flt3_itd_std","Chain 28",11,1.2
"flt3_itd_std","Chain 28",12,1.13333333333333
"flt3_itd_std","Chain 28",13,1.06666666666667
"flt3_itd_std","Chain 28",14,1.13333333333333
"flt3_itd_std","Chain 28",15,1.10666666666667
"flt3_itd_std","Chain 28",16,1.13333333333333
"flt3_itd_std","Chain 28",17,1.18666666666667
"flt3_itd_std","Chain 28",18,1.13333333333333
"flt3_itd_std","Chain 28",19,1.09333333333333
"flt3_itd_std","Chain 28",20,1.08
"flt3_itd_std","Chain 29",1,1.18666666666667
"flt3_itd_std","Chain 29",2,1.14666666666667
"flt3_itd_std","Chain 29",3,1.13333333333333
"flt3_itd_std","Chain 29",4,1.13333333333333
"flt3_itd_std","Chain 29",5,1.14666666666667
"flt3_itd_std","Chain 29",6,1.17333333333333
"flt3_itd_std","Chain 29",7,1.10666666666667
"flt3_itd_std","Chain 29",8,1.09333333333333
"flt3_itd_std","Chain 29",9,1.10666666666667
"flt3_itd_std","Chain 29",10,1.14666666666667
"flt3_itd_std","Chain 29",11,1.17333333333333
"flt3_itd_std","Chain 29",12,1.14666666666667
"flt3_itd_std","Chain 29",13,1.16
"flt3_itd_std","Chain 29",14,1.24
"flt3_itd_std","Chain 29",15,1.2
"flt3_itd_std","Chain 29",16,1.2
"flt3_itd_std","Chain 29",17,1.18666666666667
"flt3_itd_std","Chain 29",18,1.12
"flt3_itd_std","Chain 29",19,1.14666666666667
"flt3_itd_std","Chain 29",20,1.12
"flt3_itd_std","Chain 30",1,1.12
"flt3_itd_std","Chain 30",2,1.10666666666667
"flt3_itd_std","Chain 30",3,1.12
"flt3_itd_std","Chain 30",4,1.09333333333333
"flt3_itd_std","Chain 30",5,1.12
"flt3_itd_std","Chain 30",6,1.12
"flt3_itd_std","Chain 30",7,1.09333333333333
"flt3_itd_std","Chain 30",8,1.09333333333333
"flt3_itd_std","Chain 30",9,1.14666666666667
"flt3_itd_std","Chain 30",10,1.13333333333333
"flt3_itd_std","Chain 30",11,1.14666666666667
"flt3_itd_std","Chain 30",12,1.16
"flt3_itd_std","Chain 30",13,1.05333333333333
"flt3_itd_std","Chain 30",14,1.06666666666667
"flt3_itd_std","Chain 30",15,1.13333333333333
"flt3_itd_std","Chain 30",16,1.16
"flt3_itd_std","Chain 30",17,1.10666666666667
"flt3_itd_std","Chain 30",18,1.08
"flt3_itd_std","Chain 30",19,1.10666666666667
"flt3_itd_std","Chain 30",20,1.09333333333333
"npm_std","Chain 1",1,1.09195402298851
"npm_std","Chain 1",2,1.06896551724138
"npm_std","Chain 1",3,1.06896551724138
"npm_std","Chain 1",4,1.11494252873563
"npm_std","Chain 1",5,1.13793103448276
"npm_std","Chain 1",6,1.13793103448276
"npm_std","Chain 1",7,1.1264367816092
"npm_std","Chain 1",8,1.09195402298851
"npm_std","Chain 1",9,1.10344827586207
"npm_std","Chain 1",10,1.1264367816092
"npm_std","Chain 1",11,1.10344827586207
"npm_std","Chain 1",12,1.16091954022989
"npm_std","Chain 1",13,1.1264367816092
"npm_std","Chain 1",14,1.09195402298851
"npm_std","Chain 1",15,1.10344827586207
"npm_std","Chain 1",16,1.08045977011494
"npm_std","Chain 1",17,1.13793103448276
"npm_std","Chain 1",18,1.13793103448276
"npm_std","Chain 1",19,1.1264367816092
"npm_std","Chain 1",20,1.08045977011494
"npm_std","Chain 2",1,1.04597701149425
"npm_std","Chain 2",2,1.05747126436782
"npm_std","Chain 2",3,1.09195402298851
"npm_std","Chain 2",4,1.11494252873563
"npm_std","Chain 2",5,1.09195402298851
"npm_std","Chain 2",6,1.11494252873563
"npm_std","Chain 2",7,1.13793103448276
"npm_std","Chain 2",8,1.13793103448276
"npm_std","Chain 2",9,1.16091954022989
"npm_std","Chain 2",10,1.1264367816092
"npm_std","Chain 2",11,1.10344827586207
"npm_std","Chain 2",12,1.11494252873563
"npm_std","Chain 2",13,1.1264367816092
"npm_std","Chain 2",14,1.1264367816092
"npm_std","Chain 2",15,1.17241379310345
"npm_std","Chain 2",16,1.13793103448276
"npm_std","Chain 2",17,1.08045977011494
"npm_std","Chain 2",18,1.08045977011494
"npm_std","Chain 2",19,1.13793103448276
"npm_std","Chain 2",20,1.1264367816092
"npm_std","Chain 3",1,1.11494252873563
"npm_std","Chain 3",2,1.19540229885057
"npm_std","Chain 3",3,1.18390804597701
"npm_std","Chain 3",4,1.16091954022989
"npm_std","Chain 3",5,1.18390804597701
"npm_std","Chain 3",6,1.17241379310345
"npm_std","Chain 3",7,1.16091954022989
"npm_std","Chain 3",8,1.18390804597701
"npm_std","Chain 3",9,1.13793103448276
"npm_std","Chain 3",10,1.16091954022989
"npm_std","Chain 3",11,1.16091954022989
"npm_std","Chain 3",12,1.13793103448276
"npm_std","Chain 3",13,1.1264367816092
"npm_std","Chain 3",14,1.10344827586207
"npm_std","Chain 3",15,1.08045977011494
"npm_std","Chain 3",16,1.04597701149425
"npm_std","Chain 3",17,1.05747126436782
"npm_std","Chain 3",18,1.05747126436782
"npm_std","Chain 3",19,1.09195402298851
"npm_std","Chain 3",20,1.09195402298851
"npm_std","Chain 4",1,1.06896551724138
"npm_std","Chain 4",2,1.10344827586207
"npm_std","Chain 4",3,1.08045977011494
"npm_std","Chain 4",4,1.09195402298851
"npm_std","Chain 4",5,1.10344827586207
"npm_std","Chain 4",6,1.16091954022989
"npm_std","Chain 4",7,1.16091954022989
"npm_std","Chain 4",8,1.17241379310345
"npm_std","Chain 4",9,1.14942528735632
"npm_std","Chain 4",10,1.13793103448276
"npm_std","Chain 4",11,1.1264367816092
"npm_std","Chain 4",12,1.1264367816092
"npm_std","Chain 4",13,1.11494252873563
"npm_std","Chain 4",14,1.13793103448276
"npm_std","Chain 4",15,1.06896551724138
"npm_std","Chain 4",16,1.08045977011494
"npm_std","Chain 4",17,1.09195402298851
"npm_std","Chain 4",18,1.09195402298851
"npm_std","Chain 4",19,1.10344827586207
"npm_std","Chain 4",20,1.08045977011494
"npm_std","Chain 5",1,1.05747126436782
"npm_std","Chain 5",2,1.06896551724138
"npm_std","Chain 5",3,1.09195402298851
"npm_std","Chain 5",4,1.09195402298851
"npm_std","Chain 5",5,1.09195402298851
"npm_std","Chain 5",6,1.13793103448276
"npm_std","Chain 5",7,1.14942528735632
"npm_std","Chain 5",8,1.16091954022989
"npm_std","Chain 5",9,1.20689655172414
"npm_std","Chain 5",10,1.16091954022989
"npm_std","Chain 5",11,1.1264367816092
"npm_std","Chain 5",12,1.13793103448276
"npm_std","Chain 5",13,1.10344827586207
"npm_std","Chain 5",14,1.11494252873563
"npm_std","Chain 5",15,1.08045977011494
"npm_std","Chain 5",16,1.09195402298851
"npm_std","Chain 5",17,1.10344827586207
"npm_std","Chain 5",18,1.09195402298851
"npm_std","Chain 5",19,1.1264367816092
"npm_std","Chain 5",20,1.14942528735632
"npm_std","Chain 6",1,1.1264367816092
"npm_std","Chain 6",2,1.17241379310345
"npm_std","Chain 6",3,1.14942528735632
"npm_std","Chain 6",4,1.16091954022989
"npm_std","Chain 6",5,1.17241379310345
"npm_std","Chain 6",6,1.14942528735632
"npm_std","Chain 6",7,1.10344827586207
"npm_std","Chain 6",8,1.13793103448276
"npm_std","Chain 6",9,1.1264367816092
"npm_std","Chain 6",10,1.13793103448276
"npm_std","Chain 6",11,1.11494252873563
"npm_std","Chain 6",12,1.1264367816092
"npm_std","Chain 6",13,1.18390804597701
"npm_std","Chain 6",14,1.14942528735632
"npm_std","Chain 6",15,1.13793103448276
"npm_std","Chain 6",16,1.13793103448276
"npm_std","Chain 6",17,1.13793103448276
"npm_std","Chain 6",18,1.16091954022989
"npm_std","Chain 6",19,1.14942528735632
"npm_std","Chain 6",20,1.1264367816092
"npm_std","Chain 7",1,1.11494252873563
"npm_std","Chain 7",2,1.13793103448276
"npm_std","Chain 7",3,1.13793103448276
"npm_std","Chain 7",4,1.16091954022989
"npm_std","Chain 7",5,1.10344827586207
"npm_std","Chain 7",6,1.13793103448276
"npm_std","Chain 7",7,1.1264367816092
"npm_std","Chain 7",8,1.14942528735632
"npm_std","Chain 7",9,1.16091954022989
"npm_std","Chain 7",10,1.1264367816092
"npm_std","Chain 7",11,1.11494252873563
"npm_std","Chain 7",12,1.10344827586207
"npm_std","Chain 7",13,1.08045977011494
"npm_std","Chain 7",14,1.11494252873563
"npm_std","Chain 7",15,1.06896551724138
"npm_std","Chain 7",16,1.10344827586207
"npm_std","Chain 7",17,1.1264367816092
"npm_std","Chain 7",18,1.1264367816092
"npm_std","Chain 7",19,1.1264367816092
"npm_std","Chain 7",20,1.08045977011494
"npm_std","Chain 8",1,1.11494252873563
"npm_std","Chain 8",2,1.14942528735632
"npm_std","Chain 8",3,1.06896551724138
"npm_std","Chain 8",4,1.11494252873563
"npm_std","Chain 8",5,1.1264367816092
"npm_std","Chain 8",6,1.09195402298851
"npm_std","Chain 8",7,1.1264367816092
"npm_std","Chain 8",8,1.14942528735632
"npm_std","Chain 8",9,1.14942528735632
"npm_std","Chain 8",10,1.10344827586207
"npm_std","Chain 8",11,1.11494252873563
"npm_std","Chain 8",12,1.10344827586207
"npm_std","Chain 8",13,1.10344827586207
"npm_std","Chain 8",14,1.09195402298851
"npm_std","Chain 8",15,1.11494252873563
"npm_std","Chain 8",16,1.17241379310345
"npm_std","Chain 8",17,1.08045977011494
"npm_std","Chain 8",18,1.09195402298851
"npm_std","Chain 8",19,1.09195402298851
"npm_std","Chain 8",20,1.08045977011494
"npm_std","Chain 9",1,1.09195402298851
"npm_std","Chain 9",2,1.06896551724138
"npm_std","Chain 9",3,1.11494252873563
"npm_std","Chain 9",4,1.10344827586207
"npm_std","Chain 9",5,1.09195402298851
"npm_std","Chain 9",6,1.10344827586207
"npm_std","Chain 9",7,1.13793103448276
"npm_std","Chain 9",8,1.13793103448276
"npm_std","Chain 9",9,1.11494252873563
"npm_std","Chain 9",10,1.16091954022989
"npm_std","Chain 9",11,1.14942528735632
"npm_std","Chain 9",12,1.13793103448276
"npm_std","Chain 9",13,1.11494252873563
"npm_std","Chain 9",14,1.16091954022989
"npm_std","Chain 9",15,1.16091954022989
"npm_std","Chain 9",16,1.19540229885057
"npm_std","Chain 9",17,1.17241379310345
"npm_std","Chain 9",18,1.1264367816092
"npm_std","Chain 9",19,1.11494252873563
"npm_std","Chain 9",20,1.10344827586207
"npm_std","Chain 10",1,1.05747126436782
"npm_std","Chain 10",2,1.09195402298851
"npm_std","Chain 10",3,1.09195402298851
"npm_std","Chain 10",4,1.14942528735632
"npm_std","Chain 10",5,1.11494252873563
"npm_std","Chain 10",6,1.10344827586207
"npm_std","Chain 10",7,1.08045977011494
"npm_std","Chain 10",8,1.13793103448276
"npm_std","Chain 10",9,1.1264367816092
"npm_std","Chain 10",10,1.11494252873563
"npm_std","Chain 10",11,1.11494252873563
"npm_std","Chain 10",12,1.09195402298851
"npm_std","Chain 10",13,1.09195402298851
"npm_std","Chain 10",14,1.08045977011494
"npm_std","Chain 10",15,1.09195402298851
"npm_std","Chain 10",16,1.10344827586207
"npm_std","Chain 10",17,1.1264367816092
"npm_std","Chain 10",18,1.13793103448276
"npm_std","Chain 10",19,1.10344827586207
"npm_std","Chain 10",20,1.10344827586207
"npm_std","Chain 11",1,1.09195402298851
"npm_std","Chain 11",2,1.1264367816092
"npm_std","Chain 11",3,1.11494252873563
"npm_std","Chain 11",4,1.11494252873563
"npm_std","Chain 11",5,1.13793103448276
"npm_std","Chain 11",6,1.10344827586207
"npm_std","Chain 11",7,1.09195402298851
"npm_std","Chain 11",8,1.1264367816092
"npm_std","Chain 11",9,1.14942528735632
"npm_std","Chain 11",10,1.11494252873563
"npm_std","Chain 11",11,1.08045977011494
"npm_std","Chain 11",12,1.05747126436782
"npm_std","Chain 11",13,1.08045977011494
"npm_std","Chain 11",14,1.05747126436782
"npm_std","Chain 11",15,1.06896551724138
"npm_std","Chain 11",16,1.06896551724138
"npm_std","Chain 11",17,1.04597701149425
"npm_std","Chain 11",18,1.11494252873563
"npm_std","Chain 11",19,1.10344827586207
"npm_std","Chain 11",20,1.08045977011494
"npm_std","Chain 12",1,1.04597701149425
"npm_std","Chain 12",2,1.03448275862069
"npm_std","Chain 12",3,1.13793103448276
"npm_std","Chain 12",4,1.11494252873563
"npm_std","Chain 12",5,1.13793103448276
"npm_std","Chain 12",6,1.10344827586207
"npm_std","Chain 12",7,1.10344827586207
"npm_std","Chain 12",8,1.05747126436782
"npm_std","Chain 12",9,1.08045977011494
"npm_std","Chain 12",10,1.08045977011494
"npm_std","Chain 12",11,1.13793103448276
"npm_std","Chain 12",12,1.18390804597701
"npm_std","Chain 12",13,1.20689655172414
"npm_std","Chain 12",14,1.16091954022989
"npm_std","Chain 12",15,1.09195402298851
"npm_std","Chain 12",16,1.03448275862069
"npm_std","Chain 12",17,1.04597701149425
"npm_std","Chain 12",18,1.02298850574713
"npm_std","Chain 12",19,1.04597701149425
"npm_std","Chain 12",20,1.03448275862069
"npm_std","Chain 13",1,1.06896551724138
"npm_std","Chain 13",2,1.06896551724138
"npm_std","Chain 13",3,1.09195402298851
"npm_std","Chain 13",4,1.06896551724138
"npm_std","Chain 13",5,1.08045977011494
"npm_std","Chain 13",6,1.06896551724138
"npm_std","Chain 13",7,1.13793103448276
"npm_std","Chain 13",8,1.14942528735632
"npm_std","Chain 13",9,1.1264367816092
"npm_std","Chain 13",10,1.10344827586207
"npm_std","Chain 13",11,1.10344827586207
"npm_std","Chain 13",12,1.16091954022989
"npm_std","Chain 13",13,1.14942528735632
"npm_std","Chain 13",14,1.13793103448276
"npm_std","Chain 13",15,1.13793103448276
"npm_std","Chain 13",16,1.11494252873563
"npm_std","Chain 13",17,1.1264367816092
"npm_std","Chain 13",18,1.11494252873563
"npm_std","Chain 13",19,1.10344827586207
"npm_std","Chain 13",20,1.11494252873563
"npm_std","Chain 14",1,1.06896551724138
"npm_std","Chain 14",2,1.03448275862069
"npm_std","Chain 14",3,1.06896551724138
"npm_std","Chain 14",4,1.05747126436782
"npm_std","Chain 14",5,1.10344827586207
"npm_std","Chain 14",6,1.10344827586207
"npm_std","Chain 14",7,1.13793103448276
"npm_std","Chain 14",8,1.11494252873563
"npm_std","Chain 14",9,1.03448275862069
"npm_std","Chain 14",10,1.05747126436782
"npm_std","Chain 14",11,1.10344827586207
"npm_std","Chain 14",12,1.10344827586207
"npm_std","Chain 14",13,1.08045977011494
"npm_std","Chain 14",14,1.10344827586207
"npm_std","Chain 14",15,1.10344827586207
"npm_std","Chain 14",16,1.10344827586207
"npm_std","Chain 14",17,1.1264367816092
"npm_std","Chain 14",18,1.09195402298851
"npm_std","Chain 14",19,1.08045977011494
"npm_std","Chain 14",20,1.11494252873563
"npm_std","Chain 15",1,1.06896551724138
"npm_std","Chain 15",2,1.08045977011494
"npm_std","Chain 15",3,1.10344827586207
"npm_std","Chain 15",4,1.09195402298851
"npm_std","Chain 15",5,1.05747126436782
"npm_std","Chain 15",6,1.1264367816092
"npm_std","Chain 15",7,1.1264367816092
"npm_std","Chain 15",8,1.1264367816092
"npm_std","Chain 15",9,1.09195402298851
"npm_std","Chain 15",10,1.14942528735632
"npm_std","Chain 15",11,1.11494252873563
"npm_std","Chain 15",12,1.08045977011494
"npm_std","Chain 15",13,1.10344827586207
"npm_std","Chain 15",14,1.1264367816092
"npm_std","Chain 15",15,1.10344827586207
"npm_std","Chain 15",16,1.10344827586207
"npm_std","Chain 15",17,1.09195402298851
"npm_std","Chain 15",18,1.04597701149425
"npm_std","Chain 15",19,1.08045977011494
"npm_std","Chain 15",20,1.09195402298851
"npm_std","Chain 16",1,1.06896551724138
"npm_std","Chain 16",2,1.08045977011494
"npm_std","Chain 16",3,1.08045977011494
"npm_std","Chain 16",4,1.09195402298851
"npm_std","Chain 16",5,1.08045977011494
"npm_std","Chain 16",6,1.10344827586207
"npm_std","Chain 16",7,1.1264367816092
"npm_std","Chain 16",8,1.1264367816092
"npm_std","Chain 16",9,1.10344827586207
"npm_std","Chain 16",10,1.09195402298851
"npm_std","Chain 16",11,1.11494252873563
"npm_std","Chain 16",12,1.09195402298851
"npm_std","Chain 16",13,1.10344827586207
"npm_std","Chain 16",14,1.09195402298851
"npm_std","Chain 16",15,1.1264367816092
"npm_std","Chain 16",16,1.11494252873563
"npm_std","Chain 16",17,1.09195402298851
"npm_std","Chain 16",18,1.13793103448276
"npm_std","Chain 16",19,1.16091954022989
"npm_std","Chain 16",20,1.14942528735632
"npm_std","Chain 17",1,1.06896551724138
"npm_std","Chain 17",2,1.08045977011494
"npm_std","Chain 17",3,1.08045977011494
"npm_std","Chain 17",4,1.09195402298851
"npm_std","Chain 17",5,1.08045977011494
"npm_std","Chain 17",6,1.09195402298851
"npm_std","Chain 17",7,1.09195402298851
"npm_std","Chain 17",8,1.06896551724138
"npm_std","Chain 17",9,1.05747126436782
"npm_std","Chain 17",10,1.10344827586207
"npm_std","Chain 17",11,1.06896551724138
"npm_std","Chain 17",12,1.06896551724138
"npm_std","Chain 17",13,1.1264367816092
"npm_std","Chain 17",14,1.10344827586207
"npm_std","Chain 17",15,1.11494252873563
"npm_std","Chain 17",16,1.1264367816092
"npm_std","Chain 17",17,1.06896551724138
"npm_std","Chain 17",18,1.09195402298851
"npm_std","Chain 17",19,1.09195402298851
"npm_std","Chain 17",20,1.09195402298851
"npm_std","Chain 18",1,1.08045977011494
"npm_std","Chain 18",2,1.06896551724138
"npm_std","Chain 18",3,1.09195402298851
"npm_std","Chain 18",4,1.11494252873563
"npm_std","Chain 18",5,1.10344827586207
"npm_std","Chain 18",6,1.1264367816092
"npm_std","Chain 18",7,1.10344827586207
"npm_std","Chain 18",8,1.10344827586207
"npm_std","Chain 18",9,1.10344827586207
"npm_std","Chain 18",10,1.10344827586207
"npm_std","Chain 18",11,1.10344827586207
"npm_std","Chain 18",12,1.1264367816092
"npm_std","Chain 18",13,1.14942528735632
"npm_std","Chain 18",14,1.1264367816092
"npm_std","Chain 18",15,1.08045977011494
"npm_std","Chain 18",16,1.06896551724138
"npm_std","Chain 18",17,1.05747126436782
"npm_std","Chain 18",18,1.05747126436782
"npm_std","Chain 18",19,1.09195402298851
"npm_std","Chain 18",20,1.10344827586207
"npm_std","Chain 19",1,1.10344827586207
"npm_std","Chain 19",2,1.08045977011494
"npm_std","Chain 19",3,1.09195402298851
"npm_std","Chain 19",4,1.09195402298851
"npm_std","Chain 19",5,1.1264367816092
"npm_std","Chain 19",6,1.16091954022989
"npm_std","Chain 19",7,1.11494252873563
"npm_std","Chain 19",8,1.10344827586207
"npm_std","Chain 19",9,1.09195402298851
"npm_std","Chain 19",10,1.06896551724138
"npm_std","Chain 19",11,1.09195402298851
"npm_std","Chain 19",12,1.08045977011494
"npm_std","Chain 19",13,1.16091954022989
"npm_std","Chain 19",14,1.1264367816092
"npm_std","Chain 19",15,1.09195402298851
"npm_std","Chain 19",16,1.05747126436782
"npm_std","Chain 19",17,1.04597701149425
"npm_std","Chain 19",18,1.10344827586207
"npm_std","Chain 19",19,1.09195402298851
"npm_std","Chain 19",20,1.06896551724138
"npm_std","Chain 20",1,1.09195402298851
"npm_std","Chain 20",2,1.06896551724138
"npm_std","Chain 20",3,1.05747126436782
"npm_std","Chain 20",4,1.09195402298851
"npm_std","Chain 20",5,1.08045977011494
"npm_std","Chain 20",6,1.14942528735632
"npm_std","Chain 20",7,1.14942528735632
"npm_std","Chain 20",8,1.16091954022989
"npm_std","Chain 20",9,1.14942528735632
"npm_std","Chain 20",10,1.13793103448276
"npm_std","Chain 20",11,1.16091954022989
"npm_std","Chain 20",12,1.16091954022989
"npm_std","Chain 20",13,1.16091954022989
"npm_std","Chain 20",14,1.16091954022989
"npm_std","Chain 20",15,1.13793103448276
"npm_std","Chain 20",16,1.13793103448276
"npm_std","Chain 20",17,1.18390804597701
"npm_std","Chain 20",18,1.16091954022989
"npm_std","Chain 20",19,1.13793103448276
"npm_std","Chain 20",20,1.1264367816092
"npm_std","Chain 21",1,1.06896551724138
"npm_std","Chain 21",2,1.08045977011494
"npm_std","Chain 21",3,1.08045977011494
"npm_std","Chain 21",4,1.10344827586207
"npm_std","Chain 21",5,1.13793103448276
"npm_std","Chain 21",6,1.11494252873563
"npm_std","Chain 21",7,1.11494252873563
"npm_std","Chain 21",8,1.11494252873563
"npm_std","Chain 21",9,1.11494252873563
"npm_std","Chain 21",10,1.11494252873563
"npm_std","Chain 21",11,1.1264367816092
"npm_std","Chain 21",12,1.1264367816092
"npm_std","Chain 21",13,1.14942528735632
"npm_std","Chain 21",14,1.16091954022989
"npm_std","Chain 21",15,1.16091954022989
"npm_std","Chain 21",16,1.14942528735632
"npm_std","Chain 21",17,1.1264367816092
"npm_std","Chain 21",18,1.08045977011494
"npm_std","Chain 21",19,1.09195402298851
"npm_std","Chain 21",20,1.10344827586207
"npm_std","Chain 22",1,1.10344827586207
"npm_std","Chain 22",2,1.06896551724138
"npm_std","Chain 22",3,1.03448275862069
"npm_std","Chain 22",4,1.06896551724138
"npm_std","Chain 22",5,1.02298850574713
"npm_std","Chain 22",6,1.14942528735632
"npm_std","Chain 22",7,1.10344827586207
"npm_std","Chain 22",8,1.17241379310345
"npm_std","Chain 22",9,1.13793103448276
"npm_std","Chain 22",10,1.16091954022989
"npm_std","Chain 22",11,1.11494252873563
"npm_std","Chain 22",12,1.04597701149425
"npm_std","Chain 22",13,1.04597701149425
"npm_std","Chain 22",14,1.05747126436782
"npm_std","Chain 22",15,1.05747126436782
"npm_std","Chain 22",16,1.05747126436782
"npm_std","Chain 22",17,1.06896551724138
"npm_std","Chain 22",18,1.08045977011494
"npm_std","Chain 22",19,1.09195402298851
"npm_std","Chain 22",20,1.13793103448276
"npm_std","Chain 23",1,1.10344827586207
"npm_std","Chain 23",2,1.09195402298851
"npm_std","Chain 23",3,1.13793103448276
"npm_std","Chain 23",4,1.10344827586207
"npm_std","Chain 23",5,1.13793103448276
"npm_std","Chain 23",6,1.1264367816092
"npm_std","Chain 23",7,1.17241379310345
"npm_std","Chain 23",8,1.1264367816092
"npm_std","Chain 23",9,1.10344827586207
"npm_std","Chain 23",10,1.06896551724138
"npm_std","Chain 23",11,1.08045977011494
"npm_std","Chain 23",12,1.13793103448276
"npm_std","Chain 23",13,1.16091954022989
"npm_std","Chain 23",14,1.20689655172414
"npm_std","Chain 23",15,1.24137931034483
"npm_std","Chain 23",16,1.22988505747126
"npm_std","Chain 23",17,1.26436781609195
"npm_std","Chain 23",18,1.17241379310345
"npm_std","Chain 23",19,1.20689655172414
"npm_std","Chain 23",20,1.14942528735632
"npm_std","Chain 24",1,1.11494252873563
"npm_std","Chain 24",2,1.13793103448276
"npm_std","Chain 24",3,1.17241379310345
"npm_std","Chain 24",4,1.11494252873563
"npm_std","Chain 24",5,1.08045977011494
"npm_std","Chain 24",6,1.09195402298851
"npm_std","Chain 24",7,1.05747126436782
"npm_std","Chain 24",8,1.06896551724138
"npm_std","Chain 24",9,1.05747126436782
"npm_std","Chain 24",10,1.09195402298851
"npm_std","Chain 24",11,1.14942528735632
"npm_std","Chain 24",12,1.1264367816092
"npm_std","Chain 24",13,1.14942528735632
"npm_std","Chain 24",14,1.17241379310345
"npm_std","Chain 24",15,1.17241379310345
"npm_std","Chain 24",16,1.16091954022989
"npm_std","Chain 24",17,1.16091954022989
"npm_std","Chain 24",18,1.13793103448276
"npm_std","Chain 24",19,1.09195402298851
"npm_std","Chain 24",20,1.09195402298851
"npm_std","Chain 25",1,1.14942528735632
"npm_std","Chain 25",2,1.17241379310345
"npm_std","Chain 25",3,1.16091954022989
"npm_std","Chain 25",4,1.17241379310345
"npm_std","Chain 25",5,1.16091954022989
"npm_std","Chain 25",6,1.19540229885057
"npm_std","Chain 25",7,1.16091954022989
"npm_std","Chain 25",8,1.18390804597701
"npm_std","Chain 25",9,1.19540229885057
"npm_std","Chain 25",10,1.16091954022989
"npm_std","Chain 25",11,1.13793103448276
"npm_std","Chain 25",12,1.10344827586207
"npm_std","Chain 25",13,1.08045977011494
"npm_std","Chain 25",14,1.05747126436782
"npm_std","Chain 25",15,1.09195402298851
"npm_std","Chain 25",16,1.08045977011494
"npm_std","Chain 25",17,1.05747126436782
"npm_std","Chain 25",18,1.09195402298851
"npm_std","Chain 25",19,1.11494252873563
"npm_std","Chain 25",20,1.16091954022989
"npm_std","Chain 26",1,1.06896551724138
"npm_std","Chain 26",2,1.06896551724138
"npm_std","Chain 26",3,1.05747126436782
"npm_std","Chain 26",4,1.03448275862069
"npm_std","Chain 26",5,1.06896551724138
"npm_std","Chain 26",6,1.04597701149425
"npm_std","Chain 26",7,1.05747126436782
"npm_std","Chain 26",8,1.05747126436782
"npm_std","Chain 26",9,1.04597701149425
"npm_std","Chain 26",10,1.05747126436782
"npm_std","Chain 26",11,1.05747126436782
"npm_std","Chain 26",12,1.05747126436782
"npm_std","Chain 26",13,1.06896551724138
"npm_std","Chain 26",14,1.05747126436782
"npm_std","Chain 26",15,1.06896551724138
"npm_std","Chain 26",16,1.06896551724138
"npm_std","Chain 26",17,1.08045977011494
"npm_std","Chain 26",18,1.05747126436782
"npm_std","Chain 26",19,1.06896551724138
"npm_std","Chain 26",20,1.11494252873563
"npm_std","Chain 27",1,1.03448275862069
"npm_std","Chain 27",2,1.02298850574713
"npm_std","Chain 27",3,1.04597701149425
"npm_std","Chain 27",4,1.04597701149425
"npm_std","Chain 27",5,1.05747126436782
"npm_std","Chain 27",6,1.08045977011494
"npm_std","Chain 27",7,1.08045977011494
"npm_std","Chain 27",8,1.10344827586207
"npm_std","Chain 27",9,1.09195402298851
"npm_std","Chain 27",10,1.1264367816092
"npm_std","Chain 27",11,1.13793103448276
"npm_std","Chain 27",12,1.13793103448276
"npm_std","Chain 27",13,1.17241379310345
"npm_std","Chain 27",14,1.19540229885057
"npm_std","Chain 27",15,1.14942528735632
"npm_std","Chain 27",16,1.14942528735632
"npm_std","Chain 27",17,1.18390804597701
"npm_std","Chain 27",18,1.17241379310345
"npm_std","Chain 27",19,1.14942528735632
"npm_std","Chain 27",20,1.20689655172414
"npm_std","Chain 28",1,1.08045977011494
"npm_std","Chain 28",2,1.08045977011494
"npm_std","Chain 28",3,1.08045977011494
"npm_std","Chain 28",4,1.08045977011494
"npm_std","Chain 28",5,1.10344827586207
"npm_std","Chain 28",6,1.10344827586207
"npm_std","Chain 28",7,1.11494252873563
"npm_std","Chain 28",8,1.10344827586207
"npm_std","Chain 28",9,1.11494252873563
"npm_std","Chain 28",10,1.11494252873563
"npm_std","Chain 28",11,1.11494252873563
"npm_std","Chain 28",12,1.11494252873563
"npm_std","Chain 28",13,1.1264367816092
"npm_std","Chain 28",14,1.1264367816092
"npm_std","Chain 28",15,1.14942528735632
"npm_std","Chain 28",16,1.20689655172414
"npm_std","Chain 28",17,1.19540229885057
"npm_std","Chain 28",18,1.2183908045977
"npm_std","Chain 28",19,1.17241379310345
"npm_std","Chain 28",20,1.18390804597701
"npm_std","Chain 29",1,1.09195402298851
"npm_std","Chain 29",2,1.06896551724138
"npm_std","Chain 29",3,1.13793103448276
"npm_std","Chain 29",4,1.1264367816092
"npm_std","Chain 29",5,1.16091954022989
"npm_std","Chain 29",6,1.14942528735632
"npm_std","Chain 29",7,1.13793103448276
"npm_std","Chain 29",8,1.14942528735632
"npm_std","Chain 29",9,1.17241379310345
"npm_std","Chain 29",10,1.17241379310345
"npm_std","Chain 29",11,1.17241379310345
"npm_std","Chain 29",12,1.20689655172414
"npm_std","Chain 29",13,1.2183908045977
"npm_std","Chain 29",14,1.22988505747126
"npm_std","Chain 29",15,1.16091954022989
"npm_std","Chain 29",16,1.16091954022989
"npm_std","Chain 29",17,1.14942528735632
"npm_std","Chain 29",18,1.16091954022989
"npm_std","Chain 29",19,1.13793103448276
"npm_std","Chain 29",20,1.1264367816092
"npm_std","Chain 30",1,1.06896551724138
"npm_std","Chain 30",2,1.03448275862069
"npm_std","Chain 30",3,1.1264367816092
"npm_std","Chain 30",4,1.06896551724138
"npm_std","Chain 30",5,1.08045977011494
"npm_std","Chain 30",6,1.09195402298851
"npm_std","Chain 30",7,1.10344827586207
"npm_std","Chain 30",8,1.09195402298851
"npm_std","Chain 30",9,1.06896551724138
"npm_std","Chain 30",10,1.06896551724138
"npm_std","Chain 30",11,1.11494252873563
"npm_std","Chain 30",12,1.11494252873563
"npm_std","Chain 30",13,1.08045977011494
"npm_std","Chain 30",14,1.11494252873563
"npm_std","Chain 30",15,1.08045977011494
"npm_std","Chain 30",16,1.11494252873563
"npm_std","Chain 30",17,1.1264367816092
"npm_std","Chain 30",18,1.10344827586207
"npm_std","Chain 30",19,1.08045977011494
"npm_std","Chain 30",20,1.09195402298851
"cebpa_std","Chain 1",1,1.07228915662651
"cebpa_std","Chain 1",2,1.07228915662651
"cebpa_std","Chain 1",3,1.09638554216867
"cebpa_std","Chain 1",4,1.09638554216867
"cebpa_std","Chain 1",5,1.10843373493976
"cebpa_std","Chain 1",6,1.13253012048193
"cebpa_std","Chain 1",7,1.1566265060241
"cebpa_std","Chain 1",8,1.18072289156627
"cebpa_std","Chain 1",9,1.19277108433735
"cebpa_std","Chain 1",10,1.19277108433735
"cebpa_std","Chain 1",11,1.18072289156627
"cebpa_std","Chain 1",12,1.2289156626506
"cebpa_std","Chain 1",13,1.2289156626506
"cebpa_std","Chain 1",14,1.19277108433735
"cebpa_std","Chain 1",15,1.16867469879518
"cebpa_std","Chain 1",16,1.18072289156627
"cebpa_std","Chain 1",17,1.18072289156627
"cebpa_std","Chain 1",18,1.18072289156627
"cebpa_std","Chain 1",19,1.1566265060241
"cebpa_std","Chain 1",20,1.16867469879518
"cebpa_std","Chain 2",1,1.02409638554217
"cebpa_std","Chain 2",2,1.04819277108434
"cebpa_std","Chain 2",3,1.03614457831325
"cebpa_std","Chain 2",4,1.06024096385542
"cebpa_std","Chain 2",5,1.06024096385542
"cebpa_std","Chain 2",6,1.08433734939759
"cebpa_std","Chain 2",7,1.10843373493976
"cebpa_std","Chain 2",8,1.09638554216867
"cebpa_std","Chain 2",9,1.07228915662651
"cebpa_std","Chain 2",10,1.07228915662651
"cebpa_std","Chain 2",11,1.07228915662651
"cebpa_std","Chain 2",12,1.06024096385542
"cebpa_std","Chain 2",13,1.08433734939759
"cebpa_std","Chain 2",14,1.09638554216867
"cebpa_std","Chain 2",15,1.14457831325301
"cebpa_std","Chain 2",16,1.10843373493976
"cebpa_std","Chain 2",17,1.12048192771084
"cebpa_std","Chain 2",18,1.12048192771084
"cebpa_std","Chain 2",19,1.12048192771084
"cebpa_std","Chain 2",20,1.14457831325301
"cebpa_std","Chain 3",1,1.07228915662651
"cebpa_std","Chain 3",2,1.04819277108434
"cebpa_std","Chain 3",3,1.04819277108434
"cebpa_std","Chain 3",4,1.10843373493976
"cebpa_std","Chain 3",5,1.07228915662651
"cebpa_std","Chain 3",6,1.07228915662651
"cebpa_std","Chain 3",7,1.03614457831325
"cebpa_std","Chain 3",8,1.06024096385542
"cebpa_std","Chain 3",9,1.04819277108434
"cebpa_std","Chain 3",10,1.06024096385542
"cebpa_std","Chain 3",11,1.07228915662651
"cebpa_std","Chain 3",12,1.13253012048193
"cebpa_std","Chain 3",13,1.12048192771084
"cebpa_std","Chain 3",14,1.09638554216867
"cebpa_std","Chain 3",15,1.12048192771084
"cebpa_std","Chain 3",16,1.12048192771084
"cebpa_std","Chain 3",17,1.16867469879518
"cebpa_std","Chain 3",18,1.16867469879518
"cebpa_std","Chain 3",19,1.12048192771084
"cebpa_std","Chain 3",20,1.12048192771084
"cebpa_std","Chain 4",1,1.02409638554217
"cebpa_std","Chain 4",2,1.01204819277108
"cebpa_std","Chain 4",3,1.04819277108434
"cebpa_std","Chain 4",4,1.07228915662651
"cebpa_std","Chain 4",5,1.13253012048193
"cebpa_std","Chain 4",6,1.10843373493976
"cebpa_std","Chain 4",7,1.10843373493976
"cebpa_std","Chain 4",8,1.10843373493976
"cebpa_std","Chain 4",9,1.12048192771084
"cebpa_std","Chain 4",10,1.13253012048193
"cebpa_std","Chain 4",11,1.14457831325301
"cebpa_std","Chain 4",12,1.16867469879518
"cebpa_std","Chain 4",13,1.14457831325301
"cebpa_std","Chain 4",14,1.12048192771084
"cebpa_std","Chain 4",15,1.12048192771084
"cebpa_std","Chain 4",16,1.09638554216867
"cebpa_std","Chain 4",17,1.12048192771084
"cebpa_std","Chain 4",18,1.14457831325301
"cebpa_std","Chain 4",19,1.18072289156627
"cebpa_std","Chain 4",20,1.1566265060241
"cebpa_std","Chain 5",1,1.06024096385542
"cebpa_std","Chain 5",2,1.08433734939759
"cebpa_std","Chain 5",3,1.08433734939759
"cebpa_std","Chain 5",4,1.09638554216867
"cebpa_std","Chain 5",5,1.08433734939759
"cebpa_std","Chain 5",6,1.06024096385542
"cebpa_std","Chain 5",7,1.09638554216867
"cebpa_std","Chain 5",8,1.09638554216867
"cebpa_std","Chain 5",9,1.06024096385542
"cebpa_std","Chain 5",10,1.10843373493976
"cebpa_std","Chain 5",11,1.10843373493976
"cebpa_std","Chain 5",12,1.18072289156627
"cebpa_std","Chain 5",13,1.20481927710843
"cebpa_std","Chain 5",14,1.19277108433735
"cebpa_std","Chain 5",15,1.2289156626506
"cebpa_std","Chain 5",16,1.16867469879518
"cebpa_std","Chain 5",17,1.20481927710843
"cebpa_std","Chain 5",18,1.1566265060241
"cebpa_std","Chain 5",19,1.18072289156627
"cebpa_std","Chain 5",20,1.13253012048193
"cebpa_std","Chain 6",1,1.07228915662651
"cebpa_std","Chain 6",2,1.04819277108434
"cebpa_std","Chain 6",3,1.04819277108434
"cebpa_std","Chain 6",4,1.04819277108434
"cebpa_std","Chain 6",5,1.06024096385542
"cebpa_std","Chain 6",6,1.09638554216867
"cebpa_std","Chain 6",7,1.12048192771084
"cebpa_std","Chain 6",8,1.10843373493976
"cebpa_std","Chain 6",9,1.13253012048193
"cebpa_std","Chain 6",10,1.10843373493976
"cebpa_std","Chain 6",11,1.12048192771084
"cebpa_std","Chain 6",12,1.13253012048193
"cebpa_std","Chain 6",13,1.18072289156627
"cebpa_std","Chain 6",14,1.18072289156627
"cebpa_std","Chain 6",15,1.21686746987952
"cebpa_std","Chain 6",16,1.20481927710843
"cebpa_std","Chain 6",17,1.21686746987952
"cebpa_std","Chain 6",18,1.21686746987952
"cebpa_std","Chain 6",19,1.2289156626506
"cebpa_std","Chain 6",20,1.21686746987952
"cebpa_std","Chain 7",1,1.02409638554217
"cebpa_std","Chain 7",2,1.04819277108434
"cebpa_std","Chain 7",3,1.08433734939759
"cebpa_std","Chain 7",4,1.10843373493976
"cebpa_std","Chain 7",5,1.08433734939759
"cebpa_std","Chain 7",6,1.04819277108434
"cebpa_std","Chain 7",7,1.02409638554217
"cebpa_std","Chain 7",8,1.02409638554217
"cebpa_std","Chain 7",9,1.02409638554217
"cebpa_std","Chain 7",10,1.04819277108434
"cebpa_std","Chain 7",11,1.09638554216867
"cebpa_std","Chain 7",12,1.10843373493976
"cebpa_std","Chain 7",13,1.12048192771084
"cebpa_std","Chain 7",14,1.13253012048193
"cebpa_std","Chain 7",15,1.13253012048193
"cebpa_std","Chain 7",16,1.1566265060241
"cebpa_std","Chain 7",17,1.16867469879518
"cebpa_std","Chain 7",18,1.16867469879518
"cebpa_std","Chain 7",19,1.16867469879518
"cebpa_std","Chain 7",20,1.16867469879518
"cebpa_std","Chain 8",1,1.04819277108434
"cebpa_std","Chain 8",2,1.09638554216867
"cebpa_std","Chain 8",3,1.12048192771084
"cebpa_std","Chain 8",4,1.10843373493976
"cebpa_std","Chain 8",5,1.12048192771084
"cebpa_std","Chain 8",6,1.12048192771084
"cebpa_std","Chain 8",7,1.19277108433735
"cebpa_std","Chain 8",8,1.18072289156627
"cebpa_std","Chain 8",9,1.16867469879518
"cebpa_std","Chain 8",10,1.1566265060241
"cebpa_std","Chain 8",11,1.14457831325301
"cebpa_std","Chain 8",12,1.16867469879518
"cebpa_std","Chain 8",13,1.21686746987952
"cebpa_std","Chain 8",14,1.21686746987952
"cebpa_std","Chain 8",15,1.21686746987952
"cebpa_std","Chain 8",16,1.24096385542169
"cebpa_std","Chain 8",17,1.21686746987952
"cebpa_std","Chain 8",18,1.18072289156627
"cebpa_std","Chain 8",19,1.2289156626506
"cebpa_std","Chain 8",20,1.2289156626506
"cebpa_std","Chain 9",1,1.07228915662651
"cebpa_std","Chain 9",2,1.07228915662651
"cebpa_std","Chain 9",3,1.07228915662651
"cebpa_std","Chain 9",4,1.12048192771084
"cebpa_std","Chain 9",5,1.13253012048193
"cebpa_std","Chain 9",6,1.10843373493976
"cebpa_std","Chain 9",7,1.13253012048193
"cebpa_std","Chain 9",8,1.20481927710843
"cebpa_std","Chain 9",9,1.18072289156627
"cebpa_std","Chain 9",10,1.16867469879518
"cebpa_std","Chain 9",11,1.16867469879518
"cebpa_std","Chain 9",12,1.16867469879518
"cebpa_std","Chain 9",13,1.1566265060241
"cebpa_std","Chain 9",14,1.13253012048193
"cebpa_std","Chain 9",15,1.16867469879518
"cebpa_std","Chain 9",16,1.16867469879518
"cebpa_std","Chain 9",17,1.18072289156627
"cebpa_std","Chain 9",18,1.18072289156627
"cebpa_std","Chain 9",19,1.16867469879518
"cebpa_std","Chain 9",20,1.18072289156627
"cebpa_std","Chain 10",1,1.06024096385542
"cebpa_std","Chain 10",2,1.08433734939759
"cebpa_std","Chain 10",3,1.12048192771084
"cebpa_std","Chain 10",4,1.19277108433735
"cebpa_std","Chain 10",5,1.18072289156627
"cebpa_std","Chain 10",6,1.16867469879518
"cebpa_std","Chain 10",7,1.16867469879518
"cebpa_std","Chain 10",8,1.13253012048193
"cebpa_std","Chain 10",9,1.13253012048193
"cebpa_std","Chain 10",10,1.13253012048193
"cebpa_std","Chain 10",11,1.16867469879518
"cebpa_std","Chain 10",12,1.18072289156627
"cebpa_std","Chain 10",13,1.19277108433735
"cebpa_std","Chain 10",14,1.14457831325301
"cebpa_std","Chain 10",15,1.18072289156627
"cebpa_std","Chain 10",16,1.14457831325301
"cebpa_std","Chain 10",17,1.13253012048193
"cebpa_std","Chain 10",18,1.13253012048193
"cebpa_std","Chain 10",19,1.13253012048193
"cebpa_std","Chain 10",20,1.12048192771084
"cebpa_std","Chain 11",1,1.04819277108434
"cebpa_std","Chain 11",2,1.07228915662651
"cebpa_std","Chain 11",3,1.07228915662651
"cebpa_std","Chain 11",4,1.06024096385542
"cebpa_std","Chain 11",5,1.07228915662651
"cebpa_std","Chain 11",6,1.10843373493976
"cebpa_std","Chain 11",7,1.13253012048193
"cebpa_std","Chain 11",8,1.13253012048193
"cebpa_std","Chain 11",9,1.14457831325301
"cebpa_std","Chain 11",10,1.16867469879518
"cebpa_std","Chain 11",11,1.13253012048193
"cebpa_std","Chain 11",12,1.13253012048193
"cebpa_std","Chain 11",13,1.14457831325301
"cebpa_std","Chain 11",14,1.14457831325301
"cebpa_std","Chain 11",15,1.13253012048193
"cebpa_std","Chain 11",16,1.13253012048193
"cebpa_std","Chain 11",17,1.13253012048193
"cebpa_std","Chain 11",18,1.19277108433735
"cebpa_std","Chain 11",19,1.19277108433735
"cebpa_std","Chain 11",20,1.13253012048193
"cebpa_std","Chain 12",1,1.04819277108434
"cebpa_std","Chain 12",2,1.04819277108434
"cebpa_std","Chain 12",3,1.07228915662651
"cebpa_std","Chain 12",4,1.13253012048193
"cebpa_std","Chain 12",5,1.09638554216867
"cebpa_std","Chain 12",6,1.09638554216867
"cebpa_std","Chain 12",7,1.14457831325301
"cebpa_std","Chain 12",8,1.13253012048193
"cebpa_std","Chain 12",9,1.10843373493976
"cebpa_std","Chain 12",10,1.14457831325301
"cebpa_std","Chain 12",11,1.16867469879518
"cebpa_std","Chain 12",12,1.14457831325301
"cebpa_std","Chain 12",13,1.18072289156627
"cebpa_std","Chain 12",14,1.1566265060241
"cebpa_std","Chain 12",15,1.18072289156627
"cebpa_std","Chain 12",16,1.18072289156627
"cebpa_std","Chain 12",17,1.19277108433735
"cebpa_std","Chain 12",18,1.20481927710843
"cebpa_std","Chain 12",19,1.21686746987952
"cebpa_std","Chain 12",20,1.21686746987952
"cebpa_std","Chain 13",1,1.02409638554217
"cebpa_std","Chain 13",2,1
"cebpa_std","Chain 13",3,1
"cebpa_std","Chain 13",4,1.01204819277108
"cebpa_std","Chain 13",5,1.01204819277108
"cebpa_std","Chain 13",6,1.01204819277108
"cebpa_std","Chain 13",7,1.02409638554217
"cebpa_std","Chain 13",8,1.04819277108434
"cebpa_std","Chain 13",9,1.08433734939759
"cebpa_std","Chain 13",10,1.09638554216867
"cebpa_std","Chain 13",11,1.09638554216867
"cebpa_std","Chain 13",12,1.07228915662651
"cebpa_std","Chain 13",13,1.08433734939759
"cebpa_std","Chain 13",14,1.10843373493976
"cebpa_std","Chain 13",15,1.07228915662651
"cebpa_std","Chain 13",16,1.08433734939759
"cebpa_std","Chain 13",17,1.06024096385542
"cebpa_std","Chain 13",18,1.08433734939759
"cebpa_std","Chain 13",19,1.06024096385542
"cebpa_std","Chain 13",20,1.04819277108434
"cebpa_std","Chain 14",1,1.04819277108434
"cebpa_std","Chain 14",2,1.06024096385542
"cebpa_std","Chain 14",3,1.04819277108434
"cebpa_std","Chain 14",4,1.06024096385542
"cebpa_std","Chain 14",5,1.04819277108434
"cebpa_std","Chain 14",6,1.09638554216867
"cebpa_std","Chain 14",7,1.10843373493976
"cebpa_std","Chain 14",8,1.1566265060241
"cebpa_std","Chain 14",9,1.14457831325301
"cebpa_std","Chain 14",10,1.14457831325301
"cebpa_std","Chain 14",11,1.13253012048193
"cebpa_std","Chain 14",12,1.13253012048193
"cebpa_std","Chain 14",13,1.14457831325301
"cebpa_std","Chain 14",14,1.14457831325301
"cebpa_std","Chain 14",15,1.09638554216867
"cebpa_std","Chain 14",16,1.09638554216867
"cebpa_std","Chain 14",17,1.09638554216867
"cebpa_std","Chain 14",18,1.14457831325301
"cebpa_std","Chain 14",19,1.12048192771084
"cebpa_std","Chain 14",20,1.14457831325301
"cebpa_std","Chain 15",1,1.01204819277108
"cebpa_std","Chain 15",2,1.02409638554217
"cebpa_std","Chain 15",3,1.02409638554217
"cebpa_std","Chain 15",4,1.03614457831325
"cebpa_std","Chain 15",5,1.01204819277108
"cebpa_std","Chain 15",6,1.02409638554217
"cebpa_std","Chain 15",7,1.06024096385542
"cebpa_std","Chain 15",8,1.06024096385542
"cebpa_std","Chain 15",9,1.08433734939759
"cebpa_std","Chain 15",10,1.06024096385542
"cebpa_std","Chain 15",11,1.03614457831325
"cebpa_std","Chain 15",12,1.03614457831325
"cebpa_std","Chain 15",13,1.04819277108434
"cebpa_std","Chain 15",14,1.04819277108434
"cebpa_std","Chain 15",15,1.07228915662651
"cebpa_std","Chain 15",16,1.07228915662651
"cebpa_std","Chain 15",17,1.07228915662651
"cebpa_std","Chain 15",18,1.09638554216867
"cebpa_std","Chain 15",19,1.09638554216867
"cebpa_std","Chain 15",20,1.18072289156627
"cebpa_std","Chain 16",1,1.03614457831325
"cebpa_std","Chain 16",2,1.03614457831325
"cebpa_std","Chain 16",3,1.06024096385542
"cebpa_std","Chain 16",4,1.06024096385542
"cebpa_std","Chain 16",5,1.06024096385542
"cebpa_std","Chain 16",6,1.08433734939759
"cebpa_std","Chain 16",7,1.07228915662651
"cebpa_std","Chain 16",8,1.09638554216867
"cebpa_std","Chain 16",9,1.08433734939759
"cebpa_std","Chain 16",10,1.08433734939759
"cebpa_std","Chain 16",11,1.08433734939759
"cebpa_std","Chain 16",12,1.12048192771084
"cebpa_std","Chain 16",13,1.10843373493976
"cebpa_std","Chain 16",14,1.14457831325301
"cebpa_std","Chain 16",15,1.13253012048193
"cebpa_std","Chain 16",16,1.13253012048193
"cebpa_std","Chain 16",17,1.13253012048193
"cebpa_std","Chain 16",18,1.10843373493976
"cebpa_std","Chain 16",19,1.10843373493976
"cebpa_std","Chain 16",20,1.10843373493976
"cebpa_std","Chain 17",1,1.03614457831325
"cebpa_std","Chain 17",2,1.16867469879518
"cebpa_std","Chain 17",3,1.20481927710843
"cebpa_std","Chain 17",4,1.2289156626506
"cebpa_std","Chain 17",5,1.21686746987952
"cebpa_std","Chain 17",6,1.20481927710843
"cebpa_std","Chain 17",7,1.20481927710843
"cebpa_std","Chain 17",8,1.20481927710843
"cebpa_std","Chain 17",9,1.2289156626506
"cebpa_std","Chain 17",10,1.20481927710843
"cebpa_std","Chain 17",11,1.2289156626506
"cebpa_std","Chain 17",12,1.26506024096386
"cebpa_std","Chain 17",13,1.28915662650602
"cebpa_std","Chain 17",14,1.24096385542169
"cebpa_std","Chain 17",15,1.2289156626506
"cebpa_std","Chain 17",16,1.20481927710843
"cebpa_std","Chain 17",17,1.20481927710843
"cebpa_std","Chain 17",18,1.20481927710843
"cebpa_std","Chain 17",19,1.20481927710843
"cebpa_std","Chain 17",20,1.20481927710843
"cebpa_std","Chain 18",1,1.03614457831325
"cebpa_std","Chain 18",2,1.08433734939759
"cebpa_std","Chain 18",3,1.08433734939759
"cebpa_std","Chain 18",4,1.08433734939759
"cebpa_std","Chain 18",5,1.09638554216867
"cebpa_std","Chain 18",6,1.13253012048193
"cebpa_std","Chain 18",7,1.14457831325301
"cebpa_std","Chain 18",8,1.18072289156627
"cebpa_std","Chain 18",9,1.21686746987952
"cebpa_std","Chain 18",10,1.20481927710843
"cebpa_std","Chain 18",11,1.16867469879518
"cebpa_std","Chain 18",12,1.16867469879518
"cebpa_std","Chain 18",13,1.19277108433735
"cebpa_std","Chain 18",14,1.2289156626506
"cebpa_std","Chain 18",15,1.18072289156627
"cebpa_std","Chain 18",16,1.16867469879518
"cebpa_std","Chain 18",17,1.14457831325301
"cebpa_std","Chain 18",18,1.12048192771084
"cebpa_std","Chain 18",19,1.1566265060241
"cebpa_std","Chain 18",20,1.14457831325301
"cebpa_std","Chain 19",1,1.08433734939759
"cebpa_std","Chain 19",2,1.09638554216867
"cebpa_std","Chain 19",3,1.13253012048193
"cebpa_std","Chain 19",4,1.13253012048193
"cebpa_std","Chain 19",5,1.1566265060241
"cebpa_std","Chain 19",6,1.10843373493976
"cebpa_std","Chain 19",7,1.10843373493976
"cebpa_std","Chain 19",8,1.14457831325301
"cebpa_std","Chain 19",9,1.14457831325301
"cebpa_std","Chain 19",10,1.10843373493976
"cebpa_std","Chain 19",11,1.08433734939759
"cebpa_std","Chain 19",12,1.08433734939759
"cebpa_std","Chain 19",13,1.07228915662651
"cebpa_std","Chain 19",14,1.12048192771084
"cebpa_std","Chain 19",15,1.14457831325301
"cebpa_std","Chain 19",16,1.14457831325301
"cebpa_std","Chain 19",17,1.1566265060241
"cebpa_std","Chain 19",18,1.16867469879518
"cebpa_std","Chain 19",19,1.19277108433735
"cebpa_std","Chain 19",20,1.20481927710843
"cebpa_std","Chain 20",1,1.03614457831325
"cebpa_std","Chain 20",2,1.09638554216867
"cebpa_std","Chain 20",3,1.12048192771084
"cebpa_std","Chain 20",4,1.08433734939759
"cebpa_std","Chain 20",5,1.09638554216867
"cebpa_std","Chain 20",6,1.08433734939759
"cebpa_std","Chain 20",7,1.10843373493976
"cebpa_std","Chain 20",8,1.12048192771084
"cebpa_std","Chain 20",9,1.10843373493976
"cebpa_std","Chain 20",10,1.09638554216867
"cebpa_std","Chain 20",11,1.07228915662651
"cebpa_std","Chain 20",12,1.09638554216867
"cebpa_std","Chain 20",13,1.10843373493976
"cebpa_std","Chain 20",14,1.12048192771084
"cebpa_std","Chain 20",15,1.12048192771084
"cebpa_std","Chain 20",16,1.10843373493976
"cebpa_std","Chain 20",17,1.12048192771084
"cebpa_std","Chain 20",18,1.12048192771084
"cebpa_std","Chain 20",19,1.12048192771084
"cebpa_std","Chain 20",20,1.13253012048193
"cebpa_std","Chain 21",1,1.08433734939759
"cebpa_std","Chain 21",2,1.13253012048193
"cebpa_std","Chain 21",3,1.13253012048193
"cebpa_std","Chain 21",4,1.14457831325301
"cebpa_std","Chain 21",5,1.1566265060241
"cebpa_std","Chain 21",6,1.16867469879518
"cebpa_std","Chain 21",7,1.13253012048193
"cebpa_std","Chain 21",8,1.13253012048193
"cebpa_std","Chain 21",9,1.13253012048193
"cebpa_std","Chain 21",10,1.14457831325301
"cebpa_std","Chain 21",11,1.13253012048193
"cebpa_std","Chain 21",12,1.13253012048193
"cebpa_std","Chain 21",13,1.13253012048193
"cebpa_std","Chain 21",14,1.12048192771084
"cebpa_std","Chain 21",15,1.14457831325301
"cebpa_std","Chain 21",16,1.21686746987952
"cebpa_std","Chain 21",17,1.19277108433735
"cebpa_std","Chain 21",18,1.21686746987952
"cebpa_std","Chain 21",19,1.21686746987952
"cebpa_std","Chain 21",20,1.21686746987952
"cebpa_std","Chain 22",1,1.04819277108434
"cebpa_std","Chain 22",2,1.07228915662651
"cebpa_std","Chain 22",3,1.10843373493976
"cebpa_std","Chain 22",4,1.16867469879518
"cebpa_std","Chain 22",5,1.10843373493976
"cebpa_std","Chain 22",6,1.16867469879518
"cebpa_std","Chain 22",7,1.20481927710843
"cebpa_std","Chain 22",8,1.18072289156627
"cebpa_std","Chain 22",9,1.18072289156627
"cebpa_std","Chain 22",10,1.19277108433735
"cebpa_std","Chain 22",11,1.20481927710843
"cebpa_std","Chain 22",12,1.24096385542169
"cebpa_std","Chain 22",13,1.24096385542169
"cebpa_std","Chain 22",14,1.2289156626506
"cebpa_std","Chain 22",15,1.20481927710843
"cebpa_std","Chain 22",16,1.19277108433735
"cebpa_std","Chain 22",17,1.18072289156627
"cebpa_std","Chain 22",18,1.18072289156627
"cebpa_std","Chain 22",19,1.18072289156627
"cebpa_std","Chain 22",20,1.19277108433735
"cebpa_std","Chain 23",1,1.04819277108434
"cebpa_std","Chain 23",2,1.07228915662651
"cebpa_std","Chain 23",3,1.06024096385542
"cebpa_std","Chain 23",4,1.09638554216867
"cebpa_std","Chain 23",5,1.09638554216867
"cebpa_std","Chain 23",6,1.09638554216867
"cebpa_std","Chain 23",7,1.09638554216867
"cebpa_std","Chain 23",8,1.08433734939759
"cebpa_std","Chain 23",9,1.10843373493976
"cebpa_std","Chain 23",10,1.1566265060241
"cebpa_std","Chain 23",11,1.1566265060241
"cebpa_std","Chain 23",12,1.13253012048193
"cebpa_std","Chain 23",13,1.1566265060241
"cebpa_std","Chain 23",14,1.14457831325301
"cebpa_std","Chain 23",15,1.12048192771084
"cebpa_std","Chain 23",16,1.12048192771084
"cebpa_std","Chain 23",17,1.19277108433735
"cebpa_std","Chain 23",18,1.20481927710843
"cebpa_std","Chain 23",19,1.21686746987952
"cebpa_std","Chain 23",20,1.19277108433735
"cebpa_std","Chain 24",1,1.04819277108434
"cebpa_std","Chain 24",2,1.06024096385542
"cebpa_std","Chain 24",3,1.09638554216867
"cebpa_std","Chain 24",4,1.16867469879518
"cebpa_std","Chain 24",5,1.18072289156627
"cebpa_std","Chain 24",6,1.18072289156627
"cebpa_std","Chain 24",7,1.1566265060241
"cebpa_std","Chain 24",8,1.1566265060241
"cebpa_std","Chain 24",9,1.18072289156627
"cebpa_std","Chain 24",10,1.1566265060241
"cebpa_std","Chain 24",11,1.10843373493976
"cebpa_std","Chain 24",12,1.13253012048193
"cebpa_std","Chain 24",13,1.14457831325301
"cebpa_std","Chain 24",14,1.12048192771084
"cebpa_std","Chain 24",15,1.14457831325301
"cebpa_std","Chain 24",16,1.13253012048193
"cebpa_std","Chain 24",17,1.14457831325301
"cebpa_std","Chain 24",18,1.1566265060241
"cebpa_std","Chain 24",19,1.1566265060241
"cebpa_std","Chain 24",20,1.10843373493976
"cebpa_std","Chain 25",1,1.03614457831325
"cebpa_std","Chain 25",2,1.10843373493976
"cebpa_std","Chain 25",3,1.10843373493976
"cebpa_std","Chain 25",4,1.12048192771084
"cebpa_std","Chain 25",5,1.14457831325301
"cebpa_std","Chain 25",6,1.13253012048193
"cebpa_std","Chain 25",7,1.16867469879518
"cebpa_std","Chain 25",8,1.1566265060241
"cebpa_std","Chain 25",9,1.13253012048193
"cebpa_std","Chain 25",10,1.14457831325301
"cebpa_std","Chain 25",11,1.14457831325301
"cebpa_std","Chain 25",12,1.20481927710843
"cebpa_std","Chain 25",13,1.20481927710843
"cebpa_std","Chain 25",14,1.21686746987952
"cebpa_std","Chain 25",15,1.24096385542169
"cebpa_std","Chain 25",16,1.24096385542169
"cebpa_std","Chain 25",17,1.16867469879518
"cebpa_std","Chain 25",18,1.16867469879518
"cebpa_std","Chain 25",19,1.12048192771084
"cebpa_std","Chain 25",20,1.10843373493976
"cebpa_std","Chain 26",1,1.01204819277108
"cebpa_std","Chain 26",2,1.01204819277108
"cebpa_std","Chain 26",3,1.01204819277108
"cebpa_std","Chain 26",4,1.06024096385542
"cebpa_std","Chain 26",5,1.07228915662651
"cebpa_std","Chain 26",6,1.06024096385542
"cebpa_std","Chain 26",7,1.08433734939759
"cebpa_std","Chain 26",8,1.10843373493976
"cebpa_std","Chain 26",9,1.13253012048193
"cebpa_std","Chain 26",10,1.10843373493976
"cebpa_std","Chain 26",11,1.19277108433735
"cebpa_std","Chain 26",12,1.16867469879518
"cebpa_std","Chain 26",13,1.19277108433735
"cebpa_std","Chain 26",14,1.14457831325301
"cebpa_std","Chain 26",15,1.14457831325301
"cebpa_std","Chain 26",16,1.14457831325301
"cebpa_std","Chain 26",17,1.16867469879518
"cebpa_std","Chain 26",18,1.18072289156627
"cebpa_std","Chain 26",19,1.14457831325301
"cebpa_std","Chain 26",20,1.14457831325301
"cebpa_std","Chain 27",1,1.04819277108434
"cebpa_std","Chain 27",2,1.08433734939759
"cebpa_std","Chain 27",3,1.10843373493976
"cebpa_std","Chain 27",4,1.08433734939759
"cebpa_std","Chain 27",5,1.12048192771084
"cebpa_std","Chain 27",6,1.14457831325301
"cebpa_std","Chain 27",7,1.13253012048193
"cebpa_std","Chain 27",8,1.14457831325301
"cebpa_std","Chain 27",9,1.16867469879518
"cebpa_std","Chain 27",10,1.16867469879518
"cebpa_std","Chain 27",11,1.1566265060241
"cebpa_std","Chain 27",12,1.14457831325301
"cebpa_std","Chain 27",13,1.1566265060241
"cebpa_std","Chain 27",14,1.12048192771084
"cebpa_std","Chain 27",15,1.13253012048193
"cebpa_std","Chain 27",16,1.13253012048193
"cebpa_std","Chain 27",17,1.14457831325301
"cebpa_std","Chain 27",18,1.18072289156627
"cebpa_std","Chain 27",19,1.1566265060241
"cebpa_std","Chain 27",20,1.1566265060241
"cebpa_std","Chain 28",1,1.04819277108434
"cebpa_std","Chain 28",2,1.07228915662651
"cebpa_std","Chain 28",3,1.07228915662651
"cebpa_std","Chain 28",4,1.06024096385542
"cebpa_std","Chain 28",5,1.06024096385542
"cebpa_std","Chain 28",6,1.08433734939759
"cebpa_std","Chain 28",7,1.08433734939759
"cebpa_std","Chain 28",8,1.08433734939759
"cebpa_std","Chain 28",9,1.13253012048193
"cebpa_std","Chain 28",10,1.18072289156627
"cebpa_std","Chain 28",11,1.14457831325301
"cebpa_std","Chain 28",12,1.13253012048193
"cebpa_std","Chain 28",13,1.19277108433735
"cebpa_std","Chain 28",14,1.1566265060241
"cebpa_std","Chain 28",15,1.18072289156627
"cebpa_std","Chain 28",16,1.18072289156627
"cebpa_std","Chain 28",17,1.19277108433735
"cebpa_std","Chain 28",18,1.16867469879518
"cebpa_std","Chain 28",19,1.1566265060241
"cebpa_std","Chain 28",20,1.1566265060241
"cebpa_std","Chain 29",1,1.01204819277108
"cebpa_std","Chain 29",2,1.06024096385542
"cebpa_std","Chain 29",3,1.06024096385542
"cebpa_std","Chain 29",4,1.12048192771084
"cebpa_std","Chain 29",5,1.13253012048193
"cebpa_std","Chain 29",6,1.1566265060241
"cebpa_std","Chain 29",7,1.14457831325301
"cebpa_std","Chain 29",8,1.16867469879518
"cebpa_std","Chain 29",9,1.16867469879518
"cebpa_std","Chain 29",10,1.18072289156627
"cebpa_std","Chain 29",11,1.19277108433735
"cebpa_std","Chain 29",12,1.18072289156627
"cebpa_std","Chain 29",13,1.1566265060241
"cebpa_std","Chain 29",14,1.16867469879518
"cebpa_std","Chain 29",15,1.20481927710843
"cebpa_std","Chain 29",16,1.19277108433735
"cebpa_std","Chain 29",17,1.1566265060241
"cebpa_std","Chain 29",18,1.16867469879518
"cebpa_std","Chain 29",19,1.16867469879518
"cebpa_std","Chain 29",20,1.18072289156627
"cebpa_std","Chain 30",1,1.02409638554217
"cebpa_std","Chain 30",2,1.03614457831325
"cebpa_std","Chain 30",3,1.06024096385542
"cebpa_std","Chain 30",4,1.12048192771084
"cebpa_std","Chain 30",5,1.07228915662651
"cebpa_std","Chain 30",6,1.08433734939759
"cebpa_std","Chain 30",7,1.09638554216867
"cebpa_std","Chain 30",8,1.08433734939759
"cebpa_std","Chain 30",9,1.06024096385542
"cebpa_std","Chain 30",10,1.06024096385542
"cebpa_std","Chain 30",11,1.09638554216867
"cebpa_std","Chain 30",12,1.12048192771084
"cebpa_std","Chain 30",13,1.14457831325301
"cebpa_std","Chain 30",14,1.10843373493976
"cebpa_std","Chain 30",15,1.09638554216867
"cebpa_std","Chain 30",16,1.09638554216867
"cebpa_std","Chain 30",17,1.06024096385542
"cebpa_std","Chain 30",18,1.10843373493976
"cebpa_std","Chain 30",19,1.09638554216867
"cebpa_std","Chain 30",20,1.09638554216867
"cytogenetics_t821_std","Chain 1",1,1.25185185185185
"cytogenetics_t821_std","Chain 1",2,1.23703703703704
"cytogenetics_t821_std","Chain 1",3,1.21481481481481
"cytogenetics_t821_std","Chain 1",4,1.21481481481481
"cytogenetics_t821_std","Chain 1",5,1.21481481481481
"cytogenetics_t821_std","Chain 1",6,1.21481481481481
"cytogenetics_t821_std","Chain 1",7,1.22962962962963
"cytogenetics_t821_std","Chain 1",8,1.23703703703704
"cytogenetics_t821_std","Chain 1",9,1.26666666666667
"cytogenetics_t821_std","Chain 1",10,1.24444444444444
"cytogenetics_t821_std","Chain 1",11,1.22962962962963
"cytogenetics_t821_std","Chain 1",12,1.25185185185185
"cytogenetics_t821_std","Chain 1",13,1.28148148148148
"cytogenetics_t821_std","Chain 1",14,1.26666666666667
"cytogenetics_t821_std","Chain 1",15,1.25185185185185
"cytogenetics_t821_std","Chain 1",16,1.21481481481481
"cytogenetics_t821_std","Chain 1",17,1.23703703703704
"cytogenetics_t821_std","Chain 1",18,1.24444444444444
"cytogenetics_t821_std","Chain 1",19,1.25185185185185
"cytogenetics_t821_std","Chain 1",20,1.22962962962963
"cytogenetics_t821_std","Chain 2",1,1.15555555555556
"cytogenetics_t821_std","Chain 2",2,1.14074074074074
"cytogenetics_t821_std","Chain 2",3,1.13333333333333
"cytogenetics_t821_std","Chain 2",4,1.13333333333333
"cytogenetics_t821_std","Chain 2",5,1.14074074074074
"cytogenetics_t821_std","Chain 2",6,1.14814814814815
"cytogenetics_t821_std","Chain 2",7,1.17037037037037
"cytogenetics_t821_std","Chain 2",8,1.2
"cytogenetics_t821_std","Chain 2",9,1.20740740740741
"cytogenetics_t821_std","Chain 2",10,1.24444444444444
"cytogenetics_t821_std","Chain 2",11,1.25185185185185
"cytogenetics_t821_std","Chain 2",12,1.24444444444444
"cytogenetics_t821_std","Chain 2",13,1.25185185185185
"cytogenetics_t821_std","Chain 2",14,1.25185185185185
"cytogenetics_t821_std","Chain 2",15,1.26666666666667
"cytogenetics_t821_std","Chain 2",16,1.3037037037037
"cytogenetics_t821_std","Chain 2",17,1.31851851851852
"cytogenetics_t821_std","Chain 2",18,1.3037037037037
"cytogenetics_t821_std","Chain 2",19,1.3037037037037
"cytogenetics_t821_std","Chain 2",20,1.31111111111111
"cytogenetics_t821_std","Chain 3",1,1.11851851851852
"cytogenetics_t821_std","Chain 3",2,1.13333333333333
"cytogenetics_t821_std","Chain 3",3,1.17037037037037
"cytogenetics_t821_std","Chain 3",4,1.14814814814815
"cytogenetics_t821_std","Chain 3",5,1.19259259259259
"cytogenetics_t821_std","Chain 3",6,1.17777777777778
"cytogenetics_t821_std","Chain 3",7,1.2
"cytogenetics_t821_std","Chain 3",8,1.17037037037037
"cytogenetics_t821_std","Chain 3",9,1.21481481481481
"cytogenetics_t821_std","Chain 3",10,1.20740740740741
"cytogenetics_t821_std","Chain 3",11,1.17037037037037
"cytogenetics_t821_std","Chain 3",12,1.21481481481481
"cytogenetics_t821_std","Chain 3",13,1.20740740740741
"cytogenetics_t821_std","Chain 3",14,1.20740740740741
"cytogenetics_t821_std","Chain 3",15,1.20740740740741
"cytogenetics_t821_std","Chain 3",16,1.21481481481481
"cytogenetics_t821_std","Chain 3",17,1.18518518518519
"cytogenetics_t821_std","Chain 3",18,1.22962962962963
"cytogenetics_t821_std","Chain 3",19,1.2962962962963
"cytogenetics_t821_std","Chain 3",20,1.26666666666667
"cytogenetics_t821_std","Chain 4",1,1.08888888888889
"cytogenetics_t821_std","Chain 4",2,1.0962962962963
"cytogenetics_t821_std","Chain 4",3,1.08888888888889
"cytogenetics_t821_std","Chain 4",4,1.14814814814815
"cytogenetics_t821_std","Chain 4",5,1.12592592592593
"cytogenetics_t821_std","Chain 4",6,1.13333333333333
"cytogenetics_t821_std","Chain 4",7,1.11851851851852
"cytogenetics_t821_std","Chain 4",8,1.12592592592593
"cytogenetics_t821_std","Chain 4",9,1.18518518518519
"cytogenetics_t821_std","Chain 4",10,1.19259259259259
"cytogenetics_t821_std","Chain 4",11,1.18518518518519
"cytogenetics_t821_std","Chain 4",12,1.18518518518519
"cytogenetics_t821_std","Chain 4",13,1.20740740740741
"cytogenetics_t821_std","Chain 4",14,1.20740740740741
"cytogenetics_t821_std","Chain 4",15,1.20740740740741
"cytogenetics_t821_std","Chain 4",16,1.22222222222222
"cytogenetics_t821_std","Chain 4",17,1.21481481481481
"cytogenetics_t821_std","Chain 4",18,1.17037037037037
"cytogenetics_t821_std","Chain 4",19,1.19259259259259
"cytogenetics_t821_std","Chain 4",20,1.17037037037037
"cytogenetics_t821_std","Chain 5",1,1.14074074074074
"cytogenetics_t821_std","Chain 5",2,1.16296296296296
"cytogenetics_t821_std","Chain 5",3,1.18518518518519
"cytogenetics_t821_std","Chain 5",4,1.17777777777778
"cytogenetics_t821_std","Chain 5",5,1.2
"cytogenetics_t821_std","Chain 5",6,1.18518518518519
"cytogenetics_t821_std","Chain 5",7,1.21481481481481
"cytogenetics_t821_std","Chain 5",8,1.20740740740741
"cytogenetics_t821_std","Chain 5",9,1.18518518518519
"cytogenetics_t821_std","Chain 5",10,1.15555555555556
"cytogenetics_t821_std","Chain 5",11,1.15555555555556
"cytogenetics_t821_std","Chain 5",12,1.18518518518519
"cytogenetics_t821_std","Chain 5",13,1.14074074074074
"cytogenetics_t821_std","Chain 5",14,1.14814814814815
"cytogenetics_t821_std","Chain 5",15,1.15555555555556
"cytogenetics_t821_std","Chain 5",16,1.18518518518519
"cytogenetics_t821_std","Chain 5",17,1.18518518518519
"cytogenetics_t821_std","Chain 5",18,1.21481481481481
"cytogenetics_t821_std","Chain 5",19,1.25925925925926
"cytogenetics_t821_std","Chain 5",20,1.25925925925926
"cytogenetics_t821_std","Chain 6",1,1.06666666666667
"cytogenetics_t821_std","Chain 6",2,1.08888888888889
"cytogenetics_t821_std","Chain 6",3,1.0962962962963
"cytogenetics_t821_std","Chain 6",4,1.11851851851852
"cytogenetics_t821_std","Chain 6",5,1.11111111111111
"cytogenetics_t821_std","Chain 6",6,1.08888888888889
"cytogenetics_t821_std","Chain 6",7,1.11111111111111
"cytogenetics_t821_std","Chain 6",8,1.1037037037037
"cytogenetics_t821_std","Chain 6",9,1.11111111111111
"cytogenetics_t821_std","Chain 6",10,1.12592592592593
"cytogenetics_t821_std","Chain 6",11,1.11851851851852
"cytogenetics_t821_std","Chain 6",12,1.13333333333333
"cytogenetics_t821_std","Chain 6",13,1.18518518518519
"cytogenetics_t821_std","Chain 6",14,1.15555555555556
"cytogenetics_t821_std","Chain 6",15,1.16296296296296
"cytogenetics_t821_std","Chain 6",16,1.17037037037037
"cytogenetics_t821_std","Chain 6",17,1.14814814814815
"cytogenetics_t821_std","Chain 6",18,1.18518518518519
"cytogenetics_t821_std","Chain 6",19,1.17777777777778
"cytogenetics_t821_std","Chain 6",20,1.18518518518519
"cytogenetics_t821_std","Chain 7",1,1.1037037037037
"cytogenetics_t821_std","Chain 7",2,1.13333333333333
"cytogenetics_t821_std","Chain 7",3,1.16296296296296
"cytogenetics_t821_std","Chain 7",4,1.14814814814815
"cytogenetics_t821_std","Chain 7",5,1.12592592592593
"cytogenetics_t821_std","Chain 7",6,1.16296296296296
"cytogenetics_t821_std","Chain 7",7,1.2
"cytogenetics_t821_std","Chain 7",8,1.18518518518519
"cytogenetics_t821_std","Chain 7",9,1.20740740740741
"cytogenetics_t821_std","Chain 7",10,1.21481481481481
"cytogenetics_t821_std","Chain 7",11,1.17777777777778
"cytogenetics_t821_std","Chain 7",12,1.19259259259259
"cytogenetics_t821_std","Chain 7",13,1.21481481481481
"cytogenetics_t821_std","Chain 7",14,1.24444444444444
"cytogenetics_t821_std","Chain 7",15,1.25925925925926
"cytogenetics_t821_std","Chain 7",16,1.23703703703704
"cytogenetics_t821_std","Chain 7",17,1.28148148148148
"cytogenetics_t821_std","Chain 7",18,1.2962962962963
"cytogenetics_t821_std","Chain 7",19,1.27407407407407
"cytogenetics_t821_std","Chain 7",20,1.27407407407407
"cytogenetics_t821_std","Chain 8",1,1.11111111111111
"cytogenetics_t821_std","Chain 8",2,1.11111111111111
"cytogenetics_t821_std","Chain 8",3,1.14074074074074
"cytogenetics_t821_std","Chain 8",4,1.12592592592593
"cytogenetics_t821_std","Chain 8",5,1.13333333333333
"cytogenetics_t821_std","Chain 8",6,1.11851851851852
"cytogenetics_t821_std","Chain 8",7,1.12592592592593
"cytogenetics_t821_std","Chain 8",8,1.16296296296296
"cytogenetics_t821_std","Chain 8",9,1.17777777777778
"cytogenetics_t821_std","Chain 8",10,1.20740740740741
"cytogenetics_t821_std","Chain 8",11,1.19259259259259
"cytogenetics_t821_std","Chain 8",12,1.2
"cytogenetics_t821_std","Chain 8",13,1.20740740740741
"cytogenetics_t821_std","Chain 8",14,1.17777777777778
"cytogenetics_t821_std","Chain 8",15,1.19259259259259
"cytogenetics_t821_std","Chain 8",16,1.17037037037037
"cytogenetics_t821_std","Chain 8",17,1.19259259259259
"cytogenetics_t821_std","Chain 8",18,1.17037037037037
"cytogenetics_t821_std","Chain 8",19,1.17037037037037
"cytogenetics_t821_std","Chain 8",20,1.17777777777778
"cytogenetics_t821_std","Chain 9",1,1.11111111111111
"cytogenetics_t821_std","Chain 9",2,1.13333333333333
"cytogenetics_t821_std","Chain 9",3,1.13333333333333
"cytogenetics_t821_std","Chain 9",4,1.14074074074074
"cytogenetics_t821_std","Chain 9",5,1.17037037037037
"cytogenetics_t821_std","Chain 9",6,1.15555555555556
"cytogenetics_t821_std","Chain 9",7,1.16296296296296
"cytogenetics_t821_std","Chain 9",8,1.19259259259259
"cytogenetics_t821_std","Chain 9",9,1.22962962962963
"cytogenetics_t821_std","Chain 9",10,1.22962962962963
"cytogenetics_t821_std","Chain 9",11,1.22222222222222
"cytogenetics_t821_std","Chain 9",12,1.21481481481481
"cytogenetics_t821_std","Chain 9",13,1.22962962962963
"cytogenetics_t821_std","Chain 9",14,1.23703703703704
"cytogenetics_t821_std","Chain 9",15,1.22222222222222
"cytogenetics_t821_std","Chain 9",16,1.25185185185185
"cytogenetics_t821_std","Chain 9",17,1.26666666666667
"cytogenetics_t821_std","Chain 9",18,1.26666666666667
"cytogenetics_t821_std","Chain 9",19,1.27407407407407
"cytogenetics_t821_std","Chain 9",20,1.28148148148148
"cytogenetics_t821_std","Chain 10",1,1.12592592592593
"cytogenetics_t821_std","Chain 10",2,1.13333333333333
"cytogenetics_t821_std","Chain 10",3,1.13333333333333
"cytogenetics_t821_std","Chain 10",4,1.11851851851852
"cytogenetics_t821_std","Chain 10",5,1.1037037037037
"cytogenetics_t821_std","Chain 10",6,1.15555555555556
"cytogenetics_t821_std","Chain 10",7,1.20740740740741
"cytogenetics_t821_std","Chain 10",8,1.17777777777778
"cytogenetics_t821_std","Chain 10",9,1.2
"cytogenetics_t821_std","Chain 10",10,1.17777777777778
"cytogenetics_t821_std","Chain 10",11,1.21481481481481
"cytogenetics_t821_std","Chain 10",12,1.17777777777778
"cytogenetics_t821_std","Chain 10",13,1.20740740740741
"cytogenetics_t821_std","Chain 10",14,1.21481481481481
"cytogenetics_t821_std","Chain 10",15,1.22962962962963
"cytogenetics_t821_std","Chain 10",16,1.25185185185185
"cytogenetics_t821_std","Chain 10",17,1.21481481481481
"cytogenetics_t821_std","Chain 10",18,1.22962962962963
"cytogenetics_t821_std","Chain 10",19,1.22962962962963
"cytogenetics_t821_std","Chain 10",20,1.24444444444444
"cytogenetics_t821_std","Chain 11",1,1.07407407407407
"cytogenetics_t821_std","Chain 11",2,1.06666666666667
"cytogenetics_t821_std","Chain 11",3,1.08148148148148
"cytogenetics_t821_std","Chain 11",4,1.08148148148148
"cytogenetics_t821_std","Chain 11",5,1.13333333333333
"cytogenetics_t821_std","Chain 11",6,1.13333333333333
"cytogenetics_t821_std","Chain 11",7,1.16296296296296
"cytogenetics_t821_std","Chain 11",8,1.18518518518519
"cytogenetics_t821_std","Chain 11",9,1.16296296296296
"cytogenetics_t821_std","Chain 11",10,1.15555555555556
"cytogenetics_t821_std","Chain 11",11,1.15555555555556
"cytogenetics_t821_std","Chain 11",12,1.2
"cytogenetics_t821_std","Chain 11",13,1.22962962962963
"cytogenetics_t821_std","Chain 11",14,1.22222222222222
"cytogenetics_t821_std","Chain 11",15,1.21481481481481
"cytogenetics_t821_std","Chain 11",16,1.25185185185185
"cytogenetics_t821_std","Chain 11",17,1.26666666666667
"cytogenetics_t821_std","Chain 11",18,1.24444444444444
"cytogenetics_t821_std","Chain 11",19,1.31111111111111
"cytogenetics_t821_std","Chain 11",20,1.31111111111111
"cytogenetics_t821_std","Chain 12",1,1.12592592592593
"cytogenetics_t821_std","Chain 12",2,1.17037037037037
"cytogenetics_t821_std","Chain 12",3,1.17777777777778
"cytogenetics_t821_std","Chain 12",4,1.21481481481481
"cytogenetics_t821_std","Chain 12",5,1.21481481481481
"cytogenetics_t821_std","Chain 12",6,1.22222222222222
"cytogenetics_t821_std","Chain 12",7,1.19259259259259
"cytogenetics_t821_std","Chain 12",8,1.2
"cytogenetics_t821_std","Chain 12",9,1.19259259259259
"cytogenetics_t821_std","Chain 12",10,1.19259259259259
"cytogenetics_t821_std","Chain 12",11,1.17777777777778
"cytogenetics_t821_std","Chain 12",12,1.15555555555556
"cytogenetics_t821_std","Chain 12",13,1.16296296296296
"cytogenetics_t821_std","Chain 12",14,1.24444444444444
"cytogenetics_t821_std","Chain 12",15,1.22962962962963
"cytogenetics_t821_std","Chain 12",16,1.24444444444444
"cytogenetics_t821_std","Chain 12",17,1.25185185185185
"cytogenetics_t821_std","Chain 12",18,1.27407407407407
"cytogenetics_t821_std","Chain 12",19,1.26666666666667
"cytogenetics_t821_std","Chain 12",20,1.26666666666667
"cytogenetics_t821_std","Chain 13",1,1.1037037037037
"cytogenetics_t821_std","Chain 13",2,1.12592592592593
"cytogenetics_t821_std","Chain 13",3,1.14814814814815
"cytogenetics_t821_std","Chain 13",4,1.14074074074074
"cytogenetics_t821_std","Chain 13",5,1.15555555555556
"cytogenetics_t821_std","Chain 13",6,1.12592592592593
"cytogenetics_t821_std","Chain 13",7,1.11111111111111
"cytogenetics_t821_std","Chain 13",8,1.12592592592593
"cytogenetics_t821_std","Chain 13",9,1.12592592592593
"cytogenetics_t821_std","Chain 13",10,1.08888888888889
"cytogenetics_t821_std","Chain 13",11,1.11111111111111
"cytogenetics_t821_std","Chain 13",12,1.1037037037037
"cytogenetics_t821_std","Chain 13",13,1.1037037037037
"cytogenetics_t821_std","Chain 13",14,1.16296296296296
"cytogenetics_t821_std","Chain 13",15,1.16296296296296
"cytogenetics_t821_std","Chain 13",16,1.17777777777778
"cytogenetics_t821_std","Chain 13",17,1.17777777777778
"cytogenetics_t821_std","Chain 13",18,1.20740740740741
"cytogenetics_t821_std","Chain 13",19,1.23703703703704
"cytogenetics_t821_std","Chain 13",20,1.25185185185185
"cytogenetics_t821_std","Chain 14",1,1.11851851851852
"cytogenetics_t821_std","Chain 14",2,1.11851851851852
"cytogenetics_t821_std","Chain 14",3,1.11851851851852
"cytogenetics_t821_std","Chain 14",4,1.1037037037037
"cytogenetics_t821_std","Chain 14",5,1.11111111111111
"cytogenetics_t821_std","Chain 14",6,1.1037037037037
"cytogenetics_t821_std","Chain 14",7,1.11111111111111
"cytogenetics_t821_std","Chain 14",8,1.17037037037037
"cytogenetics_t821_std","Chain 14",9,1.14814814814815
"cytogenetics_t821_std","Chain 14",10,1.15555555555556
"cytogenetics_t821_std","Chain 14",11,1.14074074074074
"cytogenetics_t821_std","Chain 14",12,1.2
"cytogenetics_t821_std","Chain 14",13,1.17777777777778
"cytogenetics_t821_std","Chain 14",14,1.14814814814815
"cytogenetics_t821_std","Chain 14",15,1.15555555555556
"cytogenetics_t821_std","Chain 14",16,1.15555555555556
"cytogenetics_t821_std","Chain 14",17,1.18518518518519
"cytogenetics_t821_std","Chain 14",18,1.17037037037037
"cytogenetics_t821_std","Chain 14",19,1.18518518518519
"cytogenetics_t821_std","Chain 14",20,1.17037037037037
"cytogenetics_t821_std","Chain 15",1,1.13333333333333
"cytogenetics_t821_std","Chain 15",2,1.13333333333333
"cytogenetics_t821_std","Chain 15",3,1.11111111111111
"cytogenetics_t821_std","Chain 15",4,1.19259259259259
"cytogenetics_t821_std","Chain 15",5,1.22962962962963
"cytogenetics_t821_std","Chain 15",6,1.22222222222222
"cytogenetics_t821_std","Chain 15",7,1.26666666666667
"cytogenetics_t821_std","Chain 15",8,1.25185185185185
"cytogenetics_t821_std","Chain 15",9,1.24444444444444
"cytogenetics_t821_std","Chain 15",10,1.33333333333333
"cytogenetics_t821_std","Chain 15",11,1.31851851851852
"cytogenetics_t821_std","Chain 15",12,1.37777777777778
"cytogenetics_t821_std","Chain 15",13,1.35555555555556
"cytogenetics_t821_std","Chain 15",14,1.37777777777778
"cytogenetics_t821_std","Chain 15",15,1.35555555555556
"cytogenetics_t821_std","Chain 15",16,1.34814814814815
"cytogenetics_t821_std","Chain 15",17,1.32592592592593
"cytogenetics_t821_std","Chain 15",18,1.31851851851852
"cytogenetics_t821_std","Chain 15",19,1.34074074074074
"cytogenetics_t821_std","Chain 15",20,1.33333333333333
"cytogenetics_t821_std","Chain 16",1,1.1037037037037
"cytogenetics_t821_std","Chain 16",2,1.12592592592593
"cytogenetics_t821_std","Chain 16",3,1.12592592592593
"cytogenetics_t821_std","Chain 16",4,1.16296296296296
"cytogenetics_t821_std","Chain 16",5,1.16296296296296
"cytogenetics_t821_std","Chain 16",6,1.16296296296296
"cytogenetics_t821_std","Chain 16",7,1.14814814814815
"cytogenetics_t821_std","Chain 16",8,1.17037037037037
"cytogenetics_t821_std","Chain 16",9,1.16296296296296
"cytogenetics_t821_std","Chain 16",10,1.18518518518519
"cytogenetics_t821_std","Chain 16",11,1.17037037037037
"cytogenetics_t821_std","Chain 16",12,1.20740740740741
"cytogenetics_t821_std","Chain 16",13,1.15555555555556
"cytogenetics_t821_std","Chain 16",14,1.15555555555556
"cytogenetics_t821_std","Chain 16",15,1.15555555555556
"cytogenetics_t821_std","Chain 16",16,1.15555555555556
"cytogenetics_t821_std","Chain 16",17,1.18518518518519
"cytogenetics_t821_std","Chain 16",18,1.19259259259259
"cytogenetics_t821_std","Chain 16",19,1.17777777777778
"cytogenetics_t821_std","Chain 16",20,1.15555555555556
"cytogenetics_t821_std","Chain 17",1,1.05925925925926
"cytogenetics_t821_std","Chain 17",2,1.06666666666667
"cytogenetics_t821_std","Chain 17",3,1.05925925925926
"cytogenetics_t821_std","Chain 17",4,1.05185185185185
"cytogenetics_t821_std","Chain 17",5,1.08888888888889
"cytogenetics_t821_std","Chain 17",6,1.11851851851852
"cytogenetics_t821_std","Chain 17",7,1.14074074074074
"cytogenetics_t821_std","Chain 17",8,1.16296296296296
"cytogenetics_t821_std","Chain 17",9,1.14074074074074
"cytogenetics_t821_std","Chain 17",10,1.14814814814815
"cytogenetics_t821_std","Chain 17",11,1.14814814814815
"cytogenetics_t821_std","Chain 17",12,1.14074074074074
"cytogenetics_t821_std","Chain 17",13,1.14814814814815
"cytogenetics_t821_std","Chain 17",14,1.16296296296296
"cytogenetics_t821_std","Chain 17",15,1.15555555555556
"cytogenetics_t821_std","Chain 17",16,1.16296296296296
"cytogenetics_t821_std","Chain 17",17,1.15555555555556
"cytogenetics_t821_std","Chain 17",18,1.15555555555556
"cytogenetics_t821_std","Chain 17",19,1.17037037037037
"cytogenetics_t821_std","Chain 17",20,1.17037037037037
"cytogenetics_t821_std","Chain 18",1,1.0962962962963
"cytogenetics_t821_std","Chain 18",2,1.12592592592593
"cytogenetics_t821_std","Chain 18",3,1.14814814814815
"cytogenetics_t821_std","Chain 18",4,1.19259259259259
"cytogenetics_t821_std","Chain 18",5,1.18518518518519
"cytogenetics_t821_std","Chain 18",6,1.15555555555556
"cytogenetics_t821_std","Chain 18",7,1.16296296296296
"cytogenetics_t821_std","Chain 18",8,1.17037037037037
"cytogenetics_t821_std","Chain 18",9,1.14814814814815
"cytogenetics_t821_std","Chain 18",10,1.21481481481481
"cytogenetics_t821_std","Chain 18",11,1.20740740740741
"cytogenetics_t821_std","Chain 18",12,1.22962962962963
"cytogenetics_t821_std","Chain 18",13,1.24444444444444
"cytogenetics_t821_std","Chain 18",14,1.22222222222222
"cytogenetics_t821_std","Chain 18",15,1.23703703703704
"cytogenetics_t821_std","Chain 18",16,1.23703703703704
"cytogenetics_t821_std","Chain 18",17,1.22222222222222
"cytogenetics_t821_std","Chain 18",18,1.19259259259259
"cytogenetics_t821_std","Chain 18",19,1.18518518518519
"cytogenetics_t821_std","Chain 18",20,1.17037037037037
"cytogenetics_t821_std","Chain 19",1,1.22962962962963
"cytogenetics_t821_std","Chain 19",2,1.2
"cytogenetics_t821_std","Chain 19",3,1.22222222222222
"cytogenetics_t821_std","Chain 19",4,1.26666666666667
"cytogenetics_t821_std","Chain 19",5,1.25925925925926
"cytogenetics_t821_std","Chain 19",6,1.25925925925926
"cytogenetics_t821_std","Chain 19",7,1.25185185185185
"cytogenetics_t821_std","Chain 19",8,1.27407407407407
"cytogenetics_t821_std","Chain 19",9,1.31111111111111
"cytogenetics_t821_std","Chain 19",10,1.28888888888889
"cytogenetics_t821_std","Chain 19",11,1.2962962962963
"cytogenetics_t821_std","Chain 19",12,1.28888888888889
"cytogenetics_t821_std","Chain 19",13,1.28888888888889
"cytogenetics_t821_std","Chain 19",14,1.32592592592593
"cytogenetics_t821_std","Chain 19",15,1.31111111111111
"cytogenetics_t821_std","Chain 19",16,1.34074074074074
"cytogenetics_t821_std","Chain 19",17,1.33333333333333
"cytogenetics_t821_std","Chain 19",18,1.31851851851852
"cytogenetics_t821_std","Chain 19",19,1.2962962962963
"cytogenetics_t821_std","Chain 19",20,1.34814814814815
"cytogenetics_t821_std","Chain 20",1,1.13333333333333
"cytogenetics_t821_std","Chain 20",2,1.13333333333333
"cytogenetics_t821_std","Chain 20",3,1.12592592592593
"cytogenetics_t821_std","Chain 20",4,1.16296296296296
"cytogenetics_t821_std","Chain 20",5,1.17037037037037
"cytogenetics_t821_std","Chain 20",6,1.16296296296296
"cytogenetics_t821_std","Chain 20",7,1.16296296296296
"cytogenetics_t821_std","Chain 20",8,1.17777777777778
"cytogenetics_t821_std","Chain 20",9,1.14074074074074
"cytogenetics_t821_std","Chain 20",10,1.17037037037037
"cytogenetics_t821_std","Chain 20",11,1.19259259259259
"cytogenetics_t821_std","Chain 20",12,1.17037037037037
"cytogenetics_t821_std","Chain 20",13,1.2
"cytogenetics_t821_std","Chain 20",14,1.22962962962963
"cytogenetics_t821_std","Chain 20",15,1.23703703703704
"cytogenetics_t821_std","Chain 20",16,1.3037037037037
"cytogenetics_t821_std","Chain 20",17,1.31111111111111
"cytogenetics_t821_std","Chain 20",18,1.28888888888889
"cytogenetics_t821_std","Chain 20",19,1.23703703703704
"cytogenetics_t821_std","Chain 20",20,1.23703703703704
"cytogenetics_t821_std","Chain 21",1,1.1037037037037
"cytogenetics_t821_std","Chain 21",2,1.08888888888889
"cytogenetics_t821_std","Chain 21",3,1.11111111111111
"cytogenetics_t821_std","Chain 21",4,1.11111111111111
"cytogenetics_t821_std","Chain 21",5,1.1037037037037
"cytogenetics_t821_std","Chain 21",6,1.16296296296296
"cytogenetics_t821_std","Chain 21",7,1.14814814814815
"cytogenetics_t821_std","Chain 21",8,1.16296296296296
"cytogenetics_t821_std","Chain 21",9,1.16296296296296
"cytogenetics_t821_std","Chain 21",10,1.17777777777778
"cytogenetics_t821_std","Chain 21",11,1.17037037037037
"cytogenetics_t821_std","Chain 21",12,1.22962962962963
"cytogenetics_t821_std","Chain 21",13,1.22962962962963
"cytogenetics_t821_std","Chain 21",14,1.21481481481481
"cytogenetics_t821_std","Chain 21",15,1.21481481481481
"cytogenetics_t821_std","Chain 21",16,1.20740740740741
"cytogenetics_t821_std","Chain 21",17,1.20740740740741
"cytogenetics_t821_std","Chain 21",18,1.2
"cytogenetics_t821_std","Chain 21",19,1.20740740740741
"cytogenetics_t821_std","Chain 21",20,1.20740740740741
"cytogenetics_t821_std","Chain 22",1,1.04444444444444
"cytogenetics_t821_std","Chain 22",2,1.05925925925926
"cytogenetics_t821_std","Chain 22",3,1.06666666666667
"cytogenetics_t821_std","Chain 22",4,1.08148148148148
"cytogenetics_t821_std","Chain 22",5,1.11851851851852
"cytogenetics_t821_std","Chain 22",6,1.11111111111111
"cytogenetics_t821_std","Chain 22",7,1.15555555555556
"cytogenetics_t821_std","Chain 22",8,1.13333333333333
"cytogenetics_t821_std","Chain 22",9,1.14814814814815
"cytogenetics_t821_std","Chain 22",10,1.13333333333333
"cytogenetics_t821_std","Chain 22",11,1.12592592592593
"cytogenetics_t821_std","Chain 22",12,1.17777777777778
"cytogenetics_t821_std","Chain 22",13,1.18518518518519
"cytogenetics_t821_std","Chain 22",14,1.17777777777778
"cytogenetics_t821_std","Chain 22",15,1.18518518518519
"cytogenetics_t821_std","Chain 22",16,1.22962962962963
"cytogenetics_t821_std","Chain 22",17,1.19259259259259
"cytogenetics_t821_std","Chain 22",18,1.20740740740741
"cytogenetics_t821_std","Chain 22",19,1.20740740740741
"cytogenetics_t821_std","Chain 22",20,1.20740740740741
"cytogenetics_t821_std","Chain 23",1,1.18518518518519
"cytogenetics_t821_std","Chain 23",2,1.15555555555556
"cytogenetics_t821_std","Chain 23",3,1.16296296296296
"cytogenetics_t821_std","Chain 23",4,1.17777777777778
"cytogenetics_t821_std","Chain 23",5,1.17037037037037
"cytogenetics_t821_std","Chain 23",6,1.14074074074074
"cytogenetics_t821_std","Chain 23",7,1.16296296296296
"cytogenetics_t821_std","Chain 23",8,1.2
"cytogenetics_t821_std","Chain 23",9,1.21481481481481
"cytogenetics_t821_std","Chain 23",10,1.20740740740741
"cytogenetics_t821_std","Chain 23",11,1.2
"cytogenetics_t821_std","Chain 23",12,1.19259259259259
"cytogenetics_t821_std","Chain 23",13,1.2
"cytogenetics_t821_std","Chain 23",14,1.18518518518519
"cytogenetics_t821_std","Chain 23",15,1.20740740740741
"cytogenetics_t821_std","Chain 23",16,1.22962962962963
"cytogenetics_t821_std","Chain 23",17,1.31851851851852
"cytogenetics_t821_std","Chain 23",18,1.3037037037037
"cytogenetics_t821_std","Chain 23",19,1.28888888888889
"cytogenetics_t821_std","Chain 23",20,1.28148148148148
"cytogenetics_t821_std","Chain 24",1,1.11851851851852
"cytogenetics_t821_std","Chain 24",2,1.11851851851852
"cytogenetics_t821_std","Chain 24",3,1.17037037037037
"cytogenetics_t821_std","Chain 24",4,1.17037037037037
"cytogenetics_t821_std","Chain 24",5,1.16296296296296
"cytogenetics_t821_std","Chain 24",6,1.18518518518519
"cytogenetics_t821_std","Chain 24",7,1.21481481481481
"cytogenetics_t821_std","Chain 24",8,1.22962962962963
"cytogenetics_t821_std","Chain 24",9,1.20740740740741
"cytogenetics_t821_std","Chain 24",10,1.20740740740741
"cytogenetics_t821_std","Chain 24",11,1.19259259259259
"cytogenetics_t821_std","Chain 24",12,1.17777777777778
"cytogenetics_t821_std","Chain 24",13,1.2
"cytogenetics_t821_std","Chain 24",14,1.17777777777778
"cytogenetics_t821_std","Chain 24",15,1.20740740740741
"cytogenetics_t821_std","Chain 24",16,1.22222222222222
"cytogenetics_t821_std","Chain 24",17,1.21481481481481
"cytogenetics_t821_std","Chain 24",18,1.2
"cytogenetics_t821_std","Chain 24",19,1.19259259259259
"cytogenetics_t821_std","Chain 24",20,1.16296296296296
"cytogenetics_t821_std","Chain 25",1,1.14074074074074
"cytogenetics_t821_std","Chain 25",2,1.13333333333333
"cytogenetics_t821_std","Chain 25",3,1.14074074074074
"cytogenetics_t821_std","Chain 25",4,1.12592592592593
"cytogenetics_t821_std","Chain 25",5,1.12592592592593
"cytogenetics_t821_std","Chain 25",6,1.12592592592593
"cytogenetics_t821_std","Chain 25",7,1.13333333333333
"cytogenetics_t821_std","Chain 25",8,1.16296296296296
"cytogenetics_t821_std","Chain 25",9,1.18518518518519
"cytogenetics_t821_std","Chain 25",10,1.17037037037037
"cytogenetics_t821_std","Chain 25",11,1.2
"cytogenetics_t821_std","Chain 25",12,1.2
"cytogenetics_t821_std","Chain 25",13,1.21481481481481
"cytogenetics_t821_std","Chain 25",14,1.22962962962963
"cytogenetics_t821_std","Chain 25",15,1.23703703703704
"cytogenetics_t821_std","Chain 25",16,1.32592592592593
"cytogenetics_t821_std","Chain 25",17,1.2962962962963
"cytogenetics_t821_std","Chain 25",18,1.28888888888889
"cytogenetics_t821_std","Chain 25",19,1.25925925925926
"cytogenetics_t821_std","Chain 25",20,1.27407407407407
"cytogenetics_t821_std","Chain 26",1,1.1037037037037
"cytogenetics_t821_std","Chain 26",2,1.11851851851852
"cytogenetics_t821_std","Chain 26",3,1.11851851851852
"cytogenetics_t821_std","Chain 26",4,1.12592592592593
"cytogenetics_t821_std","Chain 26",5,1.0962962962963
"cytogenetics_t821_std","Chain 26",6,1.12592592592593
"cytogenetics_t821_std","Chain 26",7,1.12592592592593
"cytogenetics_t821_std","Chain 26",8,1.14074074074074
"cytogenetics_t821_std","Chain 26",9,1.16296296296296
"cytogenetics_t821_std","Chain 26",10,1.15555555555556
"cytogenetics_t821_std","Chain 26",11,1.18518518518519
"cytogenetics_t821_std","Chain 26",12,1.17037037037037
"cytogenetics_t821_std","Chain 26",13,1.21481481481481
"cytogenetics_t821_std","Chain 26",14,1.19259259259259
"cytogenetics_t821_std","Chain 26",15,1.22962962962963
"cytogenetics_t821_std","Chain 26",16,1.17777777777778
"cytogenetics_t821_std","Chain 26",17,1.17777777777778
"cytogenetics_t821_std","Chain 26",18,1.19259259259259
"cytogenetics_t821_std","Chain 26",19,1.19259259259259
"cytogenetics_t821_std","Chain 26",20,1.2
"cytogenetics_t821_std","Chain 27",1,1.1037037037037
"cytogenetics_t821_std","Chain 27",2,1.13333333333333
"cytogenetics_t821_std","Chain 27",3,1.13333333333333
"cytogenetics_t821_std","Chain 27",4,1.16296296296296
"cytogenetics_t821_std","Chain 27",5,1.12592592592593
"cytogenetics_t821_std","Chain 27",6,1.11851851851852
"cytogenetics_t821_std","Chain 27",7,1.12592592592593
"cytogenetics_t821_std","Chain 27",8,1.11851851851852
"cytogenetics_t821_std","Chain 27",9,1.14074074074074
"cytogenetics_t821_std","Chain 27",10,1.13333333333333
"cytogenetics_t821_std","Chain 27",11,1.14074074074074
"cytogenetics_t821_std","Chain 27",12,1.14814814814815
"cytogenetics_t821_std","Chain 27",13,1.14074074074074
"cytogenetics_t821_std","Chain 27",14,1.14814814814815
"cytogenetics_t821_std","Chain 27",15,1.14074074074074
"cytogenetics_t821_std","Chain 27",16,1.14814814814815
"cytogenetics_t821_std","Chain 27",17,1.14074074074074
"cytogenetics_t821_std","Chain 27",18,1.12592592592593
"cytogenetics_t821_std","Chain 27",19,1.13333333333333
"cytogenetics_t821_std","Chain 27",20,1.14074074074074
"cytogenetics_t821_std","Chain 28",1,1.11111111111111
"cytogenetics_t821_std","Chain 28",2,1.12592592592593
"cytogenetics_t821_std","Chain 28",3,1.17037037037037
"cytogenetics_t821_std","Chain 28",4,1.16296296296296
"cytogenetics_t821_std","Chain 28",5,1.14814814814815
"cytogenetics_t821_std","Chain 28",6,1.15555555555556
"cytogenetics_t821_std","Chain 28",7,1.17777777777778
"cytogenetics_t821_std","Chain 28",8,1.17777777777778
"cytogenetics_t821_std","Chain 28",9,1.2
"cytogenetics_t821_std","Chain 28",10,1.16296296296296
"cytogenetics_t821_std","Chain 28",11,1.15555555555556
"cytogenetics_t821_std","Chain 28",12,1.14814814814815
"cytogenetics_t821_std","Chain 28",13,1.14814814814815
"cytogenetics_t821_std","Chain 28",14,1.14814814814815
"cytogenetics_t821_std","Chain 28",15,1.13333333333333
"cytogenetics_t821_std","Chain 28",16,1.14814814814815
"cytogenetics_t821_std","Chain 28",17,1.15555555555556
"cytogenetics_t821_std","Chain 28",18,1.17037037037037
"cytogenetics_t821_std","Chain 28",19,1.19259259259259
"cytogenetics_t821_std","Chain 28",20,1.21481481481481
"cytogenetics_t821_std","Chain 29",1,1.0962962962963
"cytogenetics_t821_std","Chain 29",2,1.12592592592593
"cytogenetics_t821_std","Chain 29",3,1.14074074074074
"cytogenetics_t821_std","Chain 29",4,1.12592592592593
"cytogenetics_t821_std","Chain 29",5,1.13333333333333
"cytogenetics_t821_std","Chain 29",6,1.15555555555556
"cytogenetics_t821_std","Chain 29",7,1.14814814814815
"cytogenetics_t821_std","Chain 29",8,1.15555555555556
"cytogenetics_t821_std","Chain 29",9,1.16296296296296
"cytogenetics_t821_std","Chain 29",10,1.16296296296296
"cytogenetics_t821_std","Chain 29",11,1.15555555555556
"cytogenetics_t821_std","Chain 29",12,1.13333333333333
"cytogenetics_t821_std","Chain 29",13,1.14074074074074
"cytogenetics_t821_std","Chain 29",14,1.13333333333333
"cytogenetics_t821_std","Chain 29",15,1.17037037037037
"cytogenetics_t821_std","Chain 29",16,1.18518518518519
"cytogenetics_t821_std","Chain 29",17,1.21481481481481
"cytogenetics_t821_std","Chain 29",18,1.21481481481481
"cytogenetics_t821_std","Chain 29",19,1.21481481481481
"cytogenetics_t821_std","Chain 29",20,1.20740740740741
"cytogenetics_t821_std","Chain 30",1,1.13333333333333
"cytogenetics_t821_std","Chain 30",2,1.13333333333333
"cytogenetics_t821_std","Chain 30",3,1.15555555555556
"cytogenetics_t821_std","Chain 30",4,1.24444444444444
"cytogenetics_t821_std","Chain 30",5,1.23703703703704
"cytogenetics_t821_std","Chain 30",6,1.22962962962963
"cytogenetics_t821_std","Chain 30",7,1.22222222222222
"cytogenetics_t821_std","Chain 30",8,1.23703703703704
"cytogenetics_t821_std","Chain 30",9,1.27407407407407
"cytogenetics_t821_std","Chain 30",10,1.25925925925926
"cytogenetics_t821_std","Chain 30",11,1.27407407407407
"cytogenetics_t821_std","Chain 30",12,1.25925925925926
"cytogenetics_t821_std","Chain 30",13,1.23703703703704
"cytogenetics_t821_std","Chain 30",14,1.24444444444444
"cytogenetics_t821_std","Chain 30",15,1.25925925925926
"cytogenetics_t821_std","Chain 30",16,1.28148148148148
"cytogenetics_t821_std","Chain 30",17,1.2962962962963
"cytogenetics_t821_std","Chain 30",18,1.26666666666667
"cytogenetics_t821_std","Chain 30",19,1.25925925925926
"cytogenetics_t821_std","Chain 30",20,1.24444444444444
"cytogenetics_inv16_std","Chain 1",1,1.08208955223881
"cytogenetics_inv16_std","Chain 1",2,1.11194029850746
"cytogenetics_inv16_std","Chain 1",3,1.09701492537313
"cytogenetics_inv16_std","Chain 1",4,1.11194029850746
"cytogenetics_inv16_std","Chain 1",5,1.11194029850746
"cytogenetics_inv16_std","Chain 1",6,1.09701492537313
"cytogenetics_inv16_std","Chain 1",7,1.11194029850746
"cytogenetics_inv16_std","Chain 1",8,1.08208955223881
"cytogenetics_inv16_std","Chain 1",9,1.09701492537313
"cytogenetics_inv16_std","Chain 1",10,1.11194029850746
"cytogenetics_inv16_std","Chain 1",11,1.14925373134328
"cytogenetics_inv16_std","Chain 1",12,1.11940298507463
"cytogenetics_inv16_std","Chain 1",13,1.12686567164179
"cytogenetics_inv16_std","Chain 1",14,1.1865671641791
"cytogenetics_inv16_std","Chain 1",15,1.1865671641791
"cytogenetics_inv16_std","Chain 1",16,1.03731343283582
"cytogenetics_inv16_std","Chain 1",17,1.06716417910448
"cytogenetics_inv16_std","Chain 1",18,1.05223880597015
"cytogenetics_inv16_std","Chain 1",19,1.1044776119403
"cytogenetics_inv16_std","Chain 1",20,1.11194029850746
"cytogenetics_inv16_std","Chain 2",1,1.11194029850746
"cytogenetics_inv16_std","Chain 2",2,1.08955223880597
"cytogenetics_inv16_std","Chain 2",3,1.08955223880597
"cytogenetics_inv16_std","Chain 2",4,1.08208955223881
"cytogenetics_inv16_std","Chain 2",5,1.08955223880597
"cytogenetics_inv16_std","Chain 2",6,1.08955223880597
"cytogenetics_inv16_std","Chain 2",7,1.08955223880597
"cytogenetics_inv16_std","Chain 2",8,1.08955223880597
"cytogenetics_inv16_std","Chain 2",9,1.12686567164179
"cytogenetics_inv16_std","Chain 2",10,1.13432835820896
"cytogenetics_inv16_std","Chain 2",11,1.13432835820896
"cytogenetics_inv16_std","Chain 2",12,1.11940298507463
"cytogenetics_inv16_std","Chain 2",13,1.13432835820896
"cytogenetics_inv16_std","Chain 2",14,1.09701492537313
"cytogenetics_inv16_std","Chain 2",15,1.11940298507463
"cytogenetics_inv16_std","Chain 2",16,1.09701492537313
"cytogenetics_inv16_std","Chain 2",17,1.11194029850746
"cytogenetics_inv16_std","Chain 2",18,1.11940298507463
"cytogenetics_inv16_std","Chain 2",19,1.14179104477612
"cytogenetics_inv16_std","Chain 2",20,1.13432835820896
"cytogenetics_inv16_std","Chain 3",1,1.08955223880597
"cytogenetics_inv16_std","Chain 3",2,1.08955223880597
"cytogenetics_inv16_std","Chain 3",3,1.08208955223881
"cytogenetics_inv16_std","Chain 3",4,1.08955223880597
"cytogenetics_inv16_std","Chain 3",5,1.09701492537313
"cytogenetics_inv16_std","Chain 3",6,1.09701492537313
"cytogenetics_inv16_std","Chain 3",7,1.09701492537313
"cytogenetics_inv16_std","Chain 3",8,1.11940298507463
"cytogenetics_inv16_std","Chain 3",9,1.12686567164179
"cytogenetics_inv16_std","Chain 3",10,1.12686567164179
"cytogenetics_inv16_std","Chain 3",11,1.14179104477612
"cytogenetics_inv16_std","Chain 3",12,1.13432835820896
"cytogenetics_inv16_std","Chain 3",13,1.13432835820896
"cytogenetics_inv16_std","Chain 3",14,1.1865671641791
"cytogenetics_inv16_std","Chain 3",15,1.1865671641791
"cytogenetics_inv16_std","Chain 3",16,1.22388059701493
"cytogenetics_inv16_std","Chain 3",17,1.2089552238806
"cytogenetics_inv16_std","Chain 3",18,1.21641791044776
"cytogenetics_inv16_std","Chain 3",19,1.22388059701493
"cytogenetics_inv16_std","Chain 3",20,1.19402985074627
"cytogenetics_inv16_std","Chain 4",1,1.09701492537313
"cytogenetics_inv16_std","Chain 4",2,1.12686567164179
"cytogenetics_inv16_std","Chain 4",3,1.14179104477612
"cytogenetics_inv16_std","Chain 4",4,1.14179104477612
"cytogenetics_inv16_std","Chain 4",5,1.13432835820896
"cytogenetics_inv16_std","Chain 4",6,1.14925373134328
"cytogenetics_inv16_std","Chain 4",7,1.14925373134328
"cytogenetics_inv16_std","Chain 4",8,1.17164179104478
"cytogenetics_inv16_std","Chain 4",9,1.14925373134328
"cytogenetics_inv16_std","Chain 4",10,1.14925373134328
"cytogenetics_inv16_std","Chain 4",11,1.14179104477612
"cytogenetics_inv16_std","Chain 4",12,1.13432835820896
"cytogenetics_inv16_std","Chain 4",13,1.15671641791045
"cytogenetics_inv16_std","Chain 4",14,1.17910447761194
"cytogenetics_inv16_std","Chain 4",15,1.17164179104478
"cytogenetics_inv16_std","Chain 4",16,1.15671641791045
"cytogenetics_inv16_std","Chain 4",17,1.17910447761194
"cytogenetics_inv16_std","Chain 4",18,1.17910447761194
"cytogenetics_inv16_std","Chain 4",19,1.17910447761194
"cytogenetics_inv16_std","Chain 4",20,1.12686567164179
"cytogenetics_inv16_std","Chain 5",1,1.08208955223881
"cytogenetics_inv16_std","Chain 5",2,1.06716417910448
"cytogenetics_inv16_std","Chain 5",3,1.06716417910448
"cytogenetics_inv16_std","Chain 5",4,1.07462686567164
"cytogenetics_inv16_std","Chain 5",5,1.07462686567164
"cytogenetics_inv16_std","Chain 5",6,1.08955223880597
"cytogenetics_inv16_std","Chain 5",7,1.07462686567164
"cytogenetics_inv16_std","Chain 5",8,1.11194029850746
"cytogenetics_inv16_std","Chain 5",9,1.17164179104478
"cytogenetics_inv16_std","Chain 5",10,1.16417910447761
"cytogenetics_inv16_std","Chain 5",11,1.14925373134328
"cytogenetics_inv16_std","Chain 5",12,1.11194029850746
"cytogenetics_inv16_std","Chain 5",13,1.1044776119403
"cytogenetics_inv16_std","Chain 5",14,1.14179104477612
"cytogenetics_inv16_std","Chain 5",15,1.14925373134328
"cytogenetics_inv16_std","Chain 5",16,1.14925373134328
"cytogenetics_inv16_std","Chain 5",17,1.16417910447761
"cytogenetics_inv16_std","Chain 5",18,1.14179104477612
"cytogenetics_inv16_std","Chain 5",19,1.11940298507463
"cytogenetics_inv16_std","Chain 5",20,1.11940298507463
"cytogenetics_inv16_std","Chain 6",1,1.03731343283582
"cytogenetics_inv16_std","Chain 6",2,1.05223880597015
"cytogenetics_inv16_std","Chain 6",3,1.07462686567164
"cytogenetics_inv16_std","Chain 6",4,1.1044776119403
"cytogenetics_inv16_std","Chain 6",5,1.13432835820896
"cytogenetics_inv16_std","Chain 6",6,1.11940298507463
"cytogenetics_inv16_std","Chain 6",7,1.12686567164179
"cytogenetics_inv16_std","Chain 6",8,1.15671641791045
"cytogenetics_inv16_std","Chain 6",9,1.16417910447761
"cytogenetics_inv16_std","Chain 6",10,1.16417910447761
"cytogenetics_inv16_std","Chain 6",11,1.14179104477612
"cytogenetics_inv16_std","Chain 6",12,1.14179104477612
"cytogenetics_inv16_std","Chain 6",13,1.14179104477612
"cytogenetics_inv16_std","Chain 6",14,1.15671641791045
"cytogenetics_inv16_std","Chain 6",15,1.14179104477612
"cytogenetics_inv16_std","Chain 6",16,1.14179104477612
"cytogenetics_inv16_std","Chain 6",17,1.16417910447761
"cytogenetics_inv16_std","Chain 6",18,1.12686567164179
"cytogenetics_inv16_std","Chain 6",19,1.13432835820896
"cytogenetics_inv16_std","Chain 6",20,1.14925373134328
"cytogenetics_inv16_std","Chain 7",1,1.07462686567164
"cytogenetics_inv16_std","Chain 7",2,1.07462686567164
"cytogenetics_inv16_std","Chain 7",3,1.05970149253731
"cytogenetics_inv16_std","Chain 7",4,1.08955223880597
"cytogenetics_inv16_std","Chain 7",5,1.11194029850746
"cytogenetics_inv16_std","Chain 7",6,1.1044776119403
"cytogenetics_inv16_std","Chain 7",7,1.14179104477612
"cytogenetics_inv16_std","Chain 7",8,1.14179104477612
"cytogenetics_inv16_std","Chain 7",9,1.17910447761194
"cytogenetics_inv16_std","Chain 7",10,1.17164179104478
"cytogenetics_inv16_std","Chain 7",11,1.15671641791045
"cytogenetics_inv16_std","Chain 7",12,1.16417910447761
"cytogenetics_inv16_std","Chain 7",13,1.06716417910448
"cytogenetics_inv16_std","Chain 7",14,1.07462686567164
"cytogenetics_inv16_std","Chain 7",15,1.07462686567164
"cytogenetics_inv16_std","Chain 7",16,1.1044776119403
"cytogenetics_inv16_std","Chain 7",17,1.08955223880597
"cytogenetics_inv16_std","Chain 7",18,1.1044776119403
"cytogenetics_inv16_std","Chain 7",19,1.09701492537313
"cytogenetics_inv16_std","Chain 7",20,1.15671641791045
"cytogenetics_inv16_std","Chain 8",1,1.12686567164179
"cytogenetics_inv16_std","Chain 8",2,1.11940298507463
"cytogenetics_inv16_std","Chain 8",3,1.11940298507463
"cytogenetics_inv16_std","Chain 8",4,1.11194029850746
"cytogenetics_inv16_std","Chain 8",5,1.11194029850746
"cytogenetics_inv16_std","Chain 8",6,1.1044776119403
"cytogenetics_inv16_std","Chain 8",7,1.08955223880597
"cytogenetics_inv16_std","Chain 8",8,1.09701492537313
"cytogenetics_inv16_std","Chain 8",9,1.13432835820896
"cytogenetics_inv16_std","Chain 8",10,1.14179104477612
"cytogenetics_inv16_std","Chain 8",11,1.11940298507463
"cytogenetics_inv16_std","Chain 8",12,1.1044776119403
"cytogenetics_inv16_std","Chain 8",13,1.11194029850746
"cytogenetics_inv16_std","Chain 8",14,1.14925373134328
"cytogenetics_inv16_std","Chain 8",15,1.17164179104478
"cytogenetics_inv16_std","Chain 8",16,1.19402985074627
"cytogenetics_inv16_std","Chain 8",17,1.2089552238806
"cytogenetics_inv16_std","Chain 8",18,1.20149253731343
"cytogenetics_inv16_std","Chain 8",19,1.1865671641791
"cytogenetics_inv16_std","Chain 8",20,1.1865671641791
"cytogenetics_inv16_std","Chain 9",1,1.08955223880597
"cytogenetics_inv16_std","Chain 9",2,1.08208955223881
"cytogenetics_inv16_std","Chain 9",3,1.1044776119403
"cytogenetics_inv16_std","Chain 9",4,1.09701492537313
"cytogenetics_inv16_std","Chain 9",5,1.08955223880597
"cytogenetics_inv16_std","Chain 9",6,1.11940298507463
"cytogenetics_inv16_std","Chain 9",7,1.11194029850746
"cytogenetics_inv16_std","Chain 9",8,1.2089552238806
"cytogenetics_inv16_std","Chain 9",9,1.14179104477612
"cytogenetics_inv16_std","Chain 9",10,1.15671641791045
"cytogenetics_inv16_std","Chain 9",11,1.1865671641791
"cytogenetics_inv16_std","Chain 9",12,1.22388059701493
"cytogenetics_inv16_std","Chain 9",13,1.20149253731343
"cytogenetics_inv16_std","Chain 9",14,1.2089552238806
"cytogenetics_inv16_std","Chain 9",15,1.20149253731343
"cytogenetics_inv16_std","Chain 9",16,1.20149253731343
"cytogenetics_inv16_std","Chain 9",17,1.16417910447761
"cytogenetics_inv16_std","Chain 9",18,1.17910447761194
"cytogenetics_inv16_std","Chain 9",19,1.17164179104478
"cytogenetics_inv16_std","Chain 9",20,1.16417910447761
"cytogenetics_inv16_std","Chain 10",1,1.07462686567164
"cytogenetics_inv16_std","Chain 10",2,1.06716417910448
"cytogenetics_inv16_std","Chain 10",3,1.06716417910448
"cytogenetics_inv16_std","Chain 10",4,1.08955223880597
"cytogenetics_inv16_std","Chain 10",5,1.09701492537313
"cytogenetics_inv16_std","Chain 10",6,1.1044776119403
"cytogenetics_inv16_std","Chain 10",7,1.11194029850746
"cytogenetics_inv16_std","Chain 10",8,1.11194029850746
"cytogenetics_inv16_std","Chain 10",9,1.1044776119403
"cytogenetics_inv16_std","Chain 10",10,1.07462686567164
"cytogenetics_inv16_std","Chain 10",11,1.11940298507463
"cytogenetics_inv16_std","Chain 10",12,1.11194029850746
"cytogenetics_inv16_std","Chain 10",13,1.14925373134328
"cytogenetics_inv16_std","Chain 10",14,1.15671641791045
"cytogenetics_inv16_std","Chain 10",15,1.13432835820896
"cytogenetics_inv16_std","Chain 10",16,1.13432835820896
"cytogenetics_inv16_std","Chain 10",17,1.15671641791045
"cytogenetics_inv16_std","Chain 10",18,1.14925373134328
"cytogenetics_inv16_std","Chain 10",19,1.16417910447761
"cytogenetics_inv16_std","Chain 10",20,1.16417910447761
"cytogenetics_inv16_std","Chain 11",1,1.06716417910448
"cytogenetics_inv16_std","Chain 11",2,1.05970149253731
"cytogenetics_inv16_std","Chain 11",3,1.09701492537313
"cytogenetics_inv16_std","Chain 11",4,1.08955223880597
"cytogenetics_inv16_std","Chain 11",5,1.11194029850746
"cytogenetics_inv16_std","Chain 11",6,1.11194029850746
"cytogenetics_inv16_std","Chain 11",7,1.14179104477612
"cytogenetics_inv16_std","Chain 11",8,1.13432835820896
"cytogenetics_inv16_std","Chain 11",9,1.13432835820896
"cytogenetics_inv16_std","Chain 11",10,1.17164179104478
"cytogenetics_inv16_std","Chain 11",11,1.19402985074627
"cytogenetics_inv16_std","Chain 11",12,1.17164179104478
"cytogenetics_inv16_std","Chain 11",13,1.16417910447761
"cytogenetics_inv16_std","Chain 11",14,1.15671641791045
"cytogenetics_inv16_std","Chain 11",15,1.17910447761194
"cytogenetics_inv16_std","Chain 11",16,1.17910447761194
"cytogenetics_inv16_std","Chain 11",17,1.19402985074627
"cytogenetics_inv16_std","Chain 11",18,1.20149253731343
"cytogenetics_inv16_std","Chain 11",19,1.1865671641791
"cytogenetics_inv16_std","Chain 11",20,1.16417910447761
"cytogenetics_inv16_std","Chain 12",1,1.05970149253731
"cytogenetics_inv16_std","Chain 12",2,1.08208955223881
"cytogenetics_inv16_std","Chain 12",3,1.06716417910448
"cytogenetics_inv16_std","Chain 12",4,1.06716417910448
"cytogenetics_inv16_std","Chain 12",5,1.06716417910448
"cytogenetics_inv16_std","Chain 12",6,1.08208955223881
"cytogenetics_inv16_std","Chain 12",7,1.14179104477612
"cytogenetics_inv16_std","Chain 12",8,1.12686567164179
"cytogenetics_inv16_std","Chain 12",9,1.11940298507463
"cytogenetics_inv16_std","Chain 12",10,1.1044776119403
"cytogenetics_inv16_std","Chain 12",11,1.13432835820896
"cytogenetics_inv16_std","Chain 12",12,1.11194029850746
"cytogenetics_inv16_std","Chain 12",13,1.14179104477612
"cytogenetics_inv16_std","Chain 12",14,1.15671641791045
"cytogenetics_inv16_std","Chain 12",15,1.16417910447761
"cytogenetics_inv16_std","Chain 12",16,1.16417910447761
"cytogenetics_inv16_std","Chain 12",17,1.14925373134328
"cytogenetics_inv16_std","Chain 12",18,1.14179104477612
"cytogenetics_inv16_std","Chain 12",19,1.12686567164179
"cytogenetics_inv16_std","Chain 12",20,1.12686567164179
"cytogenetics_inv16_std","Chain 13",1,1.14179104477612
"cytogenetics_inv16_std","Chain 13",2,1.12686567164179
"cytogenetics_inv16_std","Chain 13",3,1.13432835820896
"cytogenetics_inv16_std","Chain 13",4,1.17164179104478
"cytogenetics_inv16_std","Chain 13",5,1.20149253731343
"cytogenetics_inv16_std","Chain 13",6,1.23134328358209
"cytogenetics_inv16_std","Chain 13",7,1.23134328358209
"cytogenetics_inv16_std","Chain 13",8,1.21641791044776
"cytogenetics_inv16_std","Chain 13",9,1.22388059701493
"cytogenetics_inv16_std","Chain 13",10,1.27611940298507
"cytogenetics_inv16_std","Chain 13",11,1.25373134328358
"cytogenetics_inv16_std","Chain 13",12,1.26865671641791
"cytogenetics_inv16_std","Chain 13",13,1.26865671641791
"cytogenetics_inv16_std","Chain 13",14,1.2089552238806
"cytogenetics_inv16_std","Chain 13",15,1.20149253731343
"cytogenetics_inv16_std","Chain 13",16,1.24626865671642
"cytogenetics_inv16_std","Chain 13",17,1.26865671641791
"cytogenetics_inv16_std","Chain 13",18,1.28358208955224
"cytogenetics_inv16_std","Chain 13",19,1.22388059701493
"cytogenetics_inv16_std","Chain 13",20,1.22388059701493
"cytogenetics_inv16_std","Chain 14",1,1.08955223880597
"cytogenetics_inv16_std","Chain 14",2,1.11940298507463
"cytogenetics_inv16_std","Chain 14",3,1.1044776119403
"cytogenetics_inv16_std","Chain 14",4,1.1044776119403
"cytogenetics_inv16_std","Chain 14",5,1.1044776119403
"cytogenetics_inv16_std","Chain 14",6,1.11940298507463
"cytogenetics_inv16_std","Chain 14",7,1.11940298507463
"cytogenetics_inv16_std","Chain 14",8,1.14179104477612
"cytogenetics_inv16_std","Chain 14",9,1.15671641791045
"cytogenetics_inv16_std","Chain 14",10,1.14925373134328
"cytogenetics_inv16_std","Chain 14",11,1.15671641791045
"cytogenetics_inv16_std","Chain 14",12,1.17910447761194
"cytogenetics_inv16_std","Chain 14",13,1.17910447761194
"cytogenetics_inv16_std","Chain 14",14,1.21641791044776
"cytogenetics_inv16_std","Chain 14",15,1.23880597014925
"cytogenetics_inv16_std","Chain 14",16,1.26865671641791
"cytogenetics_inv16_std","Chain 14",17,1.23134328358209
"cytogenetics_inv16_std","Chain 14",18,1.1044776119403
"cytogenetics_inv16_std","Chain 14",19,1.11940298507463
"cytogenetics_inv16_std","Chain 14",20,1.12686567164179
"cytogenetics_inv16_std","Chain 15",1,1.08955223880597
"cytogenetics_inv16_std","Chain 15",2,1.14925373134328
"cytogenetics_inv16_std","Chain 15",3,1.14925373134328
"cytogenetics_inv16_std","Chain 15",4,1.15671641791045
"cytogenetics_inv16_std","Chain 15",5,1.14179104477612
"cytogenetics_inv16_std","Chain 15",6,1.14179104477612
"cytogenetics_inv16_std","Chain 15",7,1.14925373134328
"cytogenetics_inv16_std","Chain 15",8,1.17164179104478
"cytogenetics_inv16_std","Chain 15",9,1.19402985074627
"cytogenetics_inv16_std","Chain 15",10,1.13432835820896
"cytogenetics_inv16_std","Chain 15",11,1.14925373134328
"cytogenetics_inv16_std","Chain 15",12,1.13432835820896
"cytogenetics_inv16_std","Chain 15",13,1.13432835820896
"cytogenetics_inv16_std","Chain 15",14,1.14925373134328
"cytogenetics_inv16_std","Chain 15",15,1.16417910447761
"cytogenetics_inv16_std","Chain 15",16,1.20149253731343
"cytogenetics_inv16_std","Chain 15",17,1.23880597014925
"cytogenetics_inv16_std","Chain 15",18,1.20149253731343
"cytogenetics_inv16_std","Chain 15",19,1.1865671641791
"cytogenetics_inv16_std","Chain 15",20,1.17910447761194
"cytogenetics_inv16_std","Chain 16",1,1.08208955223881
"cytogenetics_inv16_std","Chain 16",2,1.08208955223881
"cytogenetics_inv16_std","Chain 16",3,1.11194029850746
"cytogenetics_inv16_std","Chain 16",4,1.14179104477612
"cytogenetics_inv16_std","Chain 16",5,1.09701492537313
"cytogenetics_inv16_std","Chain 16",6,1.1044776119403
"cytogenetics_inv16_std","Chain 16",7,1.1044776119403
"cytogenetics_inv16_std","Chain 16",8,1.11940298507463
"cytogenetics_inv16_std","Chain 16",9,1.11940298507463
"cytogenetics_inv16_std","Chain 16",10,1.11940298507463
"cytogenetics_inv16_std","Chain 16",11,1.13432835820896
"cytogenetics_inv16_std","Chain 16",12,1.14925373134328
"cytogenetics_inv16_std","Chain 16",13,1.12686567164179
"cytogenetics_inv16_std","Chain 16",14,1.14925373134328
"cytogenetics_inv16_std","Chain 16",15,1.13432835820896
"cytogenetics_inv16_std","Chain 16",16,1.16417910447761
"cytogenetics_inv16_std","Chain 16",17,1.14925373134328
"cytogenetics_inv16_std","Chain 16",18,1.17164179104478
"cytogenetics_inv16_std","Chain 16",19,1.19402985074627
"cytogenetics_inv16_std","Chain 16",20,1.1865671641791
"cytogenetics_inv16_std","Chain 17",1,1.11194029850746
"cytogenetics_inv16_std","Chain 17",2,1.08955223880597
"cytogenetics_inv16_std","Chain 17",3,1.08955223880597
"cytogenetics_inv16_std","Chain 17",4,1.11940298507463
"cytogenetics_inv16_std","Chain 17",5,1.08955223880597
"cytogenetics_inv16_std","Chain 17",6,1.08955223880597
"cytogenetics_inv16_std","Chain 17",7,1.11194029850746
"cytogenetics_inv16_std","Chain 17",8,1.1044776119403
"cytogenetics_inv16_std","Chain 17",9,1.11194029850746
"cytogenetics_inv16_std","Chain 17",10,1.14179104477612
"cytogenetics_inv16_std","Chain 17",11,1.13432835820896
"cytogenetics_inv16_std","Chain 17",12,1.14925373134328
"cytogenetics_inv16_std","Chain 17",13,1.17164179104478
"cytogenetics_inv16_std","Chain 17",14,1.14925373134328
"cytogenetics_inv16_std","Chain 17",15,1.16417910447761
"cytogenetics_inv16_std","Chain 17",16,1.16417910447761
"cytogenetics_inv16_std","Chain 17",17,1.15671641791045
"cytogenetics_inv16_std","Chain 17",18,1.17910447761194
"cytogenetics_inv16_std","Chain 17",19,1.17164179104478
"cytogenetics_inv16_std","Chain 17",20,1.15671641791045
"cytogenetics_inv16_std","Chain 18",1,1.05970149253731
"cytogenetics_inv16_std","Chain 18",2,1.06716417910448
"cytogenetics_inv16_std","Chain 18",3,1.08208955223881
"cytogenetics_inv16_std","Chain 18",4,1.11194029850746
"cytogenetics_inv16_std","Chain 18",5,1.11194029850746
"cytogenetics_inv16_std","Chain 18",6,1.12686567164179
"cytogenetics_inv16_std","Chain 18",7,1.13432835820896
"cytogenetics_inv16_std","Chain 18",8,1.11194029850746
"cytogenetics_inv16_std","Chain 18",9,1.11194029850746
"cytogenetics_inv16_std","Chain 18",10,1.1044776119403
"cytogenetics_inv16_std","Chain 18",11,1.12686567164179
"cytogenetics_inv16_std","Chain 18",12,1.12686567164179
"cytogenetics_inv16_std","Chain 18",13,1.11194029850746
"cytogenetics_inv16_std","Chain 18",14,1.13432835820896
"cytogenetics_inv16_std","Chain 18",15,1.16417910447761
"cytogenetics_inv16_std","Chain 18",16,1.16417910447761
"cytogenetics_inv16_std","Chain 18",17,1.24626865671642
"cytogenetics_inv16_std","Chain 18",18,1.25373134328358
"cytogenetics_inv16_std","Chain 18",19,1.23880597014925
"cytogenetics_inv16_std","Chain 18",20,1.26119402985075
"cytogenetics_inv16_std","Chain 19",1,1.11194029850746
"cytogenetics_inv16_std","Chain 19",2,1.11940298507463
"cytogenetics_inv16_std","Chain 19",3,1.09701492537313
"cytogenetics_inv16_std","Chain 19",4,1.05970149253731
"cytogenetics_inv16_std","Chain 19",5,1.11194029850746
"cytogenetics_inv16_std","Chain 19",6,1.1044776119403
"cytogenetics_inv16_std","Chain 19",7,1.12686567164179
"cytogenetics_inv16_std","Chain 19",8,1.08955223880597
"cytogenetics_inv16_std","Chain 19",9,1.11940298507463
"cytogenetics_inv16_std","Chain 19",10,1.14179104477612
"cytogenetics_inv16_std","Chain 19",11,1.13432835820896
"cytogenetics_inv16_std","Chain 19",12,1.17910447761194
"cytogenetics_inv16_std","Chain 19",13,1.17910447761194
"cytogenetics_inv16_std","Chain 19",14,1.20149253731343
"cytogenetics_inv16_std","Chain 19",15,1.20149253731343
"cytogenetics_inv16_std","Chain 19",16,1.14179104477612
"cytogenetics_inv16_std","Chain 19",17,1.12686567164179
"cytogenetics_inv16_std","Chain 19",18,1.14179104477612
"cytogenetics_inv16_std","Chain 19",19,1.14179104477612
"cytogenetics_inv16_std","Chain 19",20,1.15671641791045
"cytogenetics_inv16_std","Chain 20",1,1.09701492537313
"cytogenetics_inv16_std","Chain 20",2,1.08955223880597
"cytogenetics_inv16_std","Chain 20",3,1.08208955223881
"cytogenetics_inv16_std","Chain 20",4,1.09701492537313
"cytogenetics_inv16_std","Chain 20",5,1.1044776119403
"cytogenetics_inv16_std","Chain 20",6,1.07462686567164
"cytogenetics_inv16_std","Chain 20",7,1.06716417910448
"cytogenetics_inv16_std","Chain 20",8,1.11194029850746
"cytogenetics_inv16_std","Chain 20",9,1.1044776119403
"cytogenetics_inv16_std","Chain 20",10,1.12686567164179
"cytogenetics_inv16_std","Chain 20",11,1.11194029850746
"cytogenetics_inv16_std","Chain 20",12,1.11940298507463
"cytogenetics_inv16_std","Chain 20",13,1.11940298507463
"cytogenetics_inv16_std","Chain 20",14,1.12686567164179
"cytogenetics_inv16_std","Chain 20",15,1.11940298507463
"cytogenetics_inv16_std","Chain 20",16,1.1044776119403
"cytogenetics_inv16_std","Chain 20",17,1.08955223880597
"cytogenetics_inv16_std","Chain 20",18,1.21641791044776
"cytogenetics_inv16_std","Chain 20",19,1.15671641791045
"cytogenetics_inv16_std","Chain 20",20,1.14179104477612
"cytogenetics_inv16_std","Chain 21",1,1.07462686567164
"cytogenetics_inv16_std","Chain 21",2,1.08208955223881
"cytogenetics_inv16_std","Chain 21",3,1.08955223880597
"cytogenetics_inv16_std","Chain 21",4,1.11940298507463
"cytogenetics_inv16_std","Chain 21",5,1.12686567164179
"cytogenetics_inv16_std","Chain 21",6,1.11940298507463
"cytogenetics_inv16_std","Chain 21",7,1.16417910447761
"cytogenetics_inv16_std","Chain 21",8,1.15671641791045
"cytogenetics_inv16_std","Chain 21",9,1.15671641791045
"cytogenetics_inv16_std","Chain 21",10,1.15671641791045
"cytogenetics_inv16_std","Chain 21",11,1.1865671641791
"cytogenetics_inv16_std","Chain 21",12,1.14179104477612
"cytogenetics_inv16_std","Chain 21",13,1.16417910447761
"cytogenetics_inv16_std","Chain 21",14,1.2089552238806
"cytogenetics_inv16_std","Chain 21",15,1.20149253731343
"cytogenetics_inv16_std","Chain 21",16,1.27611940298507
"cytogenetics_inv16_std","Chain 21",17,1.26865671641791
"cytogenetics_inv16_std","Chain 21",18,1.25373134328358
"cytogenetics_inv16_std","Chain 21",19,1.23880597014925
"cytogenetics_inv16_std","Chain 21",20,1.22388059701493
"cytogenetics_inv16_std","Chain 22",1,1.08955223880597
"cytogenetics_inv16_std","Chain 22",2,1.1044776119403
"cytogenetics_inv16_std","Chain 22",3,1.14179104477612
"cytogenetics_inv16_std","Chain 22",4,1.13432835820896
"cytogenetics_inv16_std","Chain 22",5,1.11940298507463
"cytogenetics_inv16_std","Chain 22",6,1.11194029850746
"cytogenetics_inv16_std","Chain 22",7,1.11940298507463
"cytogenetics_inv16_std","Chain 22",8,1.11940298507463
"cytogenetics_inv16_std","Chain 22",9,1.12686567164179
"cytogenetics_inv16_std","Chain 22",10,1.15671641791045
"cytogenetics_inv16_std","Chain 22",11,1.14925373134328
"cytogenetics_inv16_std","Chain 22",12,1.17164179104478
"cytogenetics_inv16_std","Chain 22",13,1.12686567164179
"cytogenetics_inv16_std","Chain 22",14,1.17164179104478
"cytogenetics_inv16_std","Chain 22",15,1.17164179104478
"cytogenetics_inv16_std","Chain 22",16,1.1865671641791
"cytogenetics_inv16_std","Chain 22",17,1.15671641791045
"cytogenetics_inv16_std","Chain 22",18,1.14925373134328
"cytogenetics_inv16_std","Chain 22",19,1.17910447761194
"cytogenetics_inv16_std","Chain 22",20,1.17910447761194
"cytogenetics_inv16_std","Chain 23",1,1.1044776119403
"cytogenetics_inv16_std","Chain 23",2,1.1044776119403
"cytogenetics_inv16_std","Chain 23",3,1.13432835820896
"cytogenetics_inv16_std","Chain 23",4,1.12686567164179
"cytogenetics_inv16_std","Chain 23",5,1.15671641791045
"cytogenetics_inv16_std","Chain 23",6,1.15671641791045
"cytogenetics_inv16_std","Chain 23",7,1.17910447761194
"cytogenetics_inv16_std","Chain 23",8,1.17164179104478
"cytogenetics_inv16_std","Chain 23",9,1.1865671641791
"cytogenetics_inv16_std","Chain 23",10,1.2089552238806
"cytogenetics_inv16_std","Chain 23",11,1.24626865671642
"cytogenetics_inv16_std","Chain 23",12,1.2089552238806
"cytogenetics_inv16_std","Chain 23",13,1.16417910447761
"cytogenetics_inv16_std","Chain 23",14,1.17164179104478
"cytogenetics_inv16_std","Chain 23",15,1.16417910447761
"cytogenetics_inv16_std","Chain 23",16,1.17164179104478
"cytogenetics_inv16_std","Chain 23",17,1.12686567164179
"cytogenetics_inv16_std","Chain 23",18,1.13432835820896
"cytogenetics_inv16_std","Chain 23",19,1.12686567164179
"cytogenetics_inv16_std","Chain 23",20,1.15671641791045
"cytogenetics_inv16_std","Chain 24",1,1.12686567164179
"cytogenetics_inv16_std","Chain 24",2,1.11940298507463
"cytogenetics_inv16_std","Chain 24",3,1.11940298507463
"cytogenetics_inv16_std","Chain 24",4,1.14179104477612
"cytogenetics_inv16_std","Chain 24",5,1.14925373134328
"cytogenetics_inv16_std","Chain 24",6,1.13432835820896
"cytogenetics_inv16_std","Chain 24",7,1.17164179104478
"cytogenetics_inv16_std","Chain 24",8,1.16417910447761
"cytogenetics_inv16_std","Chain 24",9,1.17910447761194
"cytogenetics_inv16_std","Chain 24",10,1.1865671641791
"cytogenetics_inv16_std","Chain 24",11,1.1865671641791
"cytogenetics_inv16_std","Chain 24",12,1.17164179104478
"cytogenetics_inv16_std","Chain 24",13,1.16417910447761
"cytogenetics_inv16_std","Chain 24",14,1.1865671641791
"cytogenetics_inv16_std","Chain 24",15,1.17910447761194
"cytogenetics_inv16_std","Chain 24",16,1.16417910447761
"cytogenetics_inv16_std","Chain 24",17,1.17164179104478
"cytogenetics_inv16_std","Chain 24",18,1.20149253731343
"cytogenetics_inv16_std","Chain 24",19,1.26865671641791
"cytogenetics_inv16_std","Chain 24",20,1.27611940298507
"cytogenetics_inv16_std","Chain 25",1,1.08955223880597
"cytogenetics_inv16_std","Chain 25",2,1.08955223880597
"cytogenetics_inv16_std","Chain 25",3,1.08208955223881
"cytogenetics_inv16_std","Chain 25",4,1.07462686567164
"cytogenetics_inv16_std","Chain 25",5,1.11194029850746
"cytogenetics_inv16_std","Chain 25",6,1.13432835820896
"cytogenetics_inv16_std","Chain 25",7,1.11940298507463
"cytogenetics_inv16_std","Chain 25",8,1.12686567164179
"cytogenetics_inv16_std","Chain 25",9,1.20149253731343
"cytogenetics_inv16_std","Chain 25",10,1.17910447761194
"cytogenetics_inv16_std","Chain 25",11,1.17164179104478
"cytogenetics_inv16_std","Chain 25",12,1.14925373134328
"cytogenetics_inv16_std","Chain 25",13,1.16417910447761
"cytogenetics_inv16_std","Chain 25",14,1.16417910447761
"cytogenetics_inv16_std","Chain 25",15,1.17164179104478
"cytogenetics_inv16_std","Chain 25",16,1.14179104477612
"cytogenetics_inv16_std","Chain 25",17,1.12686567164179
"cytogenetics_inv16_std","Chain 25",18,1.17164179104478
"cytogenetics_inv16_std","Chain 25",19,1.1865671641791
"cytogenetics_inv16_std","Chain 25",20,1.17910447761194
"cytogenetics_inv16_std","Chain 26",1,1.11940298507463
"cytogenetics_inv16_std","Chain 26",2,1.12686567164179
"cytogenetics_inv16_std","Chain 26",3,1.13432835820896
"cytogenetics_inv16_std","Chain 26",4,1.13432835820896
"cytogenetics_inv16_std","Chain 26",5,1.15671641791045
"cytogenetics_inv16_std","Chain 26",6,1.17910447761194
"cytogenetics_inv16_std","Chain 26",7,1.17910447761194
"cytogenetics_inv16_std","Chain 26",8,1.19402985074627
"cytogenetics_inv16_std","Chain 26",9,1.17164179104478
"cytogenetics_inv16_std","Chain 26",10,1.19402985074627
"cytogenetics_inv16_std","Chain 26",11,1.20149253731343
"cytogenetics_inv16_std","Chain 26",12,1.2089552238806
"cytogenetics_inv16_std","Chain 26",13,1.21641791044776
"cytogenetics_inv16_std","Chain 26",14,1.24626865671642
"cytogenetics_inv16_std","Chain 26",15,1.23880597014925
"cytogenetics_inv16_std","Chain 26",16,1.23880597014925
"cytogenetics_inv16_std","Chain 26",17,1.23134328358209
"cytogenetics_inv16_std","Chain 26",18,1.25373134328358
"cytogenetics_inv16_std","Chain 26",19,1.23134328358209
"cytogenetics_inv16_std","Chain 26",20,1.23880597014925
"cytogenetics_inv16_std","Chain 27",1,1.09701492537313
"cytogenetics_inv16_std","Chain 27",2,1.1044776119403
"cytogenetics_inv16_std","Chain 27",3,1.11940298507463
"cytogenetics_inv16_std","Chain 27",4,1.1044776119403
"cytogenetics_inv16_std","Chain 27",5,1.12686567164179
"cytogenetics_inv16_std","Chain 27",6,1.12686567164179
"cytogenetics_inv16_std","Chain 27",7,1.13432835820896
"cytogenetics_inv16_std","Chain 27",8,1.14179104477612
"cytogenetics_inv16_std","Chain 27",9,1.14925373134328
"cytogenetics_inv16_std","Chain 27",10,1.1865671641791
"cytogenetics_inv16_std","Chain 27",11,1.15671641791045
"cytogenetics_inv16_std","Chain 27",12,1.14925373134328
"cytogenetics_inv16_std","Chain 27",13,1.15671641791045
"cytogenetics_inv16_std","Chain 27",14,1.16417910447761
"cytogenetics_inv16_std","Chain 27",15,1.16417910447761
"cytogenetics_inv16_std","Chain 27",16,1.20149253731343
"cytogenetics_inv16_std","Chain 27",17,1.2089552238806
"cytogenetics_inv16_std","Chain 27",18,1.21641791044776
"cytogenetics_inv16_std","Chain 27",19,1.20149253731343
"cytogenetics_inv16_std","Chain 27",20,1.21641791044776
"cytogenetics_inv16_std","Chain 28",1,1.11194029850746
"cytogenetics_inv16_std","Chain 28",2,1.11940298507463
"cytogenetics_inv16_std","Chain 28",3,1.11194029850746
"cytogenetics_inv16_std","Chain 28",4,1.14925373134328
"cytogenetics_inv16_std","Chain 28",5,1.13432835820896
"cytogenetics_inv16_std","Chain 28",6,1.14179104477612
"cytogenetics_inv16_std","Chain 28",7,1.12686567164179
"cytogenetics_inv16_std","Chain 28",8,1.13432835820896
"cytogenetics_inv16_std","Chain 28",9,1.14179104477612
"cytogenetics_inv16_std","Chain 28",10,1.17164179104478
"cytogenetics_inv16_std","Chain 28",11,1.2089552238806
"cytogenetics_inv16_std","Chain 28",12,1.1865671641791
"cytogenetics_inv16_std","Chain 28",13,1.17164179104478
"cytogenetics_inv16_std","Chain 28",14,1.1865671641791
"cytogenetics_inv16_std","Chain 28",15,1.19402985074627
"cytogenetics_inv16_std","Chain 28",16,1.17910447761194
"cytogenetics_inv16_std","Chain 28",17,1.19402985074627
"cytogenetics_inv16_std","Chain 28",18,1.1865671641791
"cytogenetics_inv16_std","Chain 28",19,1.1865671641791
"cytogenetics_inv16_std","Chain 28",20,1.17910447761194
"cytogenetics_inv16_std","Chain 29",1,1.13432835820896
"cytogenetics_inv16_std","Chain 29",2,1.16417910447761
"cytogenetics_inv16_std","Chain 29",3,1.14925373134328
"cytogenetics_inv16_std","Chain 29",4,1.11940298507463
"cytogenetics_inv16_std","Chain 29",5,1.15671641791045
"cytogenetics_inv16_std","Chain 29",6,1.14179104477612
"cytogenetics_inv16_std","Chain 29",7,1.14179104477612
"cytogenetics_inv16_std","Chain 29",8,1.11194029850746
"cytogenetics_inv16_std","Chain 29",9,1.12686567164179
"cytogenetics_inv16_std","Chain 29",10,1.1044776119403
"cytogenetics_inv16_std","Chain 29",11,1.14179104477612
"cytogenetics_inv16_std","Chain 29",12,1.14179104477612
"cytogenetics_inv16_std","Chain 29",13,1.2089552238806
"cytogenetics_inv16_std","Chain 29",14,1.19402985074627
"cytogenetics_inv16_std","Chain 29",15,1.21641791044776
"cytogenetics_inv16_std","Chain 29",16,1.20149253731343
"cytogenetics_inv16_std","Chain 29",17,1.21641791044776
"cytogenetics_inv16_std","Chain 29",18,1.17910447761194
"cytogenetics_inv16_std","Chain 29",19,1.19402985074627
"cytogenetics_inv16_std","Chain 29",20,1.20149253731343
"cytogenetics_inv16_std","Chain 30",1,1.09701492537313
"cytogenetics_inv16_std","Chain 30",2,1.09701492537313
"cytogenetics_inv16_std","Chain 30",3,1.09701492537313
"cytogenetics_inv16_std","Chain 30",4,1.07462686567164
"cytogenetics_inv16_std","Chain 30",5,1.08208955223881
"cytogenetics_inv16_std","Chain 30",6,1.14925373134328
"cytogenetics_inv16_std","Chain 30",7,1.14179104477612
"cytogenetics_inv16_std","Chain 30",8,1.1044776119403
"cytogenetics_inv16_std","Chain 30",9,1.09701492537313
"cytogenetics_inv16_std","Chain 30",10,1.1044776119403
"cytogenetics_inv16_std","Chain 30",11,1.11940298507463
"cytogenetics_inv16_std","Chain 30",12,1.12686567164179
"cytogenetics_inv16_std","Chain 30",13,1.14925373134328
"cytogenetics_inv16_std","Chain 30",14,1.12686567164179
"cytogenetics_inv16_std","Chain 30",15,1.12686567164179
"cytogenetics_inv16_std","Chain 30",16,1.13432835820896
"cytogenetics_inv16_std","Chain 30",17,1.14925373134328
"cytogenetics_inv16_std","Chain 30",18,1.16417910447761
"cytogenetics_inv16_std","Chain 30",19,1.2089552238806
"cytogenetics_inv16_std","Chain 30",20,1.1865671641791
"cytogenetics_mll_std","Chain 1",1,1.1865671641791
"cytogenetics_mll_std","Chain 1",2,1.15671641791045
"cytogenetics_mll_std","Chain 1",3,1.11194029850746
"cytogenetics_mll_std","Chain 1",4,1.11194029850746
"cytogenetics_mll_std","Chain 1",5,1.15671641791045
"cytogenetics_mll_std","Chain 1",6,1.14925373134328
"cytogenetics_mll_std","Chain 1",7,1.1044776119403
"cytogenetics_mll_std","Chain 1",8,1.11194029850746
"cytogenetics_mll_std","Chain 1",9,1.05970149253731
"cytogenetics_mll_std","Chain 1",10,1.11940298507463
"cytogenetics_mll_std","Chain 1",11,1.07462686567164
"cytogenetics_mll_std","Chain 1",12,1.11940298507463
"cytogenetics_mll_std","Chain 1",13,1.1044776119403
"cytogenetics_mll_std","Chain 1",14,1.12686567164179
"cytogenetics_mll_std","Chain 1",15,1.05970149253731
"cytogenetics_mll_std","Chain 1",16,1.11194029850746
"cytogenetics_mll_std","Chain 1",17,1.11194029850746
"cytogenetics_mll_std","Chain 1",18,1.11940298507463
"cytogenetics_mll_std","Chain 1",19,1.13432835820896
"cytogenetics_mll_std","Chain 1",20,1.14925373134328
"cytogenetics_mll_std","Chain 2",1,1.22388059701493
"cytogenetics_mll_std","Chain 2",2,1.14179104477612
"cytogenetics_mll_std","Chain 2",3,1.23134328358209
"cytogenetics_mll_std","Chain 2",4,1.23880597014925
"cytogenetics_mll_std","Chain 2",5,1.15671641791045
"cytogenetics_mll_std","Chain 2",6,1.17910447761194
"cytogenetics_mll_std","Chain 2",7,1.14925373134328
"cytogenetics_mll_std","Chain 2",8,1.17910447761194
"cytogenetics_mll_std","Chain 2",9,1.13432835820896
"cytogenetics_mll_std","Chain 2",10,1.20149253731343
"cytogenetics_mll_std","Chain 2",11,1.13432835820896
"cytogenetics_mll_std","Chain 2",12,1.14925373134328
"cytogenetics_mll_std","Chain 2",13,1.11940298507463
"cytogenetics_mll_std","Chain 2",14,1.15671641791045
"cytogenetics_mll_std","Chain 2",15,1.13432835820896
"cytogenetics_mll_std","Chain 2",16,1.13432835820896
"cytogenetics_mll_std","Chain 2",17,1.1044776119403
"cytogenetics_mll_std","Chain 2",18,1.09701492537313
"cytogenetics_mll_std","Chain 2",19,1.09701492537313
"cytogenetics_mll_std","Chain 2",20,1.08208955223881
"cytogenetics_mll_std","Chain 3",1,1.22388059701493
"cytogenetics_mll_std","Chain 3",2,1.13432835820896
"cytogenetics_mll_std","Chain 3",3,1.11194029850746
"cytogenetics_mll_std","Chain 3",4,1.15671641791045
"cytogenetics_mll_std","Chain 3",5,1.17910447761194
"cytogenetics_mll_std","Chain 3",6,1.13432835820896
"cytogenetics_mll_std","Chain 3",7,1.14925373134328
"cytogenetics_mll_std","Chain 3",8,1.05970149253731
"cytogenetics_mll_std","Chain 3",9,1.20149253731343
"cytogenetics_mll_std","Chain 3",10,1.20149253731343
"cytogenetics_mll_std","Chain 3",11,1.11194029850746
"cytogenetics_mll_std","Chain 3",12,1.09701492537313
"cytogenetics_mll_std","Chain 3",13,1.12686567164179
"cytogenetics_mll_std","Chain 3",14,1.08955223880597
"cytogenetics_mll_std","Chain 3",15,1.11194029850746
"cytogenetics_mll_std","Chain 3",16,1.09701492537313
"cytogenetics_mll_std","Chain 3",17,1.11194029850746
"cytogenetics_mll_std","Chain 3",18,1.1044776119403
"cytogenetics_mll_std","Chain 3",19,1.05223880597015
"cytogenetics_mll_std","Chain 3",20,1.07462686567164
"cytogenetics_mll_std","Chain 4",1,1.2089552238806
"cytogenetics_mll_std","Chain 4",2,1.16417910447761
"cytogenetics_mll_std","Chain 4",3,1.11194029850746
"cytogenetics_mll_std","Chain 4",4,1.09701492537313
"cytogenetics_mll_std","Chain 4",5,1.17164179104478
"cytogenetics_mll_std","Chain 4",6,1.14925373134328
"cytogenetics_mll_std","Chain 4",7,1.11194029850746
"cytogenetics_mll_std","Chain 4",8,1.11940298507463
"cytogenetics_mll_std","Chain 4",9,1.11194029850746
"cytogenetics_mll_std","Chain 4",10,1.13432835820896
"cytogenetics_mll_std","Chain 4",11,1.08208955223881
"cytogenetics_mll_std","Chain 4",12,1.09701492537313
"cytogenetics_mll_std","Chain 4",13,1.14179104477612
"cytogenetics_mll_std","Chain 4",14,1.07462686567164
"cytogenetics_mll_std","Chain 4",15,1.12686567164179
"cytogenetics_mll_std","Chain 4",16,1.09701492537313
"cytogenetics_mll_std","Chain 4",17,1.11940298507463
"cytogenetics_mll_std","Chain 4",18,1.12686567164179
"cytogenetics_mll_std","Chain 4",19,1.07462686567164
"cytogenetics_mll_std","Chain 4",20,1.07462686567164
"cytogenetics_mll_std","Chain 5",1,1.11940298507463
"cytogenetics_mll_std","Chain 5",2,1.14925373134328
"cytogenetics_mll_std","Chain 5",3,1.2089552238806
"cytogenetics_mll_std","Chain 5",4,1.22388059701493
"cytogenetics_mll_std","Chain 5",5,1.15671641791045
"cytogenetics_mll_std","Chain 5",6,1.14179104477612
"cytogenetics_mll_std","Chain 5",7,1.11940298507463
"cytogenetics_mll_std","Chain 5",8,1.13432835820896
"cytogenetics_mll_std","Chain 5",9,1.12686567164179
"cytogenetics_mll_std","Chain 5",10,1.15671641791045
"cytogenetics_mll_std","Chain 5",11,1.12686567164179
"cytogenetics_mll_std","Chain 5",12,1.13432835820896
"cytogenetics_mll_std","Chain 5",13,1.11194029850746
"cytogenetics_mll_std","Chain 5",14,1.14179104477612
"cytogenetics_mll_std","Chain 5",15,1.09701492537313
"cytogenetics_mll_std","Chain 5",16,1.12686567164179
"cytogenetics_mll_std","Chain 5",17,1.08955223880597
"cytogenetics_mll_std","Chain 5",18,1.08208955223881
"cytogenetics_mll_std","Chain 5",19,1.08208955223881
"cytogenetics_mll_std","Chain 5",20,1.08208955223881
"cytogenetics_mll_std","Chain 6",1,1.20149253731343
"cytogenetics_mll_std","Chain 6",2,1.16417910447761
"cytogenetics_mll_std","Chain 6",3,1.15671641791045
"cytogenetics_mll_std","Chain 6",4,1.17910447761194
"cytogenetics_mll_std","Chain 6",5,1.23880597014925
"cytogenetics_mll_std","Chain 6",6,1.16417910447761
"cytogenetics_mll_std","Chain 6",7,1.14925373134328
"cytogenetics_mll_std","Chain 6",8,1.09701492537313
"cytogenetics_mll_std","Chain 6",9,1.16417910447761
"cytogenetics_mll_std","Chain 6",10,1.19402985074627
"cytogenetics_mll_std","Chain 6",11,1.11194029850746
"cytogenetics_mll_std","Chain 6",12,1.14179104477612
"cytogenetics_mll_std","Chain 6",13,1.1044776119403
"cytogenetics_mll_std","Chain 6",14,1.14179104477612
"cytogenetics_mll_std","Chain 6",15,1.13432835820896
"cytogenetics_mll_std","Chain 6",16,1.12686567164179
"cytogenetics_mll_std","Chain 6",17,1.11940298507463
"cytogenetics_mll_std","Chain 6",18,1.09701492537313
"cytogenetics_mll_std","Chain 6",19,1.11194029850746
"cytogenetics_mll_std","Chain 6",20,1.09701492537313
"cytogenetics_mll_std","Chain 7",1,1.23134328358209
"cytogenetics_mll_std","Chain 7",2,1.1865671641791
"cytogenetics_mll_std","Chain 7",3,1.22388059701493
"cytogenetics_mll_std","Chain 7",4,1.17910447761194
"cytogenetics_mll_std","Chain 7",5,1.16417910447761
"cytogenetics_mll_std","Chain 7",6,1.17164179104478
"cytogenetics_mll_std","Chain 7",7,1.12686567164179
"cytogenetics_mll_std","Chain 7",8,1.1044776119403
"cytogenetics_mll_std","Chain 7",9,1.12686567164179
"cytogenetics_mll_std","Chain 7",10,1.09701492537313
"cytogenetics_mll_std","Chain 7",11,1.09701492537313
"cytogenetics_mll_std","Chain 7",12,1.14925373134328
"cytogenetics_mll_std","Chain 7",13,1.14925373134328
"cytogenetics_mll_std","Chain 7",14,1.08955223880597
"cytogenetics_mll_std","Chain 7",15,1.09701492537313
"cytogenetics_mll_std","Chain 7",16,1.11940298507463
"cytogenetics_mll_std","Chain 7",17,1.14179104477612
"cytogenetics_mll_std","Chain 7",18,1.05223880597015
"cytogenetics_mll_std","Chain 7",19,1.08955223880597
"cytogenetics_mll_std","Chain 7",20,1.09701492537313
"cytogenetics_mll_std","Chain 8",1,1.22388059701493
"cytogenetics_mll_std","Chain 8",2,1.19402985074627
"cytogenetics_mll_std","Chain 8",3,1.14179104477612
"cytogenetics_mll_std","Chain 8",4,1.12686567164179
"cytogenetics_mll_std","Chain 8",5,1.12686567164179
"cytogenetics_mll_std","Chain 8",6,1.15671641791045
"cytogenetics_mll_std","Chain 8",7,1.1865671641791
"cytogenetics_mll_std","Chain 8",8,1.11194029850746
"cytogenetics_mll_std","Chain 8",9,1.15671641791045
"cytogenetics_mll_std","Chain 8",10,1.14925373134328
"cytogenetics_mll_std","Chain 8",11,1.14179104477612
"cytogenetics_mll_std","Chain 8",12,1.08955223880597
"cytogenetics_mll_std","Chain 8",13,1.15671641791045
"cytogenetics_mll_std","Chain 8",14,1.16417910447761
"cytogenetics_mll_std","Chain 8",15,1.11194029850746
"cytogenetics_mll_std","Chain 8",16,1.08955223880597
"cytogenetics_mll_std","Chain 8",17,1.08955223880597
"cytogenetics_mll_std","Chain 8",18,1.11940298507463
"cytogenetics_mll_std","Chain 8",19,1.11940298507463
"cytogenetics_mll_std","Chain 8",20,1.1044776119403
"cytogenetics_mll_std","Chain 9",1,1.2089552238806
"cytogenetics_mll_std","Chain 9",2,1.14179104477612
"cytogenetics_mll_std","Chain 9",3,1.16417910447761
"cytogenetics_mll_std","Chain 9",4,1.16417910447761
"cytogenetics_mll_std","Chain 9",5,1.11194029850746
"cytogenetics_mll_std","Chain 9",6,1.17164179104478
"cytogenetics_mll_std","Chain 9",7,1.15671641791045
"cytogenetics_mll_std","Chain 9",8,1.11940298507463
"cytogenetics_mll_std","Chain 9",9,1.05223880597015
"cytogenetics_mll_std","Chain 9",10,1.08208955223881
"cytogenetics_mll_std","Chain 9",11,1.06716417910448
"cytogenetics_mll_std","Chain 9",12,1.08955223880597
"cytogenetics_mll_std","Chain 9",13,1.06716417910448
"cytogenetics_mll_std","Chain 9",14,1.08955223880597
"cytogenetics_mll_std","Chain 9",15,1.06716417910448
"cytogenetics_mll_std","Chain 9",16,1.05223880597015
"cytogenetics_mll_std","Chain 9",17,1.11194029850746
"cytogenetics_mll_std","Chain 9",18,1.05970149253731
"cytogenetics_mll_std","Chain 9",19,1.08208955223881
"cytogenetics_mll_std","Chain 9",20,1.06716417910448
"cytogenetics_mll_std","Chain 10",1,1.17164179104478
"cytogenetics_mll_std","Chain 10",2,1.15671641791045
"cytogenetics_mll_std","Chain 10",3,1.13432835820896
"cytogenetics_mll_std","Chain 10",4,1.13432835820896
"cytogenetics_mll_std","Chain 10",5,1.07462686567164
"cytogenetics_mll_std","Chain 10",6,1.12686567164179
"cytogenetics_mll_std","Chain 10",7,1.11194029850746
"cytogenetics_mll_std","Chain 10",8,1.12686567164179
"cytogenetics_mll_std","Chain 10",9,1.11940298507463
"cytogenetics_mll_std","Chain 10",10,1.2089552238806
"cytogenetics_mll_std","Chain 10",11,1.14925373134328
"cytogenetics_mll_std","Chain 10",12,1.12686567164179
"cytogenetics_mll_std","Chain 10",13,1.08955223880597
"cytogenetics_mll_std","Chain 10",14,1.12686567164179
"cytogenetics_mll_std","Chain 10",15,1.11194029850746
"cytogenetics_mll_std","Chain 10",16,1.14925373134328
"cytogenetics_mll_std","Chain 10",17,1.1044776119403
"cytogenetics_mll_std","Chain 10",18,1.07462686567164
"cytogenetics_mll_std","Chain 10",19,1.09701492537313
"cytogenetics_mll_std","Chain 10",20,1.06716417910448
"cytogenetics_mll_std","Chain 11",1,1.19402985074627
"cytogenetics_mll_std","Chain 11",2,1.26865671641791
"cytogenetics_mll_std","Chain 11",3,1.19402985074627
"cytogenetics_mll_std","Chain 11",4,1.17910447761194
"cytogenetics_mll_std","Chain 11",5,1.1044776119403
"cytogenetics_mll_std","Chain 11",6,1.15671641791045
"cytogenetics_mll_std","Chain 11",7,1.16417910447761
"cytogenetics_mll_std","Chain 11",8,1.11194029850746
"cytogenetics_mll_std","Chain 11",9,1.1044776119403
"cytogenetics_mll_std","Chain 11",10,1.11940298507463
"cytogenetics_mll_std","Chain 11",11,1.19402985074627
"cytogenetics_mll_std","Chain 11",12,1.11940298507463
"cytogenetics_mll_std","Chain 11",13,1.11194029850746
"cytogenetics_mll_std","Chain 11",14,1.14179104477612
"cytogenetics_mll_std","Chain 11",15,1.14925373134328
"cytogenetics_mll_std","Chain 11",16,1.1044776119403
"cytogenetics_mll_std","Chain 11",17,1.07462686567164
"cytogenetics_mll_std","Chain 11",18,1.09701492537313
"cytogenetics_mll_std","Chain 11",19,1.11940298507463
"cytogenetics_mll_std","Chain 11",20,1.08955223880597
"cytogenetics_mll_std","Chain 12",1,1.1865671641791
"cytogenetics_mll_std","Chain 12",2,1.1865671641791
"cytogenetics_mll_std","Chain 12",3,1.17164179104478
"cytogenetics_mll_std","Chain 12",4,1.17910447761194
"cytogenetics_mll_std","Chain 12",5,1.21641791044776
"cytogenetics_mll_std","Chain 12",6,1.14179104477612
"cytogenetics_mll_std","Chain 12",7,1.11940298507463
"cytogenetics_mll_std","Chain 12",8,1.14179104477612
"cytogenetics_mll_std","Chain 12",9,1.13432835820896
"cytogenetics_mll_std","Chain 12",10,1.07462686567164
"cytogenetics_mll_std","Chain 12",11,1.11940298507463
"cytogenetics_mll_std","Chain 12",12,1.09701492537313
"cytogenetics_mll_std","Chain 12",13,1.08955223880597
"cytogenetics_mll_std","Chain 12",14,1.08955223880597
"cytogenetics_mll_std","Chain 12",15,1.1044776119403
"cytogenetics_mll_std","Chain 12",16,1.11194029850746
"cytogenetics_mll_std","Chain 12",17,1.08208955223881
"cytogenetics_mll_std","Chain 12",18,1.1044776119403
"cytogenetics_mll_std","Chain 12",19,1.06716417910448
"cytogenetics_mll_std","Chain 12",20,1.08955223880597
"cytogenetics_mll_std","Chain 13",1,1.15671641791045
"cytogenetics_mll_std","Chain 13",2,1.20149253731343
"cytogenetics_mll_std","Chain 13",3,1.1044776119403
"cytogenetics_mll_std","Chain 13",4,1.17164179104478
"cytogenetics_mll_std","Chain 13",5,1.22388059701493
"cytogenetics_mll_std","Chain 13",6,1.17164179104478
"cytogenetics_mll_std","Chain 13",7,1.14925373134328
"cytogenetics_mll_std","Chain 13",8,1.13432835820896
"cytogenetics_mll_std","Chain 13",9,1.11940298507463
"cytogenetics_mll_std","Chain 13",10,1.08208955223881
"cytogenetics_mll_std","Chain 13",11,1.08208955223881
"cytogenetics_mll_std","Chain 13",12,1.11940298507463
"cytogenetics_mll_std","Chain 13",13,1.09701492537313
"cytogenetics_mll_std","Chain 13",14,1.15671641791045
"cytogenetics_mll_std","Chain 13",15,1.08955223880597
"cytogenetics_mll_std","Chain 13",16,1.08208955223881
"cytogenetics_mll_std","Chain 13",17,1.1044776119403
"cytogenetics_mll_std","Chain 13",18,1.09701492537313
"cytogenetics_mll_std","Chain 13",19,1.08208955223881
"cytogenetics_mll_std","Chain 13",20,1.14179104477612
"cytogenetics_mll_std","Chain 14",1,1.16417910447761
"cytogenetics_mll_std","Chain 14",2,1.24626865671642
"cytogenetics_mll_std","Chain 14",3,1.19402985074627
"cytogenetics_mll_std","Chain 14",4,1.20149253731343
"cytogenetics_mll_std","Chain 14",5,1.17910447761194
"cytogenetics_mll_std","Chain 14",6,1.14179104477612
"cytogenetics_mll_std","Chain 14",7,1.11940298507463
"cytogenetics_mll_std","Chain 14",8,1.1865671641791
"cytogenetics_mll_std","Chain 14",9,1.11194029850746
"cytogenetics_mll_std","Chain 14",10,1.07462686567164
"cytogenetics_mll_std","Chain 14",11,1.20149253731343
"cytogenetics_mll_std","Chain 14",12,1.17164179104478
"cytogenetics_mll_std","Chain 14",13,1.06716417910448
"cytogenetics_mll_std","Chain 14",14,1.15671641791045
"cytogenetics_mll_std","Chain 14",15,1.11940298507463
"cytogenetics_mll_std","Chain 14",16,1.08208955223881
"cytogenetics_mll_std","Chain 14",17,1.14925373134328
"cytogenetics_mll_std","Chain 14",18,1.16417910447761
"cytogenetics_mll_std","Chain 14",19,1.12686567164179
"cytogenetics_mll_std","Chain 14",20,1.14179104477612
"cytogenetics_mll_std","Chain 15",1,1.21641791044776
"cytogenetics_mll_std","Chain 15",2,1.2089552238806
"cytogenetics_mll_std","Chain 15",3,1.15671641791045
"cytogenetics_mll_std","Chain 15",4,1.14179104477612
"cytogenetics_mll_std","Chain 15",5,1.11940298507463
"cytogenetics_mll_std","Chain 15",6,1.08208955223881
"cytogenetics_mll_std","Chain 15",7,1.11194029850746
"cytogenetics_mll_std","Chain 15",8,1.06716417910448
"cytogenetics_mll_std","Chain 15",9,1.08208955223881
"cytogenetics_mll_std","Chain 15",10,1.08955223880597
"cytogenetics_mll_std","Chain 15",11,1.11194029850746
"cytogenetics_mll_std","Chain 15",12,1.08955223880597
"cytogenetics_mll_std","Chain 15",13,1.09701492537313
"cytogenetics_mll_std","Chain 15",14,1.05223880597015
"cytogenetics_mll_std","Chain 15",15,1.05970149253731
"cytogenetics_mll_std","Chain 15",16,1.05970149253731
"cytogenetics_mll_std","Chain 15",17,1.06716417910448
"cytogenetics_mll_std","Chain 15",18,1.06716417910448
"cytogenetics_mll_std","Chain 15",19,1.07462686567164
"cytogenetics_mll_std","Chain 15",20,1.07462686567164
"cytogenetics_mll_std","Chain 16",1,1.15671641791045
"cytogenetics_mll_std","Chain 16",2,1.27611940298507
"cytogenetics_mll_std","Chain 16",3,1.20149253731343
"cytogenetics_mll_std","Chain 16",4,1.11940298507463
"cytogenetics_mll_std","Chain 16",5,1.15671641791045
"cytogenetics_mll_std","Chain 16",6,1.24626865671642
"cytogenetics_mll_std","Chain 16",7,1.11194029850746
"cytogenetics_mll_std","Chain 16",8,1.11940298507463
"cytogenetics_mll_std","Chain 16",9,1.14925373134328
"cytogenetics_mll_std","Chain 16",10,1.1044776119403
"cytogenetics_mll_std","Chain 16",11,1.16417910447761
"cytogenetics_mll_std","Chain 16",12,1.13432835820896
"cytogenetics_mll_std","Chain 16",13,1.19402985074627
"cytogenetics_mll_std","Chain 16",14,1.12686567164179
"cytogenetics_mll_std","Chain 16",15,1.17164179104478
"cytogenetics_mll_std","Chain 16",16,1.15671641791045
"cytogenetics_mll_std","Chain 16",17,1.15671641791045
"cytogenetics_mll_std","Chain 16",18,1.1044776119403
"cytogenetics_mll_std","Chain 16",19,1.11194029850746
"cytogenetics_mll_std","Chain 16",20,1.12686567164179
"cytogenetics_mll_std","Chain 17",1,1.2089552238806
"cytogenetics_mll_std","Chain 17",2,1.14179104477612
"cytogenetics_mll_std","Chain 17",3,1.2089552238806
"cytogenetics_mll_std","Chain 17",4,1.15671641791045
"cytogenetics_mll_std","Chain 17",5,1.1044776119403
"cytogenetics_mll_std","Chain 17",6,1.15671641791045
"cytogenetics_mll_std","Chain 17",7,1.13432835820896
"cytogenetics_mll_std","Chain 17",8,1.11194029850746
"cytogenetics_mll_std","Chain 17",9,1.13432835820896
"cytogenetics_mll_std","Chain 17",10,1.08955223880597
"cytogenetics_mll_std","Chain 17",11,1.09701492537313
"cytogenetics_mll_std","Chain 17",12,1.11940298507463
"cytogenetics_mll_std","Chain 17",13,1.09701492537313
"cytogenetics_mll_std","Chain 17",14,1.1044776119403
"cytogenetics_mll_std","Chain 17",15,1.11194029850746
"cytogenetics_mll_std","Chain 17",16,1.11194029850746
"cytogenetics_mll_std","Chain 17",17,1.1044776119403
"cytogenetics_mll_std","Chain 17",18,1.09701492537313
"cytogenetics_mll_std","Chain 17",19,1.15671641791045
"cytogenetics_mll_std","Chain 17",20,1.13432835820896
"cytogenetics_mll_std","Chain 18",1,1.19402985074627
"cytogenetics_mll_std","Chain 18",2,1.20149253731343
"cytogenetics_mll_std","Chain 18",3,1.17164179104478
"cytogenetics_mll_std","Chain 18",4,1.15671641791045
"cytogenetics_mll_std","Chain 18",5,1.14179104477612
"cytogenetics_mll_std","Chain 18",6,1.16417910447761
"cytogenetics_mll_std","Chain 18",7,1.16417910447761
"cytogenetics_mll_std","Chain 18",8,1.14179104477612
"cytogenetics_mll_std","Chain 18",9,1.1044776119403
"cytogenetics_mll_std","Chain 18",10,1.14179104477612
"cytogenetics_mll_std","Chain 18",11,1.14925373134328
"cytogenetics_mll_std","Chain 18",12,1.15671641791045
"cytogenetics_mll_std","Chain 18",13,1.08955223880597
"cytogenetics_mll_std","Chain 18",14,1.12686567164179
"cytogenetics_mll_std","Chain 18",15,1.09701492537313
"cytogenetics_mll_std","Chain 18",16,1.08955223880597
"cytogenetics_mll_std","Chain 18",17,1.13432835820896
"cytogenetics_mll_std","Chain 18",18,1.08208955223881
"cytogenetics_mll_std","Chain 18",19,1.07462686567164
"cytogenetics_mll_std","Chain 18",20,1.08955223880597
"cytogenetics_mll_std","Chain 19",1,1.13432835820896
"cytogenetics_mll_std","Chain 19",2,1.11194029850746
"cytogenetics_mll_std","Chain 19",3,1.13432835820896
"cytogenetics_mll_std","Chain 19",4,1.15671641791045
"cytogenetics_mll_std","Chain 19",5,1.17910447761194
"cytogenetics_mll_std","Chain 19",6,1.13432835820896
"cytogenetics_mll_std","Chain 19",7,1.11940298507463
"cytogenetics_mll_std","Chain 19",8,1.13432835820896
"cytogenetics_mll_std","Chain 19",9,1.14179104477612
"cytogenetics_mll_std","Chain 19",10,1.13432835820896
"cytogenetics_mll_std","Chain 19",11,1.08955223880597
"cytogenetics_mll_std","Chain 19",12,1.08955223880597
"cytogenetics_mll_std","Chain 19",13,1.07462686567164
"cytogenetics_mll_std","Chain 19",14,1.03731343283582
"cytogenetics_mll_std","Chain 19",15,1.04477611940298
"cytogenetics_mll_std","Chain 19",16,1.07462686567164
"cytogenetics_mll_std","Chain 19",17,1.09701492537313
"cytogenetics_mll_std","Chain 19",18,1.11940298507463
"cytogenetics_mll_std","Chain 19",19,1.05223880597015
"cytogenetics_mll_std","Chain 19",20,1.08208955223881
"cytogenetics_mll_std","Chain 20",1,1.26865671641791
"cytogenetics_mll_std","Chain 20",2,1.17910447761194
"cytogenetics_mll_std","Chain 20",3,1.14925373134328
"cytogenetics_mll_std","Chain 20",4,1.12686567164179
"cytogenetics_mll_std","Chain 20",5,1.14925373134328
"cytogenetics_mll_std","Chain 20",6,1.1044776119403
"cytogenetics_mll_std","Chain 20",7,1.15671641791045
"cytogenetics_mll_std","Chain 20",8,1.12686567164179
"cytogenetics_mll_std","Chain 20",9,1.09701492537313
"cytogenetics_mll_std","Chain 20",10,1.14925373134328
"cytogenetics_mll_std","Chain 20",11,1.13432835820896
"cytogenetics_mll_std","Chain 20",12,1.15671641791045
"cytogenetics_mll_std","Chain 20",13,1.11940298507463
"cytogenetics_mll_std","Chain 20",14,1.14179104477612
"cytogenetics_mll_std","Chain 20",15,1.08955223880597
"cytogenetics_mll_std","Chain 20",16,1.14925373134328
"cytogenetics_mll_std","Chain 20",17,1.1044776119403
"cytogenetics_mll_std","Chain 20",18,1.09701492537313
"cytogenetics_mll_std","Chain 20",19,1.08955223880597
"cytogenetics_mll_std","Chain 20",20,1.07462686567164
"cytogenetics_mll_std","Chain 21",1,1.21641791044776
"cytogenetics_mll_std","Chain 21",2,1.24626865671642
"cytogenetics_mll_std","Chain 21",3,1.14179104477612
"cytogenetics_mll_std","Chain 21",4,1.13432835820896
"cytogenetics_mll_std","Chain 21",5,1.14179104477612
"cytogenetics_mll_std","Chain 21",6,1.12686567164179
"cytogenetics_mll_std","Chain 21",7,1.13432835820896
"cytogenetics_mll_std","Chain 21",8,1.1044776119403
"cytogenetics_mll_std","Chain 21",9,1.14179104477612
"cytogenetics_mll_std","Chain 21",10,1.11940298507463
"cytogenetics_mll_std","Chain 21",11,1.09701492537313
"cytogenetics_mll_std","Chain 21",12,1.06716417910448
"cytogenetics_mll_std","Chain 21",13,1.12686567164179
"cytogenetics_mll_std","Chain 21",14,1.12686567164179
"cytogenetics_mll_std","Chain 21",15,1.12686567164179
"cytogenetics_mll_std","Chain 21",16,1.11940298507463
"cytogenetics_mll_std","Chain 21",17,1.07462686567164
"cytogenetics_mll_std","Chain 21",18,1.07462686567164
"cytogenetics_mll_std","Chain 21",19,1.07462686567164
"cytogenetics_mll_std","Chain 21",20,1.08208955223881
"cytogenetics_mll_std","Chain 22",1,1.1865671641791
"cytogenetics_mll_std","Chain 22",2,1.16417910447761
"cytogenetics_mll_std","Chain 22",3,1.1865671641791
"cytogenetics_mll_std","Chain 22",4,1.17164179104478
"cytogenetics_mll_std","Chain 22",5,1.15671641791045
"cytogenetics_mll_std","Chain 22",6,1.16417910447761
"cytogenetics_mll_std","Chain 22",7,1.12686567164179
"cytogenetics_mll_std","Chain 22",8,1.12686567164179
"cytogenetics_mll_std","Chain 22",9,1.14179104477612
"cytogenetics_mll_std","Chain 22",10,1.12686567164179
"cytogenetics_mll_std","Chain 22",11,1.12686567164179
"cytogenetics_mll_std","Chain 22",12,1.08955223880597
"cytogenetics_mll_std","Chain 22",13,1.1044776119403
"cytogenetics_mll_std","Chain 22",14,1.08208955223881
"cytogenetics_mll_std","Chain 22",15,1.15671641791045
"cytogenetics_mll_std","Chain 22",16,1.08208955223881
"cytogenetics_mll_std","Chain 22",17,1.14179104477612
"cytogenetics_mll_std","Chain 22",18,1.11940298507463
"cytogenetics_mll_std","Chain 22",19,1.05970149253731
"cytogenetics_mll_std","Chain 22",20,1.11940298507463
"cytogenetics_mll_std","Chain 23",1,1.17910447761194
"cytogenetics_mll_std","Chain 23",2,1.14925373134328
"cytogenetics_mll_std","Chain 23",3,1.17910447761194
"cytogenetics_mll_std","Chain 23",4,1.14925373134328
"cytogenetics_mll_std","Chain 23",5,1.14179104477612
"cytogenetics_mll_std","Chain 23",6,1.13432835820896
"cytogenetics_mll_std","Chain 23",7,1.12686567164179
"cytogenetics_mll_std","Chain 23",8,1.1044776119403
"cytogenetics_mll_std","Chain 23",9,1.11194029850746
"cytogenetics_mll_std","Chain 23",10,1.13432835820896
"cytogenetics_mll_std","Chain 23",11,1.11194029850746
"cytogenetics_mll_std","Chain 23",12,1.08208955223881
"cytogenetics_mll_std","Chain 23",13,1.06716417910448
"cytogenetics_mll_std","Chain 23",14,1.11194029850746
"cytogenetics_mll_std","Chain 23",15,1.09701492537313
"cytogenetics_mll_std","Chain 23",16,1.08208955223881
"cytogenetics_mll_std","Chain 23",17,1.07462686567164
"cytogenetics_mll_std","Chain 23",18,1.08208955223881
"cytogenetics_mll_std","Chain 23",19,1.08208955223881
"cytogenetics_mll_std","Chain 23",20,1.06716417910448
"cytogenetics_mll_std","Chain 24",1,1.14179104477612
"cytogenetics_mll_std","Chain 24",2,1.14925373134328
"cytogenetics_mll_std","Chain 24",3,1.11194029850746
"cytogenetics_mll_std","Chain 24",4,1.16417910447761
"cytogenetics_mll_std","Chain 24",5,1.14179104477612
"cytogenetics_mll_std","Chain 24",6,1.05970149253731
"cytogenetics_mll_std","Chain 24",7,1.11940298507463
"cytogenetics_mll_std","Chain 24",8,1.11194029850746
"cytogenetics_mll_std","Chain 24",9,1.11940298507463
"cytogenetics_mll_std","Chain 24",10,1.1044776119403
"cytogenetics_mll_std","Chain 24",11,1.13432835820896
"cytogenetics_mll_std","Chain 24",12,1.12686567164179
"cytogenetics_mll_std","Chain 24",13,1.09701492537313
"cytogenetics_mll_std","Chain 24",14,1.11940298507463
"cytogenetics_mll_std","Chain 24",15,1.12686567164179
"cytogenetics_mll_std","Chain 24",16,1.08955223880597
"cytogenetics_mll_std","Chain 24",17,1.09701492537313
"cytogenetics_mll_std","Chain 24",18,1.15671641791045
"cytogenetics_mll_std","Chain 24",19,1.12686567164179
"cytogenetics_mll_std","Chain 24",20,1.08955223880597
"cytogenetics_mll_std","Chain 25",1,1.19402985074627
"cytogenetics_mll_std","Chain 25",2,1.11940298507463
"cytogenetics_mll_std","Chain 25",3,1.17164179104478
"cytogenetics_mll_std","Chain 25",4,1.14179104477612
"cytogenetics_mll_std","Chain 25",5,1.11194029850746
"cytogenetics_mll_std","Chain 25",6,1.16417910447761
"cytogenetics_mll_std","Chain 25",7,1.08955223880597
"cytogenetics_mll_std","Chain 25",8,1.12686567164179
"cytogenetics_mll_std","Chain 25",9,1.1044776119403
"cytogenetics_mll_std","Chain 25",10,1.11194029850746
"cytogenetics_mll_std","Chain 25",11,1.13432835820896
"cytogenetics_mll_std","Chain 25",12,1.09701492537313
"cytogenetics_mll_std","Chain 25",13,1.08955223880597
"cytogenetics_mll_std","Chain 25",14,1.08208955223881
"cytogenetics_mll_std","Chain 25",15,1.1044776119403
"cytogenetics_mll_std","Chain 25",16,1.08955223880597
"cytogenetics_mll_std","Chain 25",17,1.11940298507463
"cytogenetics_mll_std","Chain 25",18,1.14179104477612
"cytogenetics_mll_std","Chain 25",19,1.09701492537313
"cytogenetics_mll_std","Chain 25",20,1.07462686567164
"cytogenetics_mll_std","Chain 26",1,1.20149253731343
"cytogenetics_mll_std","Chain 26",2,1.16417910447761
"cytogenetics_mll_std","Chain 26",3,1.14925373134328
"cytogenetics_mll_std","Chain 26",4,1.16417910447761
"cytogenetics_mll_std","Chain 26",5,1.16417910447761
"cytogenetics_mll_std","Chain 26",6,1.13432835820896
"cytogenetics_mll_std","Chain 26",7,1.17910447761194
"cytogenetics_mll_std","Chain 26",8,1.09701492537313
"cytogenetics_mll_std","Chain 26",9,1.13432835820896
"cytogenetics_mll_std","Chain 26",10,1.06716417910448
"cytogenetics_mll_std","Chain 26",11,1.06716417910448
"cytogenetics_mll_std","Chain 26",12,1.1044776119403
"cytogenetics_mll_std","Chain 26",13,1.14179104477612
"cytogenetics_mll_std","Chain 26",14,1.08208955223881
"cytogenetics_mll_std","Chain 26",15,1.1044776119403
"cytogenetics_mll_std","Chain 26",16,1.14179104477612
"cytogenetics_mll_std","Chain 26",17,1.09701492537313
"cytogenetics_mll_std","Chain 26",18,1.06716417910448
"cytogenetics_mll_std","Chain 26",19,1.08955223880597
"cytogenetics_mll_std","Chain 26",20,1.11194029850746
"cytogenetics_mll_std","Chain 27",1,1.17164179104478
"cytogenetics_mll_std","Chain 27",2,1.2089552238806
"cytogenetics_mll_std","Chain 27",3,1.16417910447761
"cytogenetics_mll_std","Chain 27",4,1.16417910447761
"cytogenetics_mll_std","Chain 27",5,1.15671641791045
"cytogenetics_mll_std","Chain 27",6,1.11194029850746
"cytogenetics_mll_std","Chain 27",7,1.1044776119403
"cytogenetics_mll_std","Chain 27",8,1.17164179104478
"cytogenetics_mll_std","Chain 27",9,1.13432835820896
"cytogenetics_mll_std","Chain 27",10,1.09701492537313
"cytogenetics_mll_std","Chain 27",11,1.13432835820896
"cytogenetics_mll_std","Chain 27",12,1.17910447761194
"cytogenetics_mll_std","Chain 27",13,1.14925373134328
"cytogenetics_mll_std","Chain 27",14,1.1044776119403
"cytogenetics_mll_std","Chain 27",15,1.11940298507463
"cytogenetics_mll_std","Chain 27",16,1.11194029850746
"cytogenetics_mll_std","Chain 27",17,1.11194029850746
"cytogenetics_mll_std","Chain 27",18,1.06716417910448
"cytogenetics_mll_std","Chain 27",19,1.09701492537313
"cytogenetics_mll_std","Chain 27",20,1.06716417910448
"cytogenetics_mll_std","Chain 28",1,1.1865671641791
"cytogenetics_mll_std","Chain 28",2,1.1865671641791
"cytogenetics_mll_std","Chain 28",3,1.16417910447761
"cytogenetics_mll_std","Chain 28",4,1.13432835820896
"cytogenetics_mll_std","Chain 28",5,1.17910447761194
"cytogenetics_mll_std","Chain 28",6,1.14179104477612
"cytogenetics_mll_std","Chain 28",7,1.17164179104478
"cytogenetics_mll_std","Chain 28",8,1.17164179104478
"cytogenetics_mll_std","Chain 28",9,1.1044776119403
"cytogenetics_mll_std","Chain 28",10,1.06716417910448
"cytogenetics_mll_std","Chain 28",11,1.12686567164179
"cytogenetics_mll_std","Chain 28",12,1.09701492537313
"cytogenetics_mll_std","Chain 28",13,1.14925373134328
"cytogenetics_mll_std","Chain 28",14,1.08208955223881
"cytogenetics_mll_std","Chain 28",15,1.08955223880597
"cytogenetics_mll_std","Chain 28",16,1.08955223880597
"cytogenetics_mll_std","Chain 28",17,1.08208955223881
"cytogenetics_mll_std","Chain 28",18,1.11194029850746
"cytogenetics_mll_std","Chain 28",19,1.08208955223881
"cytogenetics_mll_std","Chain 28",20,1.06716417910448
"cytogenetics_mll_std","Chain 29",1,1.16417910447761
"cytogenetics_mll_std","Chain 29",2,1.1865671641791
"cytogenetics_mll_std","Chain 29",3,1.24626865671642
"cytogenetics_mll_std","Chain 29",4,1.16417910447761
"cytogenetics_mll_std","Chain 29",5,1.12686567164179
"cytogenetics_mll_std","Chain 29",6,1.11194029850746
"cytogenetics_mll_std","Chain 29",7,1.08208955223881
"cytogenetics_mll_std","Chain 29",8,1.15671641791045
"cytogenetics_mll_std","Chain 29",9,1.14179104477612
"cytogenetics_mll_std","Chain 29",10,1.12686567164179
"cytogenetics_mll_std","Chain 29",11,1.17910447761194
"cytogenetics_mll_std","Chain 29",12,1.13432835820896
"cytogenetics_mll_std","Chain 29",13,1.14925373134328
"cytogenetics_mll_std","Chain 29",14,1.08955223880597
"cytogenetics_mll_std","Chain 29",15,1.05970149253731
"cytogenetics_mll_std","Chain 29",16,1.07462686567164
"cytogenetics_mll_std","Chain 29",17,1.09701492537313
"cytogenetics_mll_std","Chain 29",18,1.08955223880597
"cytogenetics_mll_std","Chain 29",19,1.07462686567164
"cytogenetics_mll_std","Chain 29",20,1.07462686567164
"cytogenetics_mll_std","Chain 30",1,1.17910447761194
"cytogenetics_mll_std","Chain 30",2,1.22388059701493
"cytogenetics_mll_std","Chain 30",3,1.19402985074627
"cytogenetics_mll_std","Chain 30",4,1.17910447761194
"cytogenetics_mll_std","Chain 30",5,1.13432835820896
"cytogenetics_mll_std","Chain 30",6,1.12686567164179
"cytogenetics_mll_std","Chain 30",7,1.08955223880597
"cytogenetics_mll_std","Chain 30",8,1.17164179104478
"cytogenetics_mll_std","Chain 30",9,1.13432835820896
"cytogenetics_mll_std","Chain 30",10,1.11940298507463
"cytogenetics_mll_std","Chain 30",11,1.09701492537313
"cytogenetics_mll_std","Chain 30",12,1.11940298507463
"cytogenetics_mll_std","Chain 30",13,1.1044776119403
"cytogenetics_mll_std","Chain 30",14,1.09701492537313
"cytogenetics_mll_std","Chain 30",15,1.1044776119403
"cytogenetics_mll_std","Chain 30",16,1.08208955223881
"cytogenetics_mll_std","Chain 30",17,1.09701492537313
"cytogenetics_mll_std","Chain 30",18,1.09701492537313
"cytogenetics_mll_std","Chain 30",19,1.1044776119403
"cytogenetics_mll_std","Chain 30",20,1.13432835820896
"cytogenetics_monosomy7_std","Chain 1",1,1.04477611940298
"cytogenetics_monosomy7_std","Chain 1",2,1.02238805970149
"cytogenetics_monosomy7_std","Chain 1",3,1.02238805970149
"cytogenetics_monosomy7_std","Chain 1",4,1.01492537313433
"cytogenetics_monosomy7_std","Chain 1",5,1.00746268656716
"cytogenetics_monosomy7_std","Chain 1",6,1.02238805970149
"cytogenetics_monosomy7_std","Chain 1",7,1.00746268656716
"cytogenetics_monosomy7_std","Chain 1",8,1.02985074626866
"cytogenetics_monosomy7_std","Chain 1",9,1.04477611940298
"cytogenetics_monosomy7_std","Chain 1",10,1.02238805970149
"cytogenetics_monosomy7_std","Chain 1",11,1
"cytogenetics_monosomy7_std","Chain 1",12,1.01492537313433
"cytogenetics_monosomy7_std","Chain 1",13,1.02985074626866
"cytogenetics_monosomy7_std","Chain 1",14,1.00746268656716
"cytogenetics_monosomy7_std","Chain 1",15,1.00746268656716
"cytogenetics_monosomy7_std","Chain 1",16,1.03731343283582
"cytogenetics_monosomy7_std","Chain 1",17,1.01492537313433
"cytogenetics_monosomy7_std","Chain 1",18,1.02238805970149
"cytogenetics_monosomy7_std","Chain 1",19,1.01492537313433
"cytogenetics_monosomy7_std","Chain 1",20,1.02238805970149
"cytogenetics_monosomy7_std","Chain 2",1,1.05223880597015
"cytogenetics_monosomy7_std","Chain 2",2,1.03731343283582
"cytogenetics_monosomy7_std","Chain 2",3,1.02985074626866
"cytogenetics_monosomy7_std","Chain 2",4,1.05223880597015
"cytogenetics_monosomy7_std","Chain 2",5,1.03731343283582
"cytogenetics_monosomy7_std","Chain 2",6,1.04477611940298
"cytogenetics_monosomy7_std","Chain 2",7,1.02238805970149
"cytogenetics_monosomy7_std","Chain 2",8,1.02238805970149
"cytogenetics_monosomy7_std","Chain 2",9,1.05223880597015
"cytogenetics_monosomy7_std","Chain 2",10,1.06716417910448
"cytogenetics_monosomy7_std","Chain 2",11,1.02238805970149
"cytogenetics_monosomy7_std","Chain 2",12,1.01492537313433
"cytogenetics_monosomy7_std","Chain 2",13,1.05970149253731
"cytogenetics_monosomy7_std","Chain 2",14,1.05223880597015
"cytogenetics_monosomy7_std","Chain 2",15,1.05223880597015
"cytogenetics_monosomy7_std","Chain 2",16,1.02985074626866
"cytogenetics_monosomy7_std","Chain 2",17,1.04477611940298
"cytogenetics_monosomy7_std","Chain 2",18,1.03731343283582
"cytogenetics_monosomy7_std","Chain 2",19,1.02238805970149
"cytogenetics_monosomy7_std","Chain 2",20,1.03731343283582
"cytogenetics_monosomy7_std","Chain 3",1,1.02985074626866
"cytogenetics_monosomy7_std","Chain 3",2,1.03731343283582
"cytogenetics_monosomy7_std","Chain 3",3,1.05970149253731
"cytogenetics_monosomy7_std","Chain 3",4,1.05223880597015
"cytogenetics_monosomy7_std","Chain 3",5,1.01492537313433
"cytogenetics_monosomy7_std","Chain 3",6,1.00746268656716
"cytogenetics_monosomy7_std","Chain 3",7,1.03731343283582
"cytogenetics_monosomy7_std","Chain 3",8,1.02238805970149
"cytogenetics_monosomy7_std","Chain 3",9,1.03731343283582
"cytogenetics_monosomy7_std","Chain 3",10,1.05970149253731
"cytogenetics_monosomy7_std","Chain 3",11,1.05223880597015
"cytogenetics_monosomy7_std","Chain 3",12,1.05970149253731
"cytogenetics_monosomy7_std","Chain 3",13,1.02985074626866
"cytogenetics_monosomy7_std","Chain 3",14,1.02238805970149
"cytogenetics_monosomy7_std","Chain 3",15,1.02985074626866
"cytogenetics_monosomy7_std","Chain 3",16,1.04477611940298
"cytogenetics_monosomy7_std","Chain 3",17,1.02238805970149
"cytogenetics_monosomy7_std","Chain 3",18,1.02985074626866
"cytogenetics_monosomy7_std","Chain 3",19,1.02985074626866
"cytogenetics_monosomy7_std","Chain 3",20,1.02985074626866
"cytogenetics_monosomy7_std","Chain 4",1,1.03731343283582
"cytogenetics_monosomy7_std","Chain 4",2,1.02985074626866
"cytogenetics_monosomy7_std","Chain 4",3,1.08208955223881
"cytogenetics_monosomy7_std","Chain 4",4,1.02985074626866
"cytogenetics_monosomy7_std","Chain 4",5,1.03731343283582
"cytogenetics_monosomy7_std","Chain 4",6,1.01492537313433
"cytogenetics_monosomy7_std","Chain 4",7,1.04477611940298
"cytogenetics_monosomy7_std","Chain 4",8,1.02985074626866
"cytogenetics_monosomy7_std","Chain 4",9,1.03731343283582
"cytogenetics_monosomy7_std","Chain 4",10,1.02238805970149
"cytogenetics_monosomy7_std","Chain 4",11,1.04477611940298
"cytogenetics_monosomy7_std","Chain 4",12,1.02985074626866
"cytogenetics_monosomy7_std","Chain 4",13,1.00746268656716
"cytogenetics_monosomy7_std","Chain 4",14,1.03731343283582
"cytogenetics_monosomy7_std","Chain 4",15,1.03731343283582
"cytogenetics_monosomy7_std","Chain 4",16,1.02985074626866
"cytogenetics_monosomy7_std","Chain 4",17,1.02238805970149
"cytogenetics_monosomy7_std","Chain 4",18,1.00746268656716
"cytogenetics_monosomy7_std","Chain 4",19,1.04477611940298
"cytogenetics_monosomy7_std","Chain 4",20,1.04477611940298
"cytogenetics_monosomy7_std","Chain 5",1,1.02985074626866
"cytogenetics_monosomy7_std","Chain 5",2,1.02238805970149
"cytogenetics_monosomy7_std","Chain 5",3,1.02238805970149
"cytogenetics_monosomy7_std","Chain 5",4,1.03731343283582
"cytogenetics_monosomy7_std","Chain 5",5,1.02985074626866
"cytogenetics_monosomy7_std","Chain 5",6,1.05970149253731
"cytogenetics_monosomy7_std","Chain 5",7,1.05223880597015
"cytogenetics_monosomy7_std","Chain 5",8,1.03731343283582
"cytogenetics_monosomy7_std","Chain 5",9,1.01492537313433
"cytogenetics_monosomy7_std","Chain 5",10,1.02985074626866
"cytogenetics_monosomy7_std","Chain 5",11,1
"cytogenetics_monosomy7_std","Chain 5",12,1.00746268656716
"cytogenetics_monosomy7_std","Chain 5",13,1.02238805970149
"cytogenetics_monosomy7_std","Chain 5",14,1.00746268656716
"cytogenetics_monosomy7_std","Chain 5",15,1.02985074626866
"cytogenetics_monosomy7_std","Chain 5",16,1.04477611940298
"cytogenetics_monosomy7_std","Chain 5",17,1.05970149253731
"cytogenetics_monosomy7_std","Chain 5",18,1.07462686567164
"cytogenetics_monosomy7_std","Chain 5",19,1.02985074626866
"cytogenetics_monosomy7_std","Chain 5",20,1.01492537313433
"cytogenetics_monosomy7_std","Chain 6",1,1
"cytogenetics_monosomy7_std","Chain 6",2,1.01492537313433
"cytogenetics_monosomy7_std","Chain 6",3,1.04477611940298
"cytogenetics_monosomy7_std","Chain 6",4,1.04477611940298
"cytogenetics_monosomy7_std","Chain 6",5,1.07462686567164
"cytogenetics_monosomy7_std","Chain 6",6,1.06716417910448
"cytogenetics_monosomy7_std","Chain 6",7,1.07462686567164
"cytogenetics_monosomy7_std","Chain 6",8,1.09701492537313
"cytogenetics_monosomy7_std","Chain 6",9,1.09701492537313
"cytogenetics_monosomy7_std","Chain 6",10,1.06716417910448
"cytogenetics_monosomy7_std","Chain 6",11,1.03731343283582
"cytogenetics_monosomy7_std","Chain 6",12,1.04477611940298
"cytogenetics_monosomy7_std","Chain 6",13,1.02985074626866
"cytogenetics_monosomy7_std","Chain 6",14,1.03731343283582
"cytogenetics_monosomy7_std","Chain 6",15,1.01492537313433
"cytogenetics_monosomy7_std","Chain 6",16,1.01492537313433
"cytogenetics_monosomy7_std","Chain 6",17,1.01492537313433
"cytogenetics_monosomy7_std","Chain 6",18,1.05223880597015
"cytogenetics_monosomy7_std","Chain 6",19,1.06716417910448
"cytogenetics_monosomy7_std","Chain 6",20,1.05970149253731
"cytogenetics_monosomy7_std","Chain 7",1,1.02238805970149
"cytogenetics_monosomy7_std","Chain 7",2,1.01492537313433
"cytogenetics_monosomy7_std","Chain 7",3,1
"cytogenetics_monosomy7_std","Chain 7",4,1.03731343283582
"cytogenetics_monosomy7_std","Chain 7",5,1.02985074626866
"cytogenetics_monosomy7_std","Chain 7",6,1.05223880597015
"cytogenetics_monosomy7_std","Chain 7",7,1.04477611940298
"cytogenetics_monosomy7_std","Chain 7",8,1.02238805970149
"cytogenetics_monosomy7_std","Chain 7",9,1.05970149253731
"cytogenetics_monosomy7_std","Chain 7",10,1.02985074626866
"cytogenetics_monosomy7_std","Chain 7",11,1.01492537313433
"cytogenetics_monosomy7_std","Chain 7",12,1.04477611940298
"cytogenetics_monosomy7_std","Chain 7",13,1.04477611940298
"cytogenetics_monosomy7_std","Chain 7",14,1.02985074626866
"cytogenetics_monosomy7_std","Chain 7",15,1.00746268656716
"cytogenetics_monosomy7_std","Chain 7",16,1.03731343283582
"cytogenetics_monosomy7_std","Chain 7",17,1.02985074626866
"cytogenetics_monosomy7_std","Chain 7",18,1.05970149253731
"cytogenetics_monosomy7_std","Chain 7",19,1.05970149253731
"cytogenetics_monosomy7_std","Chain 7",20,1.07462686567164
"cytogenetics_monosomy7_std","Chain 8",1,1.00746268656716
"cytogenetics_monosomy7_std","Chain 8",2,1.03731343283582
"cytogenetics_monosomy7_std","Chain 8",3,1.03731343283582
"cytogenetics_monosomy7_std","Chain 8",4,1.03731343283582
"cytogenetics_monosomy7_std","Chain 8",5,1.04477611940298
"cytogenetics_monosomy7_std","Chain 8",6,1.02985074626866
"cytogenetics_monosomy7_std","Chain 8",7,1.03731343283582
"cytogenetics_monosomy7_std","Chain 8",8,1.05970149253731
"cytogenetics_monosomy7_std","Chain 8",9,1.01492537313433
"cytogenetics_monosomy7_std","Chain 8",10,1.05223880597015
"cytogenetics_monosomy7_std","Chain 8",11,1.03731343283582
"cytogenetics_monosomy7_std","Chain 8",12,1.01492537313433
"cytogenetics_monosomy7_std","Chain 8",13,1.03731343283582
"cytogenetics_monosomy7_std","Chain 8",14,1.02985074626866
"cytogenetics_monosomy7_std","Chain 8",15,1.02985074626866
"cytogenetics_monosomy7_std","Chain 8",16,1.05223880597015
"cytogenetics_monosomy7_std","Chain 8",17,1.04477611940298
"cytogenetics_monosomy7_std","Chain 8",18,1.04477611940298
"cytogenetics_monosomy7_std","Chain 8",19,1.05223880597015
"cytogenetics_monosomy7_std","Chain 8",20,1.02238805970149
"cytogenetics_monosomy7_std","Chain 9",1,1.05970149253731
"cytogenetics_monosomy7_std","Chain 9",2,1.04477611940298
"cytogenetics_monosomy7_std","Chain 9",3,1.03731343283582
"cytogenetics_monosomy7_std","Chain 9",4,1.03731343283582
"cytogenetics_monosomy7_std","Chain 9",5,1.02238805970149
"cytogenetics_monosomy7_std","Chain 9",6,1.01492537313433
"cytogenetics_monosomy7_std","Chain 9",7,1.01492537313433
"cytogenetics_monosomy7_std","Chain 9",8,1.06716417910448
"cytogenetics_monosomy7_std","Chain 9",9,1.02238805970149
"cytogenetics_monosomy7_std","Chain 9",10,1.00746268656716
"cytogenetics_monosomy7_std","Chain 9",11,1.02238805970149
"cytogenetics_monosomy7_std","Chain 9",12,1.04477611940298
"cytogenetics_monosomy7_std","Chain 9",13,1.02985074626866
"cytogenetics_monosomy7_std","Chain 9",14,1.02985074626866
"cytogenetics_monosomy7_std","Chain 9",15,1.03731343283582
"cytogenetics_monosomy7_std","Chain 9",16,1.03731343283582
"cytogenetics_monosomy7_std","Chain 9",17,1.07462686567164
"cytogenetics_monosomy7_std","Chain 9",18,1.02985074626866
"cytogenetics_monosomy7_std","Chain 9",19,1.00746268656716
"cytogenetics_monosomy7_std","Chain 9",20,1.01492537313433
"cytogenetics_monosomy7_std","Chain 10",1,1
"cytogenetics_monosomy7_std","Chain 10",2,1.00746268656716
"cytogenetics_monosomy7_std","Chain 10",3,1.02985074626866
"cytogenetics_monosomy7_std","Chain 10",4,1.02238805970149
"cytogenetics_monosomy7_std","Chain 10",5,1.05223880597015
"cytogenetics_monosomy7_std","Chain 10",6,1.05223880597015
"cytogenetics_monosomy7_std","Chain 10",7,1.06716417910448
"cytogenetics_monosomy7_std","Chain 10",8,1.02985074626866
"cytogenetics_monosomy7_std","Chain 10",9,1.02985074626866
"cytogenetics_monosomy7_std","Chain 10",10,1.05970149253731
"cytogenetics_monosomy7_std","Chain 10",11,1.07462686567164
"cytogenetics_monosomy7_std","Chain 10",12,1.05223880597015
"cytogenetics_monosomy7_std","Chain 10",13,1.04477611940298
"cytogenetics_monosomy7_std","Chain 10",14,1.05223880597015
"cytogenetics_monosomy7_std","Chain 10",15,1.07462686567164
"cytogenetics_monosomy7_std","Chain 10",16,1.07462686567164
"cytogenetics_monosomy7_std","Chain 10",17,1.04477611940298
"cytogenetics_monosomy7_std","Chain 10",18,1.02238805970149
"cytogenetics_monosomy7_std","Chain 10",19,1.02985074626866
"cytogenetics_monosomy7_std","Chain 10",20,1.02985074626866
"cytogenetics_monosomy7_std","Chain 11",1,1.03731343283582
"cytogenetics_monosomy7_std","Chain 11",2,1.01492537313433
"cytogenetics_monosomy7_std","Chain 11",3,1.02985074626866
"cytogenetics_monosomy7_std","Chain 11",4,1.04477611940298
"cytogenetics_monosomy7_std","Chain 11",5,1.04477611940298
"cytogenetics_monosomy7_std","Chain 11",6,1.01492537313433
"cytogenetics_monosomy7_std","Chain 11",7,1
"cytogenetics_monosomy7_std","Chain 11",8,1.02238805970149
"cytogenetics_monosomy7_std","Chain 11",9,1.02985074626866
"cytogenetics_monosomy7_std","Chain 11",10,1.03731343283582
"cytogenetics_monosomy7_std","Chain 11",11,1.02985074626866
"cytogenetics_monosomy7_std","Chain 11",12,1.05223880597015
"cytogenetics_monosomy7_std","Chain 11",13,1.01492537313433
"cytogenetics_monosomy7_std","Chain 11",14,1.04477611940298
"cytogenetics_monosomy7_std","Chain 11",15,1.04477611940298
"cytogenetics_monosomy7_std","Chain 11",16,1.04477611940298
"cytogenetics_monosomy7_std","Chain 11",17,1.02238805970149
"cytogenetics_monosomy7_std","Chain 11",18,1.02238805970149
"cytogenetics_monosomy7_std","Chain 11",19,1.01492537313433
"cytogenetics_monosomy7_std","Chain 11",20,1
"cytogenetics_monosomy7_std","Chain 12",1,1.05970149253731
"cytogenetics_monosomy7_std","Chain 12",2,1.05223880597015
"cytogenetics_monosomy7_std","Chain 12",3,1.02985074626866
"cytogenetics_monosomy7_std","Chain 12",4,1.08208955223881
"cytogenetics_monosomy7_std","Chain 12",5,1.04477611940298
"cytogenetics_monosomy7_std","Chain 12",6,1.06716417910448
"cytogenetics_monosomy7_std","Chain 12",7,1.05223880597015
"cytogenetics_monosomy7_std","Chain 12",8,1.02985074626866
"cytogenetics_monosomy7_std","Chain 12",9,1.03731343283582
"cytogenetics_monosomy7_std","Chain 12",10,1.05970149253731
"cytogenetics_monosomy7_std","Chain 12",11,1.05970149253731
"cytogenetics_monosomy7_std","Chain 12",12,1.04477611940298
"cytogenetics_monosomy7_std","Chain 12",13,1.02238805970149
"cytogenetics_monosomy7_std","Chain 12",14,1.03731343283582
"cytogenetics_monosomy7_std","Chain 12",15,1.02985074626866
"cytogenetics_monosomy7_std","Chain 12",16,1.04477611940298
"cytogenetics_monosomy7_std","Chain 12",17,1.02985074626866
"cytogenetics_monosomy7_std","Chain 12",18,1.03731343283582
"cytogenetics_monosomy7_std","Chain 12",19,1.00746268656716
"cytogenetics_monosomy7_std","Chain 12",20,1.01492537313433
"cytogenetics_monosomy7_std","Chain 13",1,1.04477611940298
"cytogenetics_monosomy7_std","Chain 13",2,1.05223880597015
"cytogenetics_monosomy7_std","Chain 13",3,1.02985074626866
"cytogenetics_monosomy7_std","Chain 13",4,1.01492537313433
"cytogenetics_monosomy7_std","Chain 13",5,1.02238805970149
"cytogenetics_monosomy7_std","Chain 13",6,1.05223880597015
"cytogenetics_monosomy7_std","Chain 13",7,1.00746268656716
"cytogenetics_monosomy7_std","Chain 13",8,1.04477611940298
"cytogenetics_monosomy7_std","Chain 13",9,1.05223880597015
"cytogenetics_monosomy7_std","Chain 13",10,1.04477611940298
"cytogenetics_monosomy7_std","Chain 13",11,1.06716417910448
"cytogenetics_monosomy7_std","Chain 13",12,1.02985074626866
"cytogenetics_monosomy7_std","Chain 13",13,1.02238805970149
"cytogenetics_monosomy7_std","Chain 13",14,1.02238805970149
"cytogenetics_monosomy7_std","Chain 13",15,1.03731343283582
"cytogenetics_monosomy7_std","Chain 13",16,1.00746268656716
"cytogenetics_monosomy7_std","Chain 13",17,1.01492537313433
"cytogenetics_monosomy7_std","Chain 13",18,1.08955223880597
"cytogenetics_monosomy7_std","Chain 13",19,1.02985074626866
"cytogenetics_monosomy7_std","Chain 13",20,1.02238805970149
"cytogenetics_monosomy7_std","Chain 14",1,1.02238805970149
"cytogenetics_monosomy7_std","Chain 14",2,1.02238805970149
"cytogenetics_monosomy7_std","Chain 14",3,1.01492537313433
"cytogenetics_monosomy7_std","Chain 14",4,1.02238805970149
"cytogenetics_monosomy7_std","Chain 14",5,1.02238805970149
"cytogenetics_monosomy7_std","Chain 14",6,1.01492537313433
"cytogenetics_monosomy7_std","Chain 14",7,1.05223880597015
"cytogenetics_monosomy7_std","Chain 14",8,1.01492537313433
"cytogenetics_monosomy7_std","Chain 14",9,1.00746268656716
"cytogenetics_monosomy7_std","Chain 14",10,1.02985074626866
"cytogenetics_monosomy7_std","Chain 14",11,1.03731343283582
"cytogenetics_monosomy7_std","Chain 14",12,1.02238805970149
"cytogenetics_monosomy7_std","Chain 14",13,1.00746268656716
"cytogenetics_monosomy7_std","Chain 14",14,1.02238805970149
"cytogenetics_monosomy7_std","Chain 14",15,1.03731343283582
"cytogenetics_monosomy7_std","Chain 14",16,1.05223880597015
"cytogenetics_monosomy7_std","Chain 14",17,1.04477611940298
"cytogenetics_monosomy7_std","Chain 14",18,1.02238805970149
"cytogenetics_monosomy7_std","Chain 14",19,1.03731343283582
"cytogenetics_monosomy7_std","Chain 14",20,1.03731343283582
"cytogenetics_monosomy7_std","Chain 15",1,1.01492537313433
"cytogenetics_monosomy7_std","Chain 15",2,1.02985074626866
"cytogenetics_monosomy7_std","Chain 15",3,1.06716417910448
"cytogenetics_monosomy7_std","Chain 15",4,1.09701492537313
"cytogenetics_monosomy7_std","Chain 15",5,1.05970149253731
"cytogenetics_monosomy7_std","Chain 15",6,1.05970149253731
"cytogenetics_monosomy7_std","Chain 15",7,1.03731343283582
"cytogenetics_monosomy7_std","Chain 15",8,1.06716417910448
"cytogenetics_monosomy7_std","Chain 15",9,1.05223880597015
"cytogenetics_monosomy7_std","Chain 15",10,1.07462686567164
"cytogenetics_monosomy7_std","Chain 15",11,1.04477611940298
"cytogenetics_monosomy7_std","Chain 15",12,1.02985074626866
"cytogenetics_monosomy7_std","Chain 15",13,1.00746268656716
"cytogenetics_monosomy7_std","Chain 15",14,1.02985074626866
"cytogenetics_monosomy7_std","Chain 15",15,1.07462686567164
"cytogenetics_monosomy7_std","Chain 15",16,1.01492537313433
"cytogenetics_monosomy7_std","Chain 15",17,1.02238805970149
"cytogenetics_monosomy7_std","Chain 15",18,1.05223880597015
"cytogenetics_monosomy7_std","Chain 15",19,1.03731343283582
"cytogenetics_monosomy7_std","Chain 15",20,1.03731343283582
"cytogenetics_monosomy7_std","Chain 16",1,1.02238805970149
"cytogenetics_monosomy7_std","Chain 16",2,1.02238805970149
"cytogenetics_monosomy7_std","Chain 16",3,1.01492537313433
"cytogenetics_monosomy7_std","Chain 16",4,1.04477611940298
"cytogenetics_monosomy7_std","Chain 16",5,1.02985074626866
"cytogenetics_monosomy7_std","Chain 16",6,1.03731343283582
"cytogenetics_monosomy7_std","Chain 16",7,1.02985074626866
"cytogenetics_monosomy7_std","Chain 16",8,1.03731343283582
"cytogenetics_monosomy7_std","Chain 16",9,1.03731343283582
"cytogenetics_monosomy7_std","Chain 16",10,1.02985074626866
"cytogenetics_monosomy7_std","Chain 16",11,1.02985074626866
"cytogenetics_monosomy7_std","Chain 16",12,1.08955223880597
"cytogenetics_monosomy7_std","Chain 16",13,1.04477611940298
"cytogenetics_monosomy7_std","Chain 16",14,1.04477611940298
"cytogenetics_monosomy7_std","Chain 16",15,1.05970149253731
"cytogenetics_monosomy7_std","Chain 16",16,1.04477611940298
"cytogenetics_monosomy7_std","Chain 16",17,1.04477611940298
"cytogenetics_monosomy7_std","Chain 16",18,1.03731343283582
"cytogenetics_monosomy7_std","Chain 16",19,1.05970149253731
"cytogenetics_monosomy7_std","Chain 16",20,1.02238805970149
"cytogenetics_monosomy7_std","Chain 17",1,1.04477611940298
"cytogenetics_monosomy7_std","Chain 17",2,1.02985074626866
"cytogenetics_monosomy7_std","Chain 17",3,1.02985074626866
"cytogenetics_monosomy7_std","Chain 17",4,1.02238805970149
"cytogenetics_monosomy7_std","Chain 17",5,1.02985074626866
"cytogenetics_monosomy7_std","Chain 17",6,1
"cytogenetics_monosomy7_std","Chain 17",7,1.00746268656716
"cytogenetics_monosomy7_std","Chain 17",8,1.03731343283582
"cytogenetics_monosomy7_std","Chain 17",9,1.05223880597015
"cytogenetics_monosomy7_std","Chain 17",10,1.07462686567164
"cytogenetics_monosomy7_std","Chain 17",11,1.02238805970149
"cytogenetics_monosomy7_std","Chain 17",12,1.05223880597015
"cytogenetics_monosomy7_std","Chain 17",13,1.02985074626866
"cytogenetics_monosomy7_std","Chain 17",14,1.01492537313433
"cytogenetics_monosomy7_std","Chain 17",15,1.04477611940298
"cytogenetics_monosomy7_std","Chain 17",16,1.05970149253731
"cytogenetics_monosomy7_std","Chain 17",17,1.02238805970149
"cytogenetics_monosomy7_std","Chain 17",18,1.02985074626866
"cytogenetics_monosomy7_std","Chain 17",19,1.05223880597015
"cytogenetics_monosomy7_std","Chain 17",20,1.04477611940298
"cytogenetics_monosomy7_std","Chain 18",1,1.02985074626866
"cytogenetics_monosomy7_std","Chain 18",2,1.04477611940298
"cytogenetics_monosomy7_std","Chain 18",3,1.01492537313433
"cytogenetics_monosomy7_std","Chain 18",4,1.05223880597015
"cytogenetics_monosomy7_std","Chain 18",5,1.08208955223881
"cytogenetics_monosomy7_std","Chain 18",6,1.04477611940298
"cytogenetics_monosomy7_std","Chain 18",7,1.02985074626866
"cytogenetics_monosomy7_std","Chain 18",8,1.03731343283582
"cytogenetics_monosomy7_std","Chain 18",9,1.02985074626866
"cytogenetics_monosomy7_std","Chain 18",10,1.05223880597015
"cytogenetics_monosomy7_std","Chain 18",11,1.03731343283582
"cytogenetics_monosomy7_std","Chain 18",12,1.04477611940298
"cytogenetics_monosomy7_std","Chain 18",13,1.00746268656716
"cytogenetics_monosomy7_std","Chain 18",14,1.02238805970149
"cytogenetics_monosomy7_std","Chain 18",15,1.01492537313433
"cytogenetics_monosomy7_std","Chain 18",16,1.00746268656716
"cytogenetics_monosomy7_std","Chain 18",17,1.01492537313433
"cytogenetics_monosomy7_std","Chain 18",18,1.02238805970149
"cytogenetics_monosomy7_std","Chain 18",19,1.02985074626866
"cytogenetics_monosomy7_std","Chain 18",20,1.04477611940298
"cytogenetics_monosomy7_std","Chain 19",1,1.04477611940298
"cytogenetics_monosomy7_std","Chain 19",2,1.03731343283582
"cytogenetics_monosomy7_std","Chain 19",3,1.02238805970149
"cytogenetics_monosomy7_std","Chain 19",4,1.02985074626866
"cytogenetics_monosomy7_std","Chain 19",5,1.05223880597015
"cytogenetics_monosomy7_std","Chain 19",6,1.04477611940298
"cytogenetics_monosomy7_std","Chain 19",7,1.02985074626866
"cytogenetics_monosomy7_std","Chain 19",8,1.04477611940298
"cytogenetics_monosomy7_std","Chain 19",9,1.04477611940298
"cytogenetics_monosomy7_std","Chain 19",10,1.08955223880597
"cytogenetics_monosomy7_std","Chain 19",11,1.08955223880597
"cytogenetics_monosomy7_std","Chain 19",12,1.05223880597015
"cytogenetics_monosomy7_std","Chain 19",13,1.05970149253731
"cytogenetics_monosomy7_std","Chain 19",14,1.04477611940298
"cytogenetics_monosomy7_std","Chain 19",15,1.05223880597015
"cytogenetics_monosomy7_std","Chain 19",16,1.04477611940298
"cytogenetics_monosomy7_std","Chain 19",17,1.04477611940298
"cytogenetics_monosomy7_std","Chain 19",18,1.03731343283582
"cytogenetics_monosomy7_std","Chain 19",19,1.01492537313433
"cytogenetics_monosomy7_std","Chain 19",20,1.01492537313433
"cytogenetics_monosomy7_std","Chain 20",1,1.02985074626866
"cytogenetics_monosomy7_std","Chain 20",2,1.02985074626866
"cytogenetics_monosomy7_std","Chain 20",3,1.03731343283582
"cytogenetics_monosomy7_std","Chain 20",4,1.05223880597015
"cytogenetics_monosomy7_std","Chain 20",5,1.08955223880597
"cytogenetics_monosomy7_std","Chain 20",6,1.03731343283582
"cytogenetics_monosomy7_std","Chain 20",7,1.02985074626866
"cytogenetics_monosomy7_std","Chain 20",8,1.04477611940298
"cytogenetics_monosomy7_std","Chain 20",9,1.05970149253731
"cytogenetics_monosomy7_std","Chain 20",10,1.04477611940298
"cytogenetics_monosomy7_std","Chain 20",11,1.03731343283582
"cytogenetics_monosomy7_std","Chain 20",12,1.03731343283582
"cytogenetics_monosomy7_std","Chain 20",13,1.03731343283582
"cytogenetics_monosomy7_std","Chain 20",14,1.06716417910448
"cytogenetics_monosomy7_std","Chain 20",15,1.02238805970149
"cytogenetics_monosomy7_std","Chain 20",16,1
"cytogenetics_monosomy7_std","Chain 20",17,1.00746268656716
"cytogenetics_monosomy7_std","Chain 20",18,1.00746268656716
"cytogenetics_monosomy7_std","Chain 20",19,1.00746268656716
"cytogenetics_monosomy7_std","Chain 20",20,1.05223880597015
"cytogenetics_monosomy7_std","Chain 21",1,1.05970149253731
"cytogenetics_monosomy7_std","Chain 21",2,1.03731343283582
"cytogenetics_monosomy7_std","Chain 21",3,1.02238805970149
"cytogenetics_monosomy7_std","Chain 21",4,1.00746268656716
"cytogenetics_monosomy7_std","Chain 21",5,1.01492537313433
"cytogenetics_monosomy7_std","Chain 21",6,1.04477611940298
"cytogenetics_monosomy7_std","Chain 21",7,1.00746268656716
"cytogenetics_monosomy7_std","Chain 21",8,1.05970149253731
"cytogenetics_monosomy7_std","Chain 21",9,1.01492537313433
"cytogenetics_monosomy7_std","Chain 21",10,1.02238805970149
"cytogenetics_monosomy7_std","Chain 21",11,1.03731343283582
"cytogenetics_monosomy7_std","Chain 21",12,1.03731343283582
"cytogenetics_monosomy7_std","Chain 21",13,1.02985074626866
"cytogenetics_monosomy7_std","Chain 21",14,1.02985074626866
"cytogenetics_monosomy7_std","Chain 21",15,1.02985074626866
"cytogenetics_monosomy7_std","Chain 21",16,1
"cytogenetics_monosomy7_std","Chain 21",17,1.02985074626866
"cytogenetics_monosomy7_std","Chain 21",18,1.00746268656716
"cytogenetics_monosomy7_std","Chain 21",19,1.01492537313433
"cytogenetics_monosomy7_std","Chain 21",20,1.02985074626866
"cytogenetics_monosomy7_std","Chain 22",1,1.02238805970149
"cytogenetics_monosomy7_std","Chain 22",2,1.01492537313433
"cytogenetics_monosomy7_std","Chain 22",3,1.06716417910448
"cytogenetics_monosomy7_std","Chain 22",4,1.01492537313433
"cytogenetics_monosomy7_std","Chain 22",5,1.04477611940298
"cytogenetics_monosomy7_std","Chain 22",6,1.05223880597015
"cytogenetics_monosomy7_std","Chain 22",7,1.02238805970149
"cytogenetics_monosomy7_std","Chain 22",8,1.04477611940298
"cytogenetics_monosomy7_std","Chain 22",9,1.02985074626866
"cytogenetics_monosomy7_std","Chain 22",10,1.02985074626866
"cytogenetics_monosomy7_std","Chain 22",11,1.02985074626866
"cytogenetics_monosomy7_std","Chain 22",12,1.03731343283582
"cytogenetics_monosomy7_std","Chain 22",13,1.02985074626866
"cytogenetics_monosomy7_std","Chain 22",14,1.00746268656716
"cytogenetics_monosomy7_std","Chain 22",15,1.02238805970149
"cytogenetics_monosomy7_std","Chain 22",16,1.04477611940298
"cytogenetics_monosomy7_std","Chain 22",17,1.01492537313433
"cytogenetics_monosomy7_std","Chain 22",18,1.01492537313433
"cytogenetics_monosomy7_std","Chain 22",19,1.05223880597015
"cytogenetics_monosomy7_std","Chain 22",20,1.05223880597015
"cytogenetics_monosomy7_std","Chain 23",1,1.02985074626866
"cytogenetics_monosomy7_std","Chain 23",2,1.04477611940298
"cytogenetics_monosomy7_std","Chain 23",3,1.05970149253731
"cytogenetics_monosomy7_std","Chain 23",4,1.02238805970149
"cytogenetics_monosomy7_std","Chain 23",5,1.02985074626866
"cytogenetics_monosomy7_std","Chain 23",6,1.03731343283582
"cytogenetics_monosomy7_std","Chain 23",7,1.04477611940298
"cytogenetics_monosomy7_std","Chain 23",8,1.03731343283582
"cytogenetics_monosomy7_std","Chain 23",9,1.05970149253731
"cytogenetics_monosomy7_std","Chain 23",10,1.02985074626866
"cytogenetics_monosomy7_std","Chain 23",11,1.02985074626866
"cytogenetics_monosomy7_std","Chain 23",12,1.04477611940298
"cytogenetics_monosomy7_std","Chain 23",13,1.02238805970149
"cytogenetics_monosomy7_std","Chain 23",14,1.04477611940298
"cytogenetics_monosomy7_std","Chain 23",15,1.03731343283582
"cytogenetics_monosomy7_std","Chain 23",16,1.04477611940298
"cytogenetics_monosomy7_std","Chain 23",17,1.03731343283582
"cytogenetics_monosomy7_std","Chain 23",18,1.02238805970149
"cytogenetics_monosomy7_std","Chain 23",19,1.02985074626866
"cytogenetics_monosomy7_std","Chain 23",20,1.02238805970149
"cytogenetics_monosomy7_std","Chain 24",1,1.03731343283582
"cytogenetics_monosomy7_std","Chain 24",2,1.07462686567164
"cytogenetics_monosomy7_std","Chain 24",3,1.06716417910448
"cytogenetics_monosomy7_std","Chain 24",4,1.08208955223881
"cytogenetics_monosomy7_std","Chain 24",5,1.02985074626866
"cytogenetics_monosomy7_std","Chain 24",6,1.02985074626866
"cytogenetics_monosomy7_std","Chain 24",7,1.04477611940298
"cytogenetics_monosomy7_std","Chain 24",8,1.03731343283582
"cytogenetics_monosomy7_std","Chain 24",9,1.00746268656716
"cytogenetics_monosomy7_std","Chain 24",10,1.00746268656716
"cytogenetics_monosomy7_std","Chain 24",11,1.03731343283582
"cytogenetics_monosomy7_std","Chain 24",12,1.03731343283582
"cytogenetics_monosomy7_std","Chain 24",13,1.01492537313433
"cytogenetics_monosomy7_std","Chain 24",14,1.02238805970149
"cytogenetics_monosomy7_std","Chain 24",15,1.00746268656716
"cytogenetics_monosomy7_std","Chain 24",16,1.03731343283582
"cytogenetics_monosomy7_std","Chain 24",17,1.03731343283582
"cytogenetics_monosomy7_std","Chain 24",18,1.05223880597015
"cytogenetics_monosomy7_std","Chain 24",19,1.02238805970149
"cytogenetics_monosomy7_std","Chain 24",20,1.02238805970149
"cytogenetics_monosomy7_std","Chain 25",1,1.03731343283582
"cytogenetics_monosomy7_std","Chain 25",2,1.02238805970149
"cytogenetics_monosomy7_std","Chain 25",3,1.02238805970149
"cytogenetics_monosomy7_std","Chain 25",4,1.03731343283582
"cytogenetics_monosomy7_std","Chain 25",5,1
"cytogenetics_monosomy7_std","Chain 25",6,1.01492537313433
"cytogenetics_monosomy7_std","Chain 25",7,1.03731343283582
"cytogenetics_monosomy7_std","Chain 25",8,1.04477611940298
"cytogenetics_monosomy7_std","Chain 25",9,1.05970149253731
"cytogenetics_monosomy7_std","Chain 25",10,1.02985074626866
"cytogenetics_monosomy7_std","Chain 25",11,1.02985074626866
"cytogenetics_monosomy7_std","Chain 25",12,1.02238805970149
"cytogenetics_monosomy7_std","Chain 25",13,1.06716417910448
"cytogenetics_monosomy7_std","Chain 25",14,1.02985074626866
"cytogenetics_monosomy7_std","Chain 25",15,1.05970149253731
"cytogenetics_monosomy7_std","Chain 25",16,1.00746268656716
"cytogenetics_monosomy7_std","Chain 25",17,1.02238805970149
"cytogenetics_monosomy7_std","Chain 25",18,1.04477611940298
"cytogenetics_monosomy7_std","Chain 25",19,1.02985074626866
"cytogenetics_monosomy7_std","Chain 25",20,1.01492537313433
"cytogenetics_monosomy7_std","Chain 26",1,1.03731343283582
"cytogenetics_monosomy7_std","Chain 26",2,1.08208955223881
"cytogenetics_monosomy7_std","Chain 26",3,1.05223880597015
"cytogenetics_monosomy7_std","Chain 26",4,1.07462686567164
"cytogenetics_monosomy7_std","Chain 26",5,1.08208955223881
"cytogenetics_monosomy7_std","Chain 26",6,1.05223880597015
"cytogenetics_monosomy7_std","Chain 26",7,1.03731343283582
"cytogenetics_monosomy7_std","Chain 26",8,1.04477611940298
"cytogenetics_monosomy7_std","Chain 26",9,1.01492537313433
"cytogenetics_monosomy7_std","Chain 26",10,1.02985074626866
"cytogenetics_monosomy7_std","Chain 26",11,1.03731343283582
"cytogenetics_monosomy7_std","Chain 26",12,1.00746268656716
"cytogenetics_monosomy7_std","Chain 26",13,1.02985074626866
"cytogenetics_monosomy7_std","Chain 26",14,1.08208955223881
"cytogenetics_monosomy7_std","Chain 26",15,1.07462686567164
"cytogenetics_monosomy7_std","Chain 26",16,1.05223880597015
"cytogenetics_monosomy7_std","Chain 26",17,1.03731343283582
"cytogenetics_monosomy7_std","Chain 26",18,1.02985074626866
"cytogenetics_monosomy7_std","Chain 26",19,1.00746268656716
"cytogenetics_monosomy7_std","Chain 26",20,1.02985074626866
"cytogenetics_monosomy7_std","Chain 27",1,1.02238805970149
"cytogenetics_monosomy7_std","Chain 27",2,1.02985074626866
"cytogenetics_monosomy7_std","Chain 27",3,1.01492537313433
"cytogenetics_monosomy7_std","Chain 27",4,1.02985074626866
"cytogenetics_monosomy7_std","Chain 27",5,1.06716417910448
"cytogenetics_monosomy7_std","Chain 27",6,1.03731343283582
"cytogenetics_monosomy7_std","Chain 27",7,1.03731343283582
"cytogenetics_monosomy7_std","Chain 27",8,1.04477611940298
"cytogenetics_monosomy7_std","Chain 27",9,1.05223880597015
"cytogenetics_monosomy7_std","Chain 27",10,1.02238805970149
"cytogenetics_monosomy7_std","Chain 27",11,1.04477611940298
"cytogenetics_monosomy7_std","Chain 27",12,1.03731343283582
"cytogenetics_monosomy7_std","Chain 27",13,1.02985074626866
"cytogenetics_monosomy7_std","Chain 27",14,1.02985074626866
"cytogenetics_monosomy7_std","Chain 27",15,1.02238805970149
"cytogenetics_monosomy7_std","Chain 27",16,1.02238805970149
"cytogenetics_monosomy7_std","Chain 27",17,1.04477611940298
"cytogenetics_monosomy7_std","Chain 27",18,1.04477611940298
"cytogenetics_monosomy7_std","Chain 27",19,1.04477611940298
"cytogenetics_monosomy7_std","Chain 27",20,1.02238805970149
"cytogenetics_monosomy7_std","Chain 28",1,1.03731343283582
"cytogenetics_monosomy7_std","Chain 28",2,1.05223880597015
"cytogenetics_monosomy7_std","Chain 28",3,1.02985074626866
"cytogenetics_monosomy7_std","Chain 28",4,1.02238805970149
"cytogenetics_monosomy7_std","Chain 28",5,1.02985074626866
"cytogenetics_monosomy7_std","Chain 28",6,1.02985074626866
"cytogenetics_monosomy7_std","Chain 28",7,1.03731343283582
"cytogenetics_monosomy7_std","Chain 28",8,1.00746268656716
"cytogenetics_monosomy7_std","Chain 28",9,1.04477611940298
"cytogenetics_monosomy7_std","Chain 28",10,1.05970149253731
"cytogenetics_monosomy7_std","Chain 28",11,1.05223880597015
"cytogenetics_monosomy7_std","Chain 28",12,1.03731343283582
"cytogenetics_monosomy7_std","Chain 28",13,1.04477611940298
"cytogenetics_monosomy7_std","Chain 28",14,1.02985074626866
"cytogenetics_monosomy7_std","Chain 28",15,1.04477611940298
"cytogenetics_monosomy7_std","Chain 28",16,1.02238805970149
"cytogenetics_monosomy7_std","Chain 28",17,1.02985074626866
"cytogenetics_monosomy7_std","Chain 28",18,1.04477611940298
"cytogenetics_monosomy7_std","Chain 28",19,1.05223880597015
"cytogenetics_monosomy7_std","Chain 28",20,1.04477611940298
"cytogenetics_monosomy7_std","Chain 29",1,1.02985074626866
"cytogenetics_monosomy7_std","Chain 29",2,1.02238805970149
"cytogenetics_monosomy7_std","Chain 29",3,1.03731343283582
"cytogenetics_monosomy7_std","Chain 29",4,1.02985074626866
"cytogenetics_monosomy7_std","Chain 29",5,1.03731343283582
"cytogenetics_monosomy7_std","Chain 29",6,1.03731343283582
"cytogenetics_monosomy7_std","Chain 29",7,1.05223880597015
"cytogenetics_monosomy7_std","Chain 29",8,1.05223880597015
"cytogenetics_monosomy7_std","Chain 29",9,1.05223880597015
"cytogenetics_monosomy7_std","Chain 29",10,1.00746268656716
"cytogenetics_monosomy7_std","Chain 29",11,1.02238805970149
"cytogenetics_monosomy7_std","Chain 29",12,1.02985074626866
"cytogenetics_monosomy7_std","Chain 29",13,1.02238805970149
"cytogenetics_monosomy7_std","Chain 29",14,1.02238805970149
"cytogenetics_monosomy7_std","Chain 29",15,1.01492537313433
"cytogenetics_monosomy7_std","Chain 29",16,1.02985074626866
"cytogenetics_monosomy7_std","Chain 29",17,1.04477611940298
"cytogenetics_monosomy7_std","Chain 29",18,1.05970149253731
"cytogenetics_monosomy7_std","Chain 29",19,1.01492537313433
"cytogenetics_monosomy7_std","Chain 29",20,1.02985074626866
"cytogenetics_monosomy7_std","Chain 30",1,1.02238805970149
"cytogenetics_monosomy7_std","Chain 30",2,1.04477611940298
"cytogenetics_monosomy7_std","Chain 30",3,1.02985074626866
"cytogenetics_monosomy7_std","Chain 30",4,1.05970149253731
"cytogenetics_monosomy7_std","Chain 30",5,1.06716417910448
"cytogenetics_monosomy7_std","Chain 30",6,1.06716417910448
"cytogenetics_monosomy7_std","Chain 30",7,1.04477611940298
"cytogenetics_monosomy7_std","Chain 30",8,1.07462686567164
"cytogenetics_monosomy7_std","Chain 30",9,1.07462686567164
"cytogenetics_monosomy7_std","Chain 30",10,1.06716417910448
"cytogenetics_monosomy7_std","Chain 30",11,1.02985074626866
"cytogenetics_monosomy7_std","Chain 30",12,1.05223880597015
"cytogenetics_monosomy7_std","Chain 30",13,1.07462686567164
"cytogenetics_monosomy7_std","Chain 30",14,1.05223880597015
"cytogenetics_monosomy7_std","Chain 30",15,1.05970149253731
"cytogenetics_monosomy7_std","Chain 30",16,1.04477611940298
"cytogenetics_monosomy7_std","Chain 30",17,1.02985074626866
"cytogenetics_monosomy7_std","Chain 30",18,1.01492537313433
"cytogenetics_monosomy7_std","Chain 30",19,1.01492537313433
"cytogenetics_monosomy7_std","Chain 30",20,1.02985074626866
"marrow_blasts_num","Chain 1",1,73.5986206896552
"marrow_blasts_num","Chain 1",2,75.7455172413793
"marrow_blasts_num","Chain 1",3,75.4
"marrow_blasts_num","Chain 1",4,70.3331034482759
"marrow_blasts_num","Chain 1",5,69.5841379310345
"marrow_blasts_num","Chain 1",6,73.5406896551724
"marrow_blasts_num","Chain 1",7,73.4655172413793
"marrow_blasts_num","Chain 1",8,72.5772413793104
"marrow_blasts_num","Chain 1",9,73.8296551724138
"marrow_blasts_num","Chain 1",10,69.8993103448276
"marrow_blasts_num","Chain 1",11,71.9958620689655
"marrow_blasts_num","Chain 1",12,72.708275862069
"marrow_blasts_num","Chain 1",13,71.6048275862069
"marrow_blasts_num","Chain 1",14,72.5710344827586
"marrow_blasts_num","Chain 1",15,70.9006896551724
"marrow_blasts_num","Chain 1",16,74.6068965517241
"marrow_blasts_num","Chain 1",17,73.9889655172414
"marrow_blasts_num","Chain 1",18,71.7689655172414
"marrow_blasts_num","Chain 1",19,72.1475862068965
"marrow_blasts_num","Chain 1",20,72.6551724137931
"marrow_blasts_num","Chain 2",1,72.6531034482759
"marrow_blasts_num","Chain 2",2,70.0413793103448
"marrow_blasts_num","Chain 2",3,72.6848275862069
"marrow_blasts_num","Chain 2",4,72.368275862069
"marrow_blasts_num","Chain 2",5,70.8475862068966
"marrow_blasts_num","Chain 2",6,72.2668965517241
"marrow_blasts_num","Chain 2",7,70.8834482758621
"marrow_blasts_num","Chain 2",8,70.931724137931
"marrow_blasts_num","Chain 2",9,72.6613793103448
"marrow_blasts_num","Chain 2",10,72.9586206896552
"marrow_blasts_num","Chain 2",11,69.4565517241379
"marrow_blasts_num","Chain 2",12,74.5524137931035
"marrow_blasts_num","Chain 2",13,71.4268965517241
"marrow_blasts_num","Chain 2",14,73.6186206896552
"marrow_blasts_num","Chain 2",15,72.9737931034483
"marrow_blasts_num","Chain 2",16,73.7489655172414
"marrow_blasts_num","Chain 2",17,75.6903448275862
"marrow_blasts_num","Chain 2",18,75.8565517241379
"marrow_blasts_num","Chain 2",19,73.0544827586207
"marrow_blasts_num","Chain 2",20,71.831724137931
"marrow_blasts_num","Chain 3",1,73.2448275862069
"marrow_blasts_num","Chain 3",2,73.2448275862069
"marrow_blasts_num","Chain 3",3,72.7186206896552
"marrow_blasts_num","Chain 3",4,73.3572413793103
"marrow_blasts_num","Chain 3",5,74.04
"marrow_blasts_num","Chain 3",6,71.9468965517241
"marrow_blasts_num","Chain 3",7,74.7503448275862
"marrow_blasts_num","Chain 3",8,72.2579310344828
"marrow_blasts_num","Chain 3",9,72.4772413793103
"marrow_blasts_num","Chain 3",10,74.1406896551724
"marrow_blasts_num","Chain 3",11,72.7531034482759
"marrow_blasts_num","Chain 3",12,71.171724137931
"marrow_blasts_num","Chain 3",13,71.2262068965517
"marrow_blasts_num","Chain 3",14,71.2468965517241
"marrow_blasts_num","Chain 3",15,72.6696551724138
"marrow_blasts_num","Chain 3",16,74.02
"marrow_blasts_num","Chain 3",17,72.7013793103448
"marrow_blasts_num","Chain 3",18,72.0724137931035
"marrow_blasts_num","Chain 3",19,71.0668965517241
"marrow_blasts_num","Chain 3",20,72.0806896551724
"marrow_blasts_num","Chain 4",1,71.8689655172414
"marrow_blasts_num","Chain 4",2,71.0855172413793
"marrow_blasts_num","Chain 4",3,72.5655172413793
"marrow_blasts_num","Chain 4",4,76.188275862069
"marrow_blasts_num","Chain 4",5,74.2572413793103
"marrow_blasts_num","Chain 4",6,70.6131034482759
"marrow_blasts_num","Chain 4",7,73.4213793103448
"marrow_blasts_num","Chain 4",8,72.1151724137931
"marrow_blasts_num","Chain 4",9,72.8103448275862
"marrow_blasts_num","Chain 4",10,74.6034482758621
"marrow_blasts_num","Chain 4",11,73.4268965517241
"marrow_blasts_num","Chain 4",12,72.9786206896552
"marrow_blasts_num","Chain 4",13,71.5868965517241
"marrow_blasts_num","Chain 4",14,74.7475862068966
"marrow_blasts_num","Chain 4",15,72.1758620689655
"marrow_blasts_num","Chain 4",16,73.1489655172414
"marrow_blasts_num","Chain 4",17,73.4524137931034
"marrow_blasts_num","Chain 4",18,72.8441379310345
"marrow_blasts_num","Chain 4",19,68.8655172413793
"marrow_blasts_num","Chain 4",20,69.911724137931
"marrow_blasts_num","Chain 5",1,73.3510344827586
"marrow_blasts_num","Chain 5",2,69.9641379310345
"marrow_blasts_num","Chain 5",3,73.9662068965517
"marrow_blasts_num","Chain 5",4,74.351724137931
"marrow_blasts_num","Chain 5",5,71.3186206896552
"marrow_blasts_num","Chain 5",6,72.0489655172414
"marrow_blasts_num","Chain 5",7,74.6579310344828
"marrow_blasts_num","Chain 5",8,74.7041379310345
"marrow_blasts_num","Chain 5",9,73.6186206896552
"marrow_blasts_num","Chain 5",10,72.4289655172414
"marrow_blasts_num","Chain 5",11,70.9075862068966
"marrow_blasts_num","Chain 5",12,75.0613793103448
"marrow_blasts_num","Chain 5",13,72.3924137931034
"marrow_blasts_num","Chain 5",14,72.228275862069
"marrow_blasts_num","Chain 5",15,69.5351724137931
"marrow_blasts_num","Chain 5",16,73.8413793103448
"marrow_blasts_num","Chain 5",17,73.5137931034483
"marrow_blasts_num","Chain 5",18,74.2406896551724
"marrow_blasts_num","Chain 5",19,72.7737931034483
"marrow_blasts_num","Chain 5",20,70.96
"marrow_blasts_num","Chain 6",1,73.8703448275862
"marrow_blasts_num","Chain 6",2,72.9041379310345
"marrow_blasts_num","Chain 6",3,68.0186206896552
"marrow_blasts_num","Chain 6",4,74.4468965517241
"marrow_blasts_num","Chain 6",5,73.5468965517241
"marrow_blasts_num","Chain 6",6,73.4593103448276
"marrow_blasts_num","Chain 6",7,71.9751724137931
"marrow_blasts_num","Chain 6",8,75.0441379310345
"marrow_blasts_num","Chain 6",9,71.2710344827586
"marrow_blasts_num","Chain 6",10,74.82
"marrow_blasts_num","Chain 6",11,70.5772413793104
"marrow_blasts_num","Chain 6",12,75.0848275862069
"marrow_blasts_num","Chain 6",13,71.1075862068966
"marrow_blasts_num","Chain 6",14,73.36
"marrow_blasts_num","Chain 6",15,70.6551724137931
"marrow_blasts_num","Chain 6",16,75.0006896551724
"marrow_blasts_num","Chain 6",17,74.1475862068965
"marrow_blasts_num","Chain 6",18,69.9068965517241
"marrow_blasts_num","Chain 6",19,74.9331034482759
"marrow_blasts_num","Chain 6",20,73.1068965517241
"marrow_blasts_num","Chain 7",1,70.88
"marrow_blasts_num","Chain 7",2,74.1641379310345
"marrow_blasts_num","Chain 7",3,70.9041379310345
"marrow_blasts_num","Chain 7",4,75.5924137931034
"marrow_blasts_num","Chain 7",5,74.2220689655172
"marrow_blasts_num","Chain 7",6,72.6124137931034
"marrow_blasts_num","Chain 7",7,68.6868965517241
"marrow_blasts_num","Chain 7",8,71.9620689655172
"marrow_blasts_num","Chain 7",9,72.2041379310345
"marrow_blasts_num","Chain 7",10,73.3855172413793
"marrow_blasts_num","Chain 7",11,74.2758620689655
"marrow_blasts_num","Chain 7",12,72.7937931034483
"marrow_blasts_num","Chain 7",13,70.6834482758621
"marrow_blasts_num","Chain 7",14,72.1489655172414
"marrow_blasts_num","Chain 7",15,72.8503448275862
"marrow_blasts_num","Chain 7",16,74.6634482758621
"marrow_blasts_num","Chain 7",17,72.7427586206897
"marrow_blasts_num","Chain 7",18,70.968275862069
"marrow_blasts_num","Chain 7",19,74.1944827586207
"marrow_blasts_num","Chain 7",20,73.5227586206897
"marrow_blasts_num","Chain 8",1,70.1434482758621
"marrow_blasts_num","Chain 8",2,72.8344827586207
"marrow_blasts_num","Chain 8",3,71.9096551724138
"marrow_blasts_num","Chain 8",4,72.5703448275862
"marrow_blasts_num","Chain 8",5,71.6234482758621
"marrow_blasts_num","Chain 8",6,74.0110344827586
"marrow_blasts_num","Chain 8",7,71.3910344827586
"marrow_blasts_num","Chain 8",8,71.8813793103448
"marrow_blasts_num","Chain 8",9,71.0937931034483
"marrow_blasts_num","Chain 8",10,72.2544827586207
"marrow_blasts_num","Chain 8",11,71.6351724137931
"marrow_blasts_num","Chain 8",12,72.5827586206897
"marrow_blasts_num","Chain 8",13,70.4765517241379
"marrow_blasts_num","Chain 8",14,70.8275862068966
"marrow_blasts_num","Chain 8",15,70.2958620689655
"marrow_blasts_num","Chain 8",16,73.8165517241379
"marrow_blasts_num","Chain 8",17,71.4172413793103
"marrow_blasts_num","Chain 8",18,75.9951724137931
"marrow_blasts_num","Chain 8",19,71.2793103448276
"marrow_blasts_num","Chain 8",20,71.9089655172414
"marrow_blasts_num","Chain 9",1,74.9158620689655
"marrow_blasts_num","Chain 9",2,72.0751724137931
"marrow_blasts_num","Chain 9",3,70.0855172413793
"marrow_blasts_num","Chain 9",4,72.0034482758621
"marrow_blasts_num","Chain 9",5,75.4986206896552
"marrow_blasts_num","Chain 9",6,69.9875862068966
"marrow_blasts_num","Chain 9",7,72.9834482758621
"marrow_blasts_num","Chain 9",8,75.3379310344828
"marrow_blasts_num","Chain 9",9,72.5868965517241
"marrow_blasts_num","Chain 9",10,73.3648275862069
"marrow_blasts_num","Chain 9",11,72.3027586206897
"marrow_blasts_num","Chain 9",12,73.2468965517241
"marrow_blasts_num","Chain 9",13,70.3372413793103
"marrow_blasts_num","Chain 9",14,71.6296551724138
"marrow_blasts_num","Chain 9",15,74.3275862068966
"marrow_blasts_num","Chain 9",16,68.3986206896552
"marrow_blasts_num","Chain 9",17,70.9144827586207
"marrow_blasts_num","Chain 9",18,74.2
"marrow_blasts_num","Chain 9",19,73.1068965517241
"marrow_blasts_num","Chain 9",20,73.7489655172414
"marrow_blasts_num","Chain 10",1,75.4875862068966
"marrow_blasts_num","Chain 10",2,72.3296551724138
"marrow_blasts_num","Chain 10",3,72.8944827586207
"marrow_blasts_num","Chain 10",4,70.2124137931035
"marrow_blasts_num","Chain 10",5,71.9248275862069
"marrow_blasts_num","Chain 10",6,73.8648275862069
"marrow_blasts_num","Chain 10",7,70.8158620689655
"marrow_blasts_num","Chain 10",8,71.8475862068966
"marrow_blasts_num","Chain 10",9,71.1262068965517
"marrow_blasts_num","Chain 10",10,70.5455172413793
"marrow_blasts_num","Chain 10",11,71.3793103448276
"marrow_blasts_num","Chain 10",12,70.8337931034483
"marrow_blasts_num","Chain 10",13,76.028275862069
"marrow_blasts_num","Chain 10",14,73.4262068965517
"marrow_blasts_num","Chain 10",15,74.0144827586207
"marrow_blasts_num","Chain 10",16,71.8820689655172
"marrow_blasts_num","Chain 10",17,73.2834482758621
"marrow_blasts_num","Chain 10",18,75.4813793103448
"marrow_blasts_num","Chain 10",19,70.4448275862069
"marrow_blasts_num","Chain 10",20,72.2655172413793
"marrow_blasts_num","Chain 11",1,73.1041379310345
"marrow_blasts_num","Chain 11",2,74.508275862069
"marrow_blasts_num","Chain 11",3,72.9331034482759
"marrow_blasts_num","Chain 11",4,73.3689655172414
"marrow_blasts_num","Chain 11",5,73.6544827586207
"marrow_blasts_num","Chain 11",6,72.2358620689655
"marrow_blasts_num","Chain 11",7,70.9868965517241
"marrow_blasts_num","Chain 11",8,75.2848275862069
"marrow_blasts_num","Chain 11",9,71.4013793103448
"marrow_blasts_num","Chain 11",10,73.768275862069
"marrow_blasts_num","Chain 11",11,71.3668965517241
"marrow_blasts_num","Chain 11",12,71.2468965517241
"marrow_blasts_num","Chain 11",13,70.2910344827586
"marrow_blasts_num","Chain 11",14,75.7220689655172
"marrow_blasts_num","Chain 11",15,70.7924137931034
"marrow_blasts_num","Chain 11",16,73.9813793103448
"marrow_blasts_num","Chain 11",17,72.5034482758621
"marrow_blasts_num","Chain 11",18,72.7275862068965
"marrow_blasts_num","Chain 11",19,72.0593103448276
"marrow_blasts_num","Chain 11",20,71.6241379310345
"marrow_blasts_num","Chain 12",1,73.88
"marrow_blasts_num","Chain 12",2,75.4703448275862
"marrow_blasts_num","Chain 12",3,74.9
"marrow_blasts_num","Chain 12",4,70.2786206896552
"marrow_blasts_num","Chain 12",5,70.3296551724138
"marrow_blasts_num","Chain 12",6,70.1434482758621
"marrow_blasts_num","Chain 12",7,72.0868965517241
"marrow_blasts_num","Chain 12",8,72.0834482758621
"marrow_blasts_num","Chain 12",9,70.7096551724138
"marrow_blasts_num","Chain 12",10,71.4586206896552
"marrow_blasts_num","Chain 12",11,72.2710344827586
"marrow_blasts_num","Chain 12",12,74.131724137931
"marrow_blasts_num","Chain 12",13,71.8558620689655
"marrow_blasts_num","Chain 12",14,72.2993103448276
"marrow_blasts_num","Chain 12",15,72.56
"marrow_blasts_num","Chain 12",16,71.2903448275862
"marrow_blasts_num","Chain 12",17,75.9158620689655
"marrow_blasts_num","Chain 12",18,73.4331034482759
"marrow_blasts_num","Chain 12",19,73.9379310344828
"marrow_blasts_num","Chain 12",20,71.2875862068965
"marrow_blasts_num","Chain 13",1,73.3993103448276
"marrow_blasts_num","Chain 13",2,71.9227586206896
"marrow_blasts_num","Chain 13",3,73.1793103448276
"marrow_blasts_num","Chain 13",4,74.6248275862069
"marrow_blasts_num","Chain 13",5,72.1662068965517
"marrow_blasts_num","Chain 13",6,74.4703448275862
"marrow_blasts_num","Chain 13",7,73.6441379310345
"marrow_blasts_num","Chain 13",8,71.7855172413793
"marrow_blasts_num","Chain 13",9,72.0737931034483
"marrow_blasts_num","Chain 13",10,73.371724137931
"marrow_blasts_num","Chain 13",11,73.9027586206897
"marrow_blasts_num","Chain 13",12,72.2344827586207
"marrow_blasts_num","Chain 13",13,73.2572413793103
"marrow_blasts_num","Chain 13",14,72.7668965517241
"marrow_blasts_num","Chain 13",15,74.231724137931
"marrow_blasts_num","Chain 13",16,74.2303448275862
"marrow_blasts_num","Chain 13",17,74.2806896551724
"marrow_blasts_num","Chain 13",18,73.4110344827586
"marrow_blasts_num","Chain 13",19,74.7275862068965
"marrow_blasts_num","Chain 13",20,70.7862068965517
"marrow_blasts_num","Chain 14",1,75.9758620689655
"marrow_blasts_num","Chain 14",2,75.04
"marrow_blasts_num","Chain 14",3,70.7689655172414
"marrow_blasts_num","Chain 14",4,71.7931034482759
"marrow_blasts_num","Chain 14",5,74.1627586206897
"marrow_blasts_num","Chain 14",6,70.2648275862069
"marrow_blasts_num","Chain 14",7,69.6165517241379
"marrow_blasts_num","Chain 14",8,72.2986206896552
"marrow_blasts_num","Chain 14",9,71.7096551724138
"marrow_blasts_num","Chain 14",10,72.4558620689655
"marrow_blasts_num","Chain 14",11,71.8144827586207
"marrow_blasts_num","Chain 14",12,72.5213793103448
"marrow_blasts_num","Chain 14",13,71.2606896551724
"marrow_blasts_num","Chain 14",14,72.1006896551724
"marrow_blasts_num","Chain 14",15,72.3234482758621
"marrow_blasts_num","Chain 14",16,74.3806896551724
"marrow_blasts_num","Chain 14",17,75.1765517241379
"marrow_blasts_num","Chain 14",18,73.0944827586207
"marrow_blasts_num","Chain 14",19,71.6
"marrow_blasts_num","Chain 14",20,72.3855172413793
"marrow_blasts_num","Chain 15",1,69.4944827586207
"marrow_blasts_num","Chain 15",2,73.4337931034483
"marrow_blasts_num","Chain 15",3,71.8731034482759
"marrow_blasts_num","Chain 15",4,73.1813793103448
"marrow_blasts_num","Chain 15",5,72.6924137931035
"marrow_blasts_num","Chain 15",6,73.948275862069
"marrow_blasts_num","Chain 15",7,73.2213793103448
"marrow_blasts_num","Chain 15",8,70.8248275862069
"marrow_blasts_num","Chain 15",9,71.3344827586207
"marrow_blasts_num","Chain 15",10,73.2731034482759
"marrow_blasts_num","Chain 15",11,71.0903448275862
"marrow_blasts_num","Chain 15",12,73.2227586206897
"marrow_blasts_num","Chain 15",13,74.0786206896552
"marrow_blasts_num","Chain 15",14,72.0841379310345
"marrow_blasts_num","Chain 15",15,71.8944827586207
"marrow_blasts_num","Chain 15",16,71.3406896551724
"marrow_blasts_num","Chain 15",17,75.1593103448276
"marrow_blasts_num","Chain 15",18,71.7710344827586
"marrow_blasts_num","Chain 15",19,68.2496551724138
"marrow_blasts_num","Chain 15",20,73.9227586206896
"marrow_blasts_num","Chain 16",1,71.4820689655172
"marrow_blasts_num","Chain 16",2,73.7013793103448
"marrow_blasts_num","Chain 16",3,69.1351724137931
"marrow_blasts_num","Chain 16",4,70.9827586206897
"marrow_blasts_num","Chain 16",5,72.6220689655172
"marrow_blasts_num","Chain 16",6,72.428275862069
"marrow_blasts_num","Chain 16",7,72.1524137931034
"marrow_blasts_num","Chain 16",8,74.028275862069
"marrow_blasts_num","Chain 16",9,74.2448275862069
"marrow_blasts_num","Chain 16",10,73.6937931034483
"marrow_blasts_num","Chain 16",11,74.0731034482759
"marrow_blasts_num","Chain 16",12,70.0793103448276
"marrow_blasts_num","Chain 16",13,71.0503448275862
"marrow_blasts_num","Chain 16",14,70.6379310344828
"marrow_blasts_num","Chain 16",15,69.5710344827586
"marrow_blasts_num","Chain 16",16,71.5372413793103
"marrow_blasts_num","Chain 16",17,72.8351724137931
"marrow_blasts_num","Chain 16",18,73.2462068965517
"marrow_blasts_num","Chain 16",19,72.2586206896552
"marrow_blasts_num","Chain 16",20,73.1765517241379
"marrow_blasts_num","Chain 17",1,72.6827586206897
"marrow_blasts_num","Chain 17",2,73.2503448275862
"marrow_blasts_num","Chain 17",3,74.0986206896552
"marrow_blasts_num","Chain 17",4,74.7889655172414
"marrow_blasts_num","Chain 17",5,73.1275862068966
"marrow_blasts_num","Chain 17",6,72.9475862068965
"marrow_blasts_num","Chain 17",7,75.5096551724138
"marrow_blasts_num","Chain 17",8,70.2227586206897
"marrow_blasts_num","Chain 17",9,68.5710344827586
"marrow_blasts_num","Chain 17",10,71.6841379310345
"marrow_blasts_num","Chain 17",11,70.5972413793103
"marrow_blasts_num","Chain 17",12,70.8758620689655
"marrow_blasts_num","Chain 17",13,71.2006896551724
"marrow_blasts_num","Chain 17",14,71.8689655172414
"marrow_blasts_num","Chain 17",15,72.4262068965517
"marrow_blasts_num","Chain 17",16,71.8255172413793
"marrow_blasts_num","Chain 17",17,72.431724137931
"marrow_blasts_num","Chain 17",18,76.3365517241379
"marrow_blasts_num","Chain 17",19,73.8179310344828
"marrow_blasts_num","Chain 17",20,72.3606896551724
"marrow_blasts_num","Chain 18",1,75.4489655172414
"marrow_blasts_num","Chain 18",2,72.488275862069
"marrow_blasts_num","Chain 18",3,71.5813793103448
"marrow_blasts_num","Chain 18",4,75.9627586206897
"marrow_blasts_num","Chain 18",5,73.1958620689655
"marrow_blasts_num","Chain 18",6,72.0241379310345
"marrow_blasts_num","Chain 18",7,73.6020689655172
"marrow_blasts_num","Chain 18",8,72.34
"marrow_blasts_num","Chain 18",9,71.1868965517241
"marrow_blasts_num","Chain 18",10,73.4951724137931
"marrow_blasts_num","Chain 18",11,71.5303448275862
"marrow_blasts_num","Chain 18",12,69.7213793103448
"marrow_blasts_num","Chain 18",13,72.9089655172414
"marrow_blasts_num","Chain 18",14,73.6889655172414
"marrow_blasts_num","Chain 18",15,72.5668965517241
"marrow_blasts_num","Chain 18",16,73.2772413793103
"marrow_blasts_num","Chain 18",17,71.0358620689655
"marrow_blasts_num","Chain 18",18,79.2103448275862
"marrow_blasts_num","Chain 18",19,71.0062068965517
"marrow_blasts_num","Chain 18",20,72.6620689655172
"marrow_blasts_num","Chain 19",1,71.8179310344828
"marrow_blasts_num","Chain 19",2,72.748275862069
"marrow_blasts_num","Chain 19",3,68.4275862068965
"marrow_blasts_num","Chain 19",4,71.0048275862069
"marrow_blasts_num","Chain 19",5,70.7324137931034
"marrow_blasts_num","Chain 19",6,72.7751724137931
"marrow_blasts_num","Chain 19",7,76.5779310344828
"marrow_blasts_num","Chain 19",8,73.2944827586207
"marrow_blasts_num","Chain 19",9,73.4441379310345
"marrow_blasts_num","Chain 19",10,74.2379310344828
"marrow_blasts_num","Chain 19",11,72.9131034482759
"marrow_blasts_num","Chain 19",12,75.2131034482759
"marrow_blasts_num","Chain 19",13,71.7662068965517
"marrow_blasts_num","Chain 19",14,71.5041379310345
"marrow_blasts_num","Chain 19",15,72.0068965517241
"marrow_blasts_num","Chain 19",16,73.6620689655172
"marrow_blasts_num","Chain 19",17,73.4137931034483
"marrow_blasts_num","Chain 19",18,73.6275862068966
"marrow_blasts_num","Chain 19",19,72.0275862068966
"marrow_blasts_num","Chain 19",20,72.2337931034483
"marrow_blasts_num","Chain 20",1,74.7275862068965
"marrow_blasts_num","Chain 20",2,72.3765517241379
"marrow_blasts_num","Chain 20",3,74.7786206896552
"marrow_blasts_num","Chain 20",4,74.1875862068966
"marrow_blasts_num","Chain 20",5,72.1531034482759
"marrow_blasts_num","Chain 20",6,70.8972413793103
"marrow_blasts_num","Chain 20",7,71.2137931034483
"marrow_blasts_num","Chain 20",8,71.7303448275862
"marrow_blasts_num","Chain 20",9,74.7075862068966
"marrow_blasts_num","Chain 20",10,70.2841379310345
"marrow_blasts_num","Chain 20",11,72.2979310344828
"marrow_blasts_num","Chain 20",12,73.7965517241379
"marrow_blasts_num","Chain 20",13,75.5151724137931
"marrow_blasts_num","Chain 20",14,71.7496551724138
"marrow_blasts_num","Chain 20",15,73.8041379310345
"marrow_blasts_num","Chain 20",16,73.6137931034483
"marrow_blasts_num","Chain 20",17,74.7393103448276
"marrow_blasts_num","Chain 20",18,76.451724137931
"marrow_blasts_num","Chain 20",19,72.3765517241379
"marrow_blasts_num","Chain 20",20,73.9289655172414
"marrow_blasts_num","Chain 21",1,71.3613793103448
"marrow_blasts_num","Chain 21",2,75.5751724137931
"marrow_blasts_num","Chain 21",3,72.3296551724138
"marrow_blasts_num","Chain 21",4,74.1020689655172
"marrow_blasts_num","Chain 21",5,72.708275862069
"marrow_blasts_num","Chain 21",6,73.8041379310345
"marrow_blasts_num","Chain 21",7,72.3475862068966
"marrow_blasts_num","Chain 21",8,75.7889655172414
"marrow_blasts_num","Chain 21",9,71.7710344827586
"marrow_blasts_num","Chain 21",10,70.551724137931
"marrow_blasts_num","Chain 21",11,74.3324137931034
"marrow_blasts_num","Chain 21",12,71.6875862068966
"marrow_blasts_num","Chain 21",13,73.3131034482759
"marrow_blasts_num","Chain 21",14,71.1862068965517
"marrow_blasts_num","Chain 21",15,72.051724137931
"marrow_blasts_num","Chain 21",16,73.068275862069
"marrow_blasts_num","Chain 21",17,71.8365517241379
"marrow_blasts_num","Chain 21",18,73.2620689655172
"marrow_blasts_num","Chain 21",19,73.3206896551724
"marrow_blasts_num","Chain 21",20,71.6724137931034
"marrow_blasts_num","Chain 22",1,75.908275862069
"marrow_blasts_num","Chain 22",2,72.7386206896552
"marrow_blasts_num","Chain 22",3,70.4103448275862
"marrow_blasts_num","Chain 22",4,71.5062068965517
"marrow_blasts_num","Chain 22",5,72.1462068965517
"marrow_blasts_num","Chain 22",6,72.9193103448276
"marrow_blasts_num","Chain 22",7,73.7855172413793
"marrow_blasts_num","Chain 22",8,72.5213793103448
"marrow_blasts_num","Chain 22",9,71.3186206896552
"marrow_blasts_num","Chain 22",10,70.4731034482759
"marrow_blasts_num","Chain 22",11,70.228275862069
"marrow_blasts_num","Chain 22",12,68.0227586206897
"marrow_blasts_num","Chain 22",13,71.7420689655172
"marrow_blasts_num","Chain 22",14,71.4531034482759
"marrow_blasts_num","Chain 22",15,73.24
"marrow_blasts_num","Chain 22",16,74.4937931034483
"marrow_blasts_num","Chain 22",17,72.0910344827586
"marrow_blasts_num","Chain 22",18,72.6068965517241
"marrow_blasts_num","Chain 22",19,73.1027586206897
"marrow_blasts_num","Chain 22",20,72.0910344827586
"marrow_blasts_num","Chain 23",1,73.1537931034483
"marrow_blasts_num","Chain 23",2,71.8868965517241
"marrow_blasts_num","Chain 23",3,73.7227586206897
"marrow_blasts_num","Chain 23",4,76.1393103448276
"marrow_blasts_num","Chain 23",5,76.3365517241379
"marrow_blasts_num","Chain 23",6,75.3420689655172
"marrow_blasts_num","Chain 23",7,73.2834482758621
"marrow_blasts_num","Chain 23",8,75.1151724137931
"marrow_blasts_num","Chain 23",9,73.2241379310345
"marrow_blasts_num","Chain 23",10,73.5420689655172
"marrow_blasts_num","Chain 23",11,76.1296551724138
"marrow_blasts_num","Chain 23",12,75.46
"marrow_blasts_num","Chain 23",13,72.4641379310345
"marrow_blasts_num","Chain 23",14,72.2779310344828
"marrow_blasts_num","Chain 23",15,69.7165517241379
"marrow_blasts_num","Chain 23",16,72.5137931034483
"marrow_blasts_num","Chain 23",17,70.5931034482759
"marrow_blasts_num","Chain 23",18,73.7951724137931
"marrow_blasts_num","Chain 23",19,70.1937931034483
"marrow_blasts_num","Chain 23",20,74.0910344827586
"marrow_blasts_num","Chain 24",1,74.5986206896552
"marrow_blasts_num","Chain 24",2,71.1648275862069
"marrow_blasts_num","Chain 24",3,72.9813793103448
"marrow_blasts_num","Chain 24",4,74.4896551724138
"marrow_blasts_num","Chain 24",5,71.9144827586207
"marrow_blasts_num","Chain 24",6,73.6889655172414
"marrow_blasts_num","Chain 24",7,72.8158620689655
"marrow_blasts_num","Chain 24",8,73.3144827586207
"marrow_blasts_num","Chain 24",9,72.4448275862069
"marrow_blasts_num","Chain 24",10,74.6337931034483
"marrow_blasts_num","Chain 24",11,74.8537931034483
"marrow_blasts_num","Chain 24",12,72.2986206896552
"marrow_blasts_num","Chain 24",13,71.3827586206897
"marrow_blasts_num","Chain 24",14,73.1427586206897
"marrow_blasts_num","Chain 24",15,72.9537931034483
"marrow_blasts_num","Chain 24",16,73.7165517241379
"marrow_blasts_num","Chain 24",17,72.8572413793103
"marrow_blasts_num","Chain 24",18,71.4503448275862
"marrow_blasts_num","Chain 24",19,71.7979310344828
"marrow_blasts_num","Chain 24",20,75.9827586206897
"marrow_blasts_num","Chain 25",1,76.0772413793104
"marrow_blasts_num","Chain 25",2,69.5979310344828
"marrow_blasts_num","Chain 25",3,73.2151724137931
"marrow_blasts_num","Chain 25",4,71.5331034482759
"marrow_blasts_num","Chain 25",5,71.9248275862069
"marrow_blasts_num","Chain 25",6,73.1089655172414
"marrow_blasts_num","Chain 25",7,68.9013793103448
"marrow_blasts_num","Chain 25",8,72.6675862068966
"marrow_blasts_num","Chain 25",9,71.0848275862069
"marrow_blasts_num","Chain 25",10,72.5951724137931
"marrow_blasts_num","Chain 25",11,70.5924137931034
"marrow_blasts_num","Chain 25",12,72.4855172413793
"marrow_blasts_num","Chain 25",13,72.1662068965517
"marrow_blasts_num","Chain 25",14,71.1255172413793
"marrow_blasts_num","Chain 25",15,71.4158620689655
"marrow_blasts_num","Chain 25",16,74.0958620689655
"marrow_blasts_num","Chain 25",17,71.2641379310345
"marrow_blasts_num","Chain 25",18,69.9489655172414
"marrow_blasts_num","Chain 25",19,72.2524137931034
"marrow_blasts_num","Chain 25",20,75.0358620689655
"marrow_blasts_num","Chain 26",1,72.5944827586207
"marrow_blasts_num","Chain 26",2,72.4544827586207
"marrow_blasts_num","Chain 26",3,70.3979310344828
"marrow_blasts_num","Chain 26",4,72.8289655172414
"marrow_blasts_num","Chain 26",5,71.1041379310345
"marrow_blasts_num","Chain 26",6,72.2524137931034
"marrow_blasts_num","Chain 26",7,71.7579310344828
"marrow_blasts_num","Chain 26",8,72.5537931034483
"marrow_blasts_num","Chain 26",9,74.0041379310345
"marrow_blasts_num","Chain 26",10,72.1924137931035
"marrow_blasts_num","Chain 26",11,69.8724137931034
"marrow_blasts_num","Chain 26",12,72.96
"marrow_blasts_num","Chain 26",13,74.1351724137931
"marrow_blasts_num","Chain 26",14,72.4241379310345
"marrow_blasts_num","Chain 26",15,71.4765517241379
"marrow_blasts_num","Chain 26",16,75.4179310344828
"marrow_blasts_num","Chain 26",17,71.1827586206897
"marrow_blasts_num","Chain 26",18,73.2910344827586
"marrow_blasts_num","Chain 26",19,71.5427586206897
"marrow_blasts_num","Chain 26",20,73.2358620689655
"marrow_blasts_num","Chain 27",1,72.0220689655172
"marrow_blasts_num","Chain 27",2,73.9262068965517
"marrow_blasts_num","Chain 27",3,74.8620689655172
"marrow_blasts_num","Chain 27",4,71.2041379310345
"marrow_blasts_num","Chain 27",5,72.591724137931
"marrow_blasts_num","Chain 27",6,73.0510344827586
"marrow_blasts_num","Chain 27",7,71.6406896551724
"marrow_blasts_num","Chain 27",8,71.3475862068966
"marrow_blasts_num","Chain 27",9,72.9427586206897
"marrow_blasts_num","Chain 27",10,72.9731034482759
"marrow_blasts_num","Chain 27",11,73.2206896551724
"marrow_blasts_num","Chain 27",12,70.12
"marrow_blasts_num","Chain 27",13,72.428275862069
"marrow_blasts_num","Chain 27",14,71.1179310344828
"marrow_blasts_num","Chain 27",15,69.8268965517241
"marrow_blasts_num","Chain 27",16,68.6475862068965
"marrow_blasts_num","Chain 27",17,72.4510344827586
"marrow_blasts_num","Chain 27",18,73.1096551724138
"marrow_blasts_num","Chain 27",19,70.1413793103448
"marrow_blasts_num","Chain 27",20,70.1655172413793
"marrow_blasts_num","Chain 28",1,73.6213793103448
"marrow_blasts_num","Chain 28",2,70.9296551724138
"marrow_blasts_num","Chain 28",3,70.8586206896552
"marrow_blasts_num","Chain 28",4,74.6324137931035
"marrow_blasts_num","Chain 28",5,71.328275862069
"marrow_blasts_num","Chain 28",6,69.6758620689655
"marrow_blasts_num","Chain 28",7,73.628275862069
"marrow_blasts_num","Chain 28",8,75.6731034482759
"marrow_blasts_num","Chain 28",9,67.9468965517241
"marrow_blasts_num","Chain 28",10,73.9793103448276
"marrow_blasts_num","Chain 28",11,73.2627586206897
"marrow_blasts_num","Chain 28",12,71.0158620689655
"marrow_blasts_num","Chain 28",13,73.7468965517241
"marrow_blasts_num","Chain 28",14,72.6731034482759
"marrow_blasts_num","Chain 28",15,72.8489655172414
"marrow_blasts_num","Chain 28",16,70.7144827586207
"marrow_blasts_num","Chain 28",17,71.5455172413793
"marrow_blasts_num","Chain 28",18,72.6606896551724
"marrow_blasts_num","Chain 28",19,73.2710344827586
"marrow_blasts_num","Chain 28",20,74.2758620689655
"marrow_blasts_num","Chain 29",1,73.7931034482759
"marrow_blasts_num","Chain 29",2,73.3489655172414
"marrow_blasts_num","Chain 29",3,71.8986206896552
"marrow_blasts_num","Chain 29",4,72.591724137931
"marrow_blasts_num","Chain 29",5,69.2448275862069
"marrow_blasts_num","Chain 29",6,70.2193103448276
"marrow_blasts_num","Chain 29",7,74.5358620689655
"marrow_blasts_num","Chain 29",8,71.5055172413793
"marrow_blasts_num","Chain 29",9,72.5193103448276
"marrow_blasts_num","Chain 29",10,69.32
"marrow_blasts_num","Chain 29",11,71.4613793103448
"marrow_blasts_num","Chain 29",12,71.4427586206897
"marrow_blasts_num","Chain 29",13,71.6434482758621
"marrow_blasts_num","Chain 29",14,73.2620689655172
"marrow_blasts_num","Chain 29",15,69.2344827586207
"marrow_blasts_num","Chain 29",16,70.5724137931035
"marrow_blasts_num","Chain 29",17,71.491724137931
"marrow_blasts_num","Chain 29",18,73.2951724137931
"marrow_blasts_num","Chain 29",19,70.72
"marrow_blasts_num","Chain 29",20,74.2331034482759
"marrow_blasts_num","Chain 30",1,73.4475862068965
"marrow_blasts_num","Chain 30",2,72.4724137931034
"marrow_blasts_num","Chain 30",3,67.7758620689655
"marrow_blasts_num","Chain 30",4,70.3903448275862
"marrow_blasts_num","Chain 30",5,74.3786206896552
"marrow_blasts_num","Chain 30",6,69.9903448275862
"marrow_blasts_num","Chain 30",7,71.9779310344828
"marrow_blasts_num","Chain 30",8,75.0131034482759
"marrow_blasts_num","Chain 30",9,74.6951724137931
"marrow_blasts_num","Chain 30",10,72.1951724137931
"marrow_blasts_num","Chain 30",11,70.6337931034483
"marrow_blasts_num","Chain 30",12,74.3820689655172
"marrow_blasts_num","Chain 30",13,70.2048275862069
"marrow_blasts_num","Chain 30",14,72.8862068965517
"marrow_blasts_num","Chain 30",15,71.8731034482759
"marrow_blasts_num","Chain 30",16,73.3193103448276
"marrow_blasts_num","Chain 30",17,69.4710344827586
"marrow_blasts_num","Chain 30",18,69.9510344827586
"marrow_blasts_num","Chain 30",19,70.5634482758621
"marrow_blasts_num","Chain 30",20,71.9027586206897
"peripheral_blasts_num","Chain 1",1,43.7971428571429
"peripheral_blasts_num","Chain 1",2,34.52
"peripheral_blasts_num","Chain 1",3,35.32
"peripheral_blasts_num","Chain 1",4,31.6285714285714
"peripheral_blasts_num","Chain 1",5,39.4571428571429
"peripheral_blasts_num","Chain 1",6,36.38
"peripheral_blasts_num","Chain 1",7,34.7714285714286
"peripheral_blasts_num","Chain 1",8,39.3771428571429
"peripheral_blasts_num","Chain 1",9,37.0114285714286
"peripheral_blasts_num","Chain 1",10,35.1114285714286
"peripheral_blasts_num","Chain 1",11,41.0457142857143
"peripheral_blasts_num","Chain 1",12,45.0428571428571
"peripheral_blasts_num","Chain 1",13,40.2828571428571
"peripheral_blasts_num","Chain 1",14,37.9885714285714
"peripheral_blasts_num","Chain 1",15,39.5457142857143
"peripheral_blasts_num","Chain 1",16,41.1428571428571
"peripheral_blasts_num","Chain 1",17,35.3142857142857
"peripheral_blasts_num","Chain 1",18,37.1314285714286
"peripheral_blasts_num","Chain 1",19,38.7342857142857
"peripheral_blasts_num","Chain 1",20,38.4142857142857
"peripheral_blasts_num","Chain 2",1,30.2285714285714
"peripheral_blasts_num","Chain 2",2,37.7857142857143
"peripheral_blasts_num","Chain 2",3,35.8028571428571
"peripheral_blasts_num","Chain 2",4,38.9485714285714
"peripheral_blasts_num","Chain 2",5,36.1142857142857
"peripheral_blasts_num","Chain 2",6,34.1342857142857
"peripheral_blasts_num","Chain 2",7,33.8
"peripheral_blasts_num","Chain 2",8,38.6285714285714
"peripheral_blasts_num","Chain 2",9,36.9257142857143
"peripheral_blasts_num","Chain 2",10,34.1971428571429
"peripheral_blasts_num","Chain 2",11,43
"peripheral_blasts_num","Chain 2",12,36.1428571428571
"peripheral_blasts_num","Chain 2",13,28.3685714285714
"peripheral_blasts_num","Chain 2",14,28.6171428571429
"peripheral_blasts_num","Chain 2",15,33.9114285714286
"peripheral_blasts_num","Chain 2",16,36.2571428571429
"peripheral_blasts_num","Chain 2",17,38.78
"peripheral_blasts_num","Chain 2",18,44.2714285714286
"peripheral_blasts_num","Chain 2",19,33.5028571428571
"peripheral_blasts_num","Chain 2",20,31.3657142857143
"peripheral_blasts_num","Chain 3",1,36.2228571428571
"peripheral_blasts_num","Chain 3",2,31.3714285714286
"peripheral_blasts_num","Chain 3",3,30.2742857142857
"peripheral_blasts_num","Chain 3",4,27.1314285714286
"peripheral_blasts_num","Chain 3",5,35.2628571428571
"peripheral_blasts_num","Chain 3",6,31.54
"peripheral_blasts_num","Chain 3",7,33.7771428571429
"peripheral_blasts_num","Chain 3",8,37.1714285714286
"peripheral_blasts_num","Chain 3",9,34.4857142857143
"peripheral_blasts_num","Chain 3",10,37.8171428571429
"peripheral_blasts_num","Chain 3",11,29.96
"peripheral_blasts_num","Chain 3",12,32.4942857142857
"peripheral_blasts_num","Chain 3",13,30.3
"peripheral_blasts_num","Chain 3",14,30.2371428571429
"peripheral_blasts_num","Chain 3",15,30.6542857142857
"peripheral_blasts_num","Chain 3",16,39.0371428571429
"peripheral_blasts_num","Chain 3",17,36.4914285714286
"peripheral_blasts_num","Chain 3",18,35.4885714285714
"peripheral_blasts_num","Chain 3",19,35.0542857142857
"peripheral_blasts_num","Chain 3",20,30.9028571428571
"peripheral_blasts_num","Chain 4",1,34.3114285714286
"peripheral_blasts_num","Chain 4",2,38.3571428571429
"peripheral_blasts_num","Chain 4",3,36
"peripheral_blasts_num","Chain 4",4,35.1371428571429
"peripheral_blasts_num","Chain 4",5,38.2657142857143
"peripheral_blasts_num","Chain 4",6,32.4285714285714
"peripheral_blasts_num","Chain 4",7,31.3628571428571
"peripheral_blasts_num","Chain 4",8,35.1342857142857
"peripheral_blasts_num","Chain 4",9,29.78
"peripheral_blasts_num","Chain 4",10,36.3428571428571
"peripheral_blasts_num","Chain 4",11,33.4171428571429
"peripheral_blasts_num","Chain 4",12,25.8342857142857
"peripheral_blasts_num","Chain 4",13,33.7542857142857
"peripheral_blasts_num","Chain 4",14,27.5428571428571
"peripheral_blasts_num","Chain 4",15,40.3714285714286
"peripheral_blasts_num","Chain 4",16,36.92
"peripheral_blasts_num","Chain 4",17,37.3
"peripheral_blasts_num","Chain 4",18,35.6857142857143
"peripheral_blasts_num","Chain 4",19,31.0857142857143
"peripheral_blasts_num","Chain 4",20,34.06
"peripheral_blasts_num","Chain 5",1,36.2285714285714
"peripheral_blasts_num","Chain 5",2,34.3514285714286
"peripheral_blasts_num","Chain 5",3,35.36
"peripheral_blasts_num","Chain 5",4,31.6314285714286
"peripheral_blasts_num","Chain 5",5,41.28
"peripheral_blasts_num","Chain 5",6,44.6028571428571
"peripheral_blasts_num","Chain 5",7,45.62
"peripheral_blasts_num","Chain 5",8,35.6571428571429
"peripheral_blasts_num","Chain 5",9,39.0285714285714
"peripheral_blasts_num","Chain 5",10,33.5857142857143
"peripheral_blasts_num","Chain 5",11,38.5142857142857
"peripheral_blasts_num","Chain 5",12,33.2485714285714
"peripheral_blasts_num","Chain 5",13,36.2771428571429
"peripheral_blasts_num","Chain 5",14,33.6571428571429
"peripheral_blasts_num","Chain 5",15,28.9657142857143
"peripheral_blasts_num","Chain 5",16,36.7485714285714
"peripheral_blasts_num","Chain 5",17,37.7457142857143
"peripheral_blasts_num","Chain 5",18,32.0971428571429
"peripheral_blasts_num","Chain 5",19,37.3514285714286
"peripheral_blasts_num","Chain 5",20,37
"peripheral_blasts_num","Chain 6",1,44.4057142857143
"peripheral_blasts_num","Chain 6",2,38.3971428571429
"peripheral_blasts_num","Chain 6",3,31.9485714285714
"peripheral_blasts_num","Chain 6",4,40.66
"peripheral_blasts_num","Chain 6",5,37.6371428571429
"peripheral_blasts_num","Chain 6",6,31.6314285714286
"peripheral_blasts_num","Chain 6",7,36.6657142857143
"peripheral_blasts_num","Chain 6",8,30.4685714285714
"peripheral_blasts_num","Chain 6",9,31.6628571428571
"peripheral_blasts_num","Chain 6",10,34.3428571428571
"peripheral_blasts_num","Chain 6",11,32.7428571428571
"peripheral_blasts_num","Chain 6",12,33.6514285714286
"peripheral_blasts_num","Chain 6",13,39.5457142857143
"peripheral_blasts_num","Chain 6",14,42.0742857142857
"peripheral_blasts_num","Chain 6",15,34.1885714285714
"peripheral_blasts_num","Chain 6",16,38.66
"peripheral_blasts_num","Chain 6",17,40.5142857142857
"peripheral_blasts_num","Chain 6",18,36.3914285714286
"peripheral_blasts_num","Chain 6",19,38.2828571428571
"peripheral_blasts_num","Chain 6",20,32.1428571428571
"peripheral_blasts_num","Chain 7",1,33.0542857142857
"peripheral_blasts_num","Chain 7",2,27.7628571428571
"peripheral_blasts_num","Chain 7",3,34.7428571428571
"peripheral_blasts_num","Chain 7",4,35.8571428571429
"peripheral_blasts_num","Chain 7",5,41.1457142857143
"peripheral_blasts_num","Chain 7",6,34.5085714285714
"peripheral_blasts_num","Chain 7",7,35.4057142857143
"peripheral_blasts_num","Chain 7",8,34.8742857142857
"peripheral_blasts_num","Chain 7",9,32.4114285714286
"peripheral_blasts_num","Chain 7",10,37.3657142857143
"peripheral_blasts_num","Chain 7",11,33.5685714285714
"peripheral_blasts_num","Chain 7",12,38.0485714285714
"peripheral_blasts_num","Chain 7",13,37.4257142857143
"peripheral_blasts_num","Chain 7",14,40.1628571428571
"peripheral_blasts_num","Chain 7",15,37.3028571428571
"peripheral_blasts_num","Chain 7",16,30.2971428571429
"peripheral_blasts_num","Chain 7",17,32.0857142857143
"peripheral_blasts_num","Chain 7",18,35.6085714285714
"peripheral_blasts_num","Chain 7",19,42.2285714285714
"peripheral_blasts_num","Chain 7",20,30.5171428571429
"peripheral_blasts_num","Chain 8",1,34.2742857142857
"peripheral_blasts_num","Chain 8",2,35.56
"peripheral_blasts_num","Chain 8",3,33.32
"peripheral_blasts_num","Chain 8",4,36.4885714285714
"peripheral_blasts_num","Chain 8",5,44.34
"peripheral_blasts_num","Chain 8",6,33.5428571428571
"peripheral_blasts_num","Chain 8",7,39.02
"peripheral_blasts_num","Chain 8",8,32.8857142857143
"peripheral_blasts_num","Chain 8",9,35.2714285714286
"peripheral_blasts_num","Chain 8",10,29.9085714285714
"peripheral_blasts_num","Chain 8",11,36.2542857142857
"peripheral_blasts_num","Chain 8",12,35.2428571428571
"peripheral_blasts_num","Chain 8",13,33.7885714285714
"peripheral_blasts_num","Chain 8",14,35.5628571428571
"peripheral_blasts_num","Chain 8",15,35.6314285714286
"peripheral_blasts_num","Chain 8",16,38.7085714285714
"peripheral_blasts_num","Chain 8",17,42.3085714285714
"peripheral_blasts_num","Chain 8",18,32.2457142857143
"peripheral_blasts_num","Chain 8",19,37.1342857142857
"peripheral_blasts_num","Chain 8",20,46.7171428571429
"peripheral_blasts_num","Chain 9",1,38.8914285714286
"peripheral_blasts_num","Chain 9",2,32.6228571428571
"peripheral_blasts_num","Chain 9",3,31.4485714285714
"peripheral_blasts_num","Chain 9",4,31.3771428571429
"peripheral_blasts_num","Chain 9",5,35.3428571428571
"peripheral_blasts_num","Chain 9",6,28.74
"peripheral_blasts_num","Chain 9",7,38.5742857142857
"peripheral_blasts_num","Chain 9",8,42.4742857142857
"peripheral_blasts_num","Chain 9",9,37.6971428571429
"peripheral_blasts_num","Chain 9",10,34.8914285714286
"peripheral_blasts_num","Chain 9",11,42.0828571428571
"peripheral_blasts_num","Chain 9",12,32.8571428571429
"peripheral_blasts_num","Chain 9",13,37.1371428571429
"peripheral_blasts_num","Chain 9",14,37.5514285714286
"peripheral_blasts_num","Chain 9",15,32.1514285714286
"peripheral_blasts_num","Chain 9",16,34.8285714285714
"peripheral_blasts_num","Chain 9",17,39.4857142857143
"peripheral_blasts_num","Chain 9",18,45.2857142857143
"peripheral_blasts_num","Chain 9",19,37.6657142857143
"peripheral_blasts_num","Chain 9",20,45.2771428571429
"peripheral_blasts_num","Chain 10",1,36.1457142857143
"peripheral_blasts_num","Chain 10",2,30.9628571428571
"peripheral_blasts_num","Chain 10",3,33.0114285714286
"peripheral_blasts_num","Chain 10",4,32.2971428571429
"peripheral_blasts_num","Chain 10",5,28.3742857142857
"peripheral_blasts_num","Chain 10",6,28.1142857142857
"peripheral_blasts_num","Chain 10",7,29.2485714285714
"peripheral_blasts_num","Chain 10",8,31.1428571428571
"peripheral_blasts_num","Chain 10",9,30.8428571428571
"peripheral_blasts_num","Chain 10",10,34.3314285714286
"peripheral_blasts_num","Chain 10",11,30.4714285714286
"peripheral_blasts_num","Chain 10",12,36.1057142857143
"peripheral_blasts_num","Chain 10",13,40.58
"peripheral_blasts_num","Chain 10",14,30.0485714285714
"peripheral_blasts_num","Chain 10",15,36.1142857142857
"peripheral_blasts_num","Chain 10",16,26.5142857142857
"peripheral_blasts_num","Chain 10",17,36.5057142857143
"peripheral_blasts_num","Chain 10",18,31.0142857142857
"peripheral_blasts_num","Chain 10",19,31.2257142857143
"peripheral_blasts_num","Chain 10",20,35.6457142857143
"peripheral_blasts_num","Chain 11",1,30.5114285714286
"peripheral_blasts_num","Chain 11",2,28.5714285714286
"peripheral_blasts_num","Chain 11",3,33.1257142857143
"peripheral_blasts_num","Chain 11",4,30.5542857142857
"peripheral_blasts_num","Chain 11",5,36.5057142857143
"peripheral_blasts_num","Chain 11",6,28.3714285714286
"peripheral_blasts_num","Chain 11",7,28.1542857142857
"peripheral_blasts_num","Chain 11",8,35.2485714285714
"peripheral_blasts_num","Chain 11",9,30.5257142857143
"peripheral_blasts_num","Chain 11",10,34.9542857142857
"peripheral_blasts_num","Chain 11",11,30.5342857142857
"peripheral_blasts_num","Chain 11",12,35.6685714285714
"peripheral_blasts_num","Chain 11",13,31.4285714285714
"peripheral_blasts_num","Chain 11",14,31.5171428571429
"peripheral_blasts_num","Chain 11",15,35.8028571428571
"peripheral_blasts_num","Chain 11",16,32.7657142857143
"peripheral_blasts_num","Chain 11",17,36.2314285714286
"peripheral_blasts_num","Chain 11",18,40.4457142857143
"peripheral_blasts_num","Chain 11",19,37.4314285714286
"peripheral_blasts_num","Chain 11",20,40.4485714285714
"peripheral_blasts_num","Chain 12",1,37.1085714285714
"peripheral_blasts_num","Chain 12",2,38.6114285714286
"peripheral_blasts_num","Chain 12",3,38.32
"peripheral_blasts_num","Chain 12",4,36.9428571428571
"peripheral_blasts_num","Chain 12",5,30.02
"peripheral_blasts_num","Chain 12",6,34.2457142857143
"peripheral_blasts_num","Chain 12",7,33.1514285714286
"peripheral_blasts_num","Chain 12",8,37.6228571428571
"peripheral_blasts_num","Chain 12",9,32.6971428571429
"peripheral_blasts_num","Chain 12",10,40.0257142857143
"peripheral_blasts_num","Chain 12",11,39.98
"peripheral_blasts_num","Chain 12",12,35.4657142857143
"peripheral_blasts_num","Chain 12",13,39.8571428571429
"peripheral_blasts_num","Chain 12",14,40.48
"peripheral_blasts_num","Chain 12",15,37.5714285714286
"peripheral_blasts_num","Chain 12",16,34.4714285714286
"peripheral_blasts_num","Chain 12",17,30.0857142857143
"peripheral_blasts_num","Chain 12",18,28.2285714285714
"peripheral_blasts_num","Chain 12",19,36.3885714285714
"peripheral_blasts_num","Chain 12",20,37.5685714285714
"peripheral_blasts_num","Chain 13",1,36.5457142857143
"peripheral_blasts_num","Chain 13",2,32.9171428571429
"peripheral_blasts_num","Chain 13",3,34.5228571428571
"peripheral_blasts_num","Chain 13",4,34.3685714285714
"peripheral_blasts_num","Chain 13",5,25.6028571428571
"peripheral_blasts_num","Chain 13",6,28.0142857142857
"peripheral_blasts_num","Chain 13",7,33.9828571428571
"peripheral_blasts_num","Chain 13",8,31.3914285714286
"peripheral_blasts_num","Chain 13",9,34.3742857142857
"peripheral_blasts_num","Chain 13",10,33.1314285714286
"peripheral_blasts_num","Chain 13",11,37.5571428571429
"peripheral_blasts_num","Chain 13",12,36.5114285714286
"peripheral_blasts_num","Chain 13",13,41.0428571428571
"peripheral_blasts_num","Chain 13",14,37.7857142857143
"peripheral_blasts_num","Chain 13",15,40.6571428571429
"peripheral_blasts_num","Chain 13",16,37.0171428571429
"peripheral_blasts_num","Chain 13",17,35.7571428571429
"peripheral_blasts_num","Chain 13",18,36.5142857142857
"peripheral_blasts_num","Chain 13",19,38.5857142857143
"peripheral_blasts_num","Chain 13",20,35.0571428571429
"peripheral_blasts_num","Chain 14",1,40.3857142857143
"peripheral_blasts_num","Chain 14",2,31.7657142857143
"peripheral_blasts_num","Chain 14",3,32.02
"peripheral_blasts_num","Chain 14",4,35.5885714285714
"peripheral_blasts_num","Chain 14",5,34.4542857142857
"peripheral_blasts_num","Chain 14",6,34.7028571428571
"peripheral_blasts_num","Chain 14",7,36.2457142857143
"peripheral_blasts_num","Chain 14",8,39.08
"peripheral_blasts_num","Chain 14",9,41.32
"peripheral_blasts_num","Chain 14",10,37.8857142857143
"peripheral_blasts_num","Chain 14",11,38.0714285714286
"peripheral_blasts_num","Chain 14",12,34.5942857142857
"peripheral_blasts_num","Chain 14",13,29.7285714285714
"peripheral_blasts_num","Chain 14",14,36.8257142857143
"peripheral_blasts_num","Chain 14",15,37.4142857142857
"peripheral_blasts_num","Chain 14",16,41.6057142857143
"peripheral_blasts_num","Chain 14",17,39.9685714285714
"peripheral_blasts_num","Chain 14",18,39.7857142857143
"peripheral_blasts_num","Chain 14",19,38.8142857142857
"peripheral_blasts_num","Chain 14",20,38.4685714285714
"peripheral_blasts_num","Chain 15",1,31.4
"peripheral_blasts_num","Chain 15",2,36.1685714285714
"peripheral_blasts_num","Chain 15",3,36.2114285714286
"peripheral_blasts_num","Chain 15",4,36.7971428571429
"peripheral_blasts_num","Chain 15",5,35.0228571428571
"peripheral_blasts_num","Chain 15",6,37.3428571428571
"peripheral_blasts_num","Chain 15",7,33.8857142857143
"peripheral_blasts_num","Chain 15",8,38.8
"peripheral_blasts_num","Chain 15",9,32.8314285714286
"peripheral_blasts_num","Chain 15",10,32.8285714285714
"peripheral_blasts_num","Chain 15",11,32.7228571428571
"peripheral_blasts_num","Chain 15",12,34.26
"peripheral_blasts_num","Chain 15",13,30.7171428571429
"peripheral_blasts_num","Chain 15",14,31.3142857142857
"peripheral_blasts_num","Chain 15",15,38.1714285714286
"peripheral_blasts_num","Chain 15",16,36.5028571428571
"peripheral_blasts_num","Chain 15",17,32.36
"peripheral_blasts_num","Chain 15",18,33.2685714285714
"peripheral_blasts_num","Chain 15",19,37.1057142857143
"peripheral_blasts_num","Chain 15",20,38.7685714285714
"peripheral_blasts_num","Chain 16",1,41.8971428571429
"peripheral_blasts_num","Chain 16",2,32.5285714285714
"peripheral_blasts_num","Chain 16",3,40.4771428571429
"peripheral_blasts_num","Chain 16",4,34.0342857142857
"peripheral_blasts_num","Chain 16",5,38.0571428571429
"peripheral_blasts_num","Chain 16",6,33.4285714285714
"peripheral_blasts_num","Chain 16",7,37.7
"peripheral_blasts_num","Chain 16",8,35.78
"peripheral_blasts_num","Chain 16",9,34.62
"peripheral_blasts_num","Chain 16",10,34.7457142857143
"peripheral_blasts_num","Chain 16",11,38.2542857142857
"peripheral_blasts_num","Chain 16",12,38.46
"peripheral_blasts_num","Chain 16",13,33.5285714285714
"peripheral_blasts_num","Chain 16",14,27.3914285714286
"peripheral_blasts_num","Chain 16",15,31.5514285714286
"peripheral_blasts_num","Chain 16",16,33.4828571428571
"peripheral_blasts_num","Chain 16",17,38.5257142857143
"peripheral_blasts_num","Chain 16",18,34.5942857142857
"peripheral_blasts_num","Chain 16",19,44.3514285714286
"peripheral_blasts_num","Chain 16",20,37.6828571428571
"peripheral_blasts_num","Chain 17",1,32.0571428571429
"peripheral_blasts_num","Chain 17",2,34.3428571428571
"peripheral_blasts_num","Chain 17",3,40.1485714285714
"peripheral_blasts_num","Chain 17",4,35.6428571428571
"peripheral_blasts_num","Chain 17",5,31.0485714285714
"peripheral_blasts_num","Chain 17",6,29.7
"peripheral_blasts_num","Chain 17",7,30.3114285714286
"peripheral_blasts_num","Chain 17",8,33.2885714285714
"peripheral_blasts_num","Chain 17",9,33.2657142857143
"peripheral_blasts_num","Chain 17",10,33.2657142857143
"peripheral_blasts_num","Chain 17",11,34.2142857142857
"peripheral_blasts_num","Chain 17",12,38.2942857142857
"peripheral_blasts_num","Chain 17",13,35.6342857142857
"peripheral_blasts_num","Chain 17",14,37.7285714285714
"peripheral_blasts_num","Chain 17",15,37.68
"peripheral_blasts_num","Chain 17",16,32.6
"peripheral_blasts_num","Chain 17",17,40.2285714285714
"peripheral_blasts_num","Chain 17",18,34.1085714285714
"peripheral_blasts_num","Chain 17",19,40.56
"peripheral_blasts_num","Chain 17",20,33.5257142857143
"peripheral_blasts_num","Chain 18",1,35.5257142857143
"peripheral_blasts_num","Chain 18",2,31.94
"peripheral_blasts_num","Chain 18",3,32.3257142857143
"peripheral_blasts_num","Chain 18",4,33.3542857142857
"peripheral_blasts_num","Chain 18",5,37.3771428571429
"peripheral_blasts_num","Chain 18",6,41.1085714285714
"peripheral_blasts_num","Chain 18",7,36.6771428571429
"peripheral_blasts_num","Chain 18",8,36.7485714285714
"peripheral_blasts_num","Chain 18",9,37.3314285714286
"peripheral_blasts_num","Chain 18",10,33.7571428571429
"peripheral_blasts_num","Chain 18",11,27.9685714285714
"peripheral_blasts_num","Chain 18",12,35.5942857142857
"peripheral_blasts_num","Chain 18",13,29.9228571428571
"peripheral_blasts_num","Chain 18",14,32.12
"peripheral_blasts_num","Chain 18",15,37.58
"peripheral_blasts_num","Chain 18",16,34.1114285714286
"peripheral_blasts_num","Chain 18",17,29.4457142857143
"peripheral_blasts_num","Chain 18",18,38.5542857142857
"peripheral_blasts_num","Chain 18",19,35.4571428571429
"peripheral_blasts_num","Chain 18",20,30.2771428571429
"peripheral_blasts_num","Chain 19",1,35.2057142857143
"peripheral_blasts_num","Chain 19",2,33.0542857142857
"peripheral_blasts_num","Chain 19",3,35.3342857142857
"peripheral_blasts_num","Chain 19",4,30.3542857142857
"peripheral_blasts_num","Chain 19",5,30.7542857142857
"peripheral_blasts_num","Chain 19",6,33.6914285714286
"peripheral_blasts_num","Chain 19",7,34.8057142857143
"peripheral_blasts_num","Chain 19",8,41.0085714285714
"peripheral_blasts_num","Chain 19",9,38.28
"peripheral_blasts_num","Chain 19",10,45.44
"peripheral_blasts_num","Chain 19",11,37.9657142857143
"peripheral_blasts_num","Chain 19",12,39.1828571428571
"peripheral_blasts_num","Chain 19",13,37.9342857142857
"peripheral_blasts_num","Chain 19",14,38.6028571428571
"peripheral_blasts_num","Chain 19",15,41.2514285714286
"peripheral_blasts_num","Chain 19",16,38.6514285714286
"peripheral_blasts_num","Chain 19",17,29.8428571428571
"peripheral_blasts_num","Chain 19",18,37.0571428571429
"peripheral_blasts_num","Chain 19",19,31.76
"peripheral_blasts_num","Chain 19",20,29.66
"peripheral_blasts_num","Chain 20",1,37.6
"peripheral_blasts_num","Chain 20",2,37.3771428571429
"peripheral_blasts_num","Chain 20",3,41.5457142857143
"peripheral_blasts_num","Chain 20",4,38.5428571428571
"peripheral_blasts_num","Chain 20",5,33.4285714285714
"peripheral_blasts_num","Chain 20",6,37.3828571428571
"peripheral_blasts_num","Chain 20",7,32.4428571428571
"peripheral_blasts_num","Chain 20",8,31.6028571428571
"peripheral_blasts_num","Chain 20",9,38.2857142857143
"peripheral_blasts_num","Chain 20",10,35.7914285714286
"peripheral_blasts_num","Chain 20",11,33.9942857142857
"peripheral_blasts_num","Chain 20",12,34.1171428571429
"peripheral_blasts_num","Chain 20",13,36.3142857142857
"peripheral_blasts_num","Chain 20",14,35.2714285714286
"peripheral_blasts_num","Chain 20",15,41.3714285714286
"peripheral_blasts_num","Chain 20",16,30.6028571428571
"peripheral_blasts_num","Chain 20",17,29.3314285714286
"peripheral_blasts_num","Chain 20",18,36.42
"peripheral_blasts_num","Chain 20",19,40.3228571428571
"peripheral_blasts_num","Chain 20",20,36.5342857142857
"peripheral_blasts_num","Chain 21",1,43.2114285714286
"peripheral_blasts_num","Chain 21",2,34.8942857142857
"peripheral_blasts_num","Chain 21",3,39.14
"peripheral_blasts_num","Chain 21",4,35.7142857142857
"peripheral_blasts_num","Chain 21",5,33.4171428571429
"peripheral_blasts_num","Chain 21",6,33.6057142857143
"peripheral_blasts_num","Chain 21",7,34.8742857142857
"peripheral_blasts_num","Chain 21",8,38.7771428571429
"peripheral_blasts_num","Chain 21",9,41.7857142857143
"peripheral_blasts_num","Chain 21",10,36.4857142857143
"peripheral_blasts_num","Chain 21",11,38.5657142857143
"peripheral_blasts_num","Chain 21",12,38.9
"peripheral_blasts_num","Chain 21",13,37.2314285714286
"peripheral_blasts_num","Chain 21",14,35.0742857142857
"peripheral_blasts_num","Chain 21",15,39.5514285714286
"peripheral_blasts_num","Chain 21",16,40.4142857142857
"peripheral_blasts_num","Chain 21",17,39.52
"peripheral_blasts_num","Chain 21",18,39.8885714285714
"peripheral_blasts_num","Chain 21",19,50.7028571428571
"peripheral_blasts_num","Chain 21",20,41.8028571428571
"peripheral_blasts_num","Chain 22",1,29.0114285714286
"peripheral_blasts_num","Chain 22",2,35.68
"peripheral_blasts_num","Chain 22",3,31.1828571428571
"peripheral_blasts_num","Chain 22",4,30.3685714285714
"peripheral_blasts_num","Chain 22",5,31.14
"peripheral_blasts_num","Chain 22",6,37.4714285714286
"peripheral_blasts_num","Chain 22",7,28.8
"peripheral_blasts_num","Chain 22",8,34.9914285714286
"peripheral_blasts_num","Chain 22",9,26.6
"peripheral_blasts_num","Chain 22",10,32.2
"peripheral_blasts_num","Chain 22",11,29.6628571428571
"peripheral_blasts_num","Chain 22",12,33.3114285714286
"peripheral_blasts_num","Chain 22",13,40.3257142857143
"peripheral_blasts_num","Chain 22",14,38.12
"peripheral_blasts_num","Chain 22",15,39.1428571428571
"peripheral_blasts_num","Chain 22",16,36.9628571428571
"peripheral_blasts_num","Chain 22",17,37.8
"peripheral_blasts_num","Chain 22",18,35.72
"peripheral_blasts_num","Chain 22",19,39.9828571428571
"peripheral_blasts_num","Chain 22",20,42.2
"peripheral_blasts_num","Chain 23",1,43.28
"peripheral_blasts_num","Chain 23",2,38.1
"peripheral_blasts_num","Chain 23",3,34.3342857142857
"peripheral_blasts_num","Chain 23",4,30.4285714285714
"peripheral_blasts_num","Chain 23",5,36.9514285714286
"peripheral_blasts_num","Chain 23",6,32.6285714285714
"peripheral_blasts_num","Chain 23",7,38.6857142857143
"peripheral_blasts_num","Chain 23",8,36.52
"peripheral_blasts_num","Chain 23",9,42.1257142857143
"peripheral_blasts_num","Chain 23",10,33.1914285714286
"peripheral_blasts_num","Chain 23",11,32.3514285714286
"peripheral_blasts_num","Chain 23",12,32.6457142857143
"peripheral_blasts_num","Chain 23",13,21.9371428571429
"peripheral_blasts_num","Chain 23",14,28.56
"peripheral_blasts_num","Chain 23",15,29.3457142857143
"peripheral_blasts_num","Chain 23",16,30.7971428571429
"peripheral_blasts_num","Chain 23",17,38.3314285714286
"peripheral_blasts_num","Chain 23",18,32.3171428571429
"peripheral_blasts_num","Chain 23",19,33.4971428571429
"peripheral_blasts_num","Chain 23",20,34.4285714285714
"peripheral_blasts_num","Chain 24",1,37.4285714285714
"peripheral_blasts_num","Chain 24",2,36.2885714285714
"peripheral_blasts_num","Chain 24",3,34.9685714285714
"peripheral_blasts_num","Chain 24",4,39.5971428571429
"peripheral_blasts_num","Chain 24",5,36.4142857142857
"peripheral_blasts_num","Chain 24",6,36.0857142857143
"peripheral_blasts_num","Chain 24",7,28.9114285714286
"peripheral_blasts_num","Chain 24",8,40.54
"peripheral_blasts_num","Chain 24",9,39.8028571428571
"peripheral_blasts_num","Chain 24",10,44.0542857142857
"peripheral_blasts_num","Chain 24",11,45.38
"peripheral_blasts_num","Chain 24",12,34.7571428571429
"peripheral_blasts_num","Chain 24",13,41.3828571428571
"peripheral_blasts_num","Chain 24",14,38.3428571428571
"peripheral_blasts_num","Chain 24",15,40.7371428571429
"peripheral_blasts_num","Chain 24",16,37.9828571428571
"peripheral_blasts_num","Chain 24",17,35.9657142857143
"peripheral_blasts_num","Chain 24",18,37.3085714285714
"peripheral_blasts_num","Chain 24",19,38.0828571428571
"peripheral_blasts_num","Chain 24",20,34.1342857142857
"peripheral_blasts_num","Chain 25",1,33.1657142857143
"peripheral_blasts_num","Chain 25",2,26.8
"peripheral_blasts_num","Chain 25",3,36.6057142857143
"peripheral_blasts_num","Chain 25",4,34.1171428571429
"peripheral_blasts_num","Chain 25",5,20.4514285714286
"peripheral_blasts_num","Chain 25",6,30.0857142857143
"peripheral_blasts_num","Chain 25",7,34.5742857142857
"peripheral_blasts_num","Chain 25",8,33.08
"peripheral_blasts_num","Chain 25",9,37.6657142857143
"peripheral_blasts_num","Chain 25",10,41.9685714285714
"peripheral_blasts_num","Chain 25",11,42.2142857142857
"peripheral_blasts_num","Chain 25",12,37.8971428571429
"peripheral_blasts_num","Chain 25",13,34.8714285714286
"peripheral_blasts_num","Chain 25",14,31.1342857142857
"peripheral_blasts_num","Chain 25",15,35.8714285714286
"peripheral_blasts_num","Chain 25",16,34.6914285714286
"peripheral_blasts_num","Chain 25",17,28.2342857142857
"peripheral_blasts_num","Chain 25",18,31.2228571428571
"peripheral_blasts_num","Chain 25",19,35.2257142857143
"peripheral_blasts_num","Chain 25",20,39.12
"peripheral_blasts_num","Chain 26",1,29.1971428571429
"peripheral_blasts_num","Chain 26",2,24.7885714285714
"peripheral_blasts_num","Chain 26",3,29.4514285714286
"peripheral_blasts_num","Chain 26",4,36.2857142857143
"peripheral_blasts_num","Chain 26",5,30.5485714285714
"peripheral_blasts_num","Chain 26",6,33.2
"peripheral_blasts_num","Chain 26",7,35.2171428571429
"peripheral_blasts_num","Chain 26",8,29.94
"peripheral_blasts_num","Chain 26",9,34.5971428571429
"peripheral_blasts_num","Chain 26",10,35.1514285714286
"peripheral_blasts_num","Chain 26",11,34.2142857142857
"peripheral_blasts_num","Chain 26",12,35.1171428571429
"peripheral_blasts_num","Chain 26",13,35.8685714285714
"peripheral_blasts_num","Chain 26",14,41.3885714285714
"peripheral_blasts_num","Chain 26",15,34.4285714285714
"peripheral_blasts_num","Chain 26",16,38.9028571428571
"peripheral_blasts_num","Chain 26",17,39.08
"peripheral_blasts_num","Chain 26",18,40.4085714285714
"peripheral_blasts_num","Chain 26",19,31.4257142857143
"peripheral_blasts_num","Chain 26",20,33.2857142857143
"peripheral_blasts_num","Chain 27",1,34.5542857142857
"peripheral_blasts_num","Chain 27",2,35.9342857142857
"peripheral_blasts_num","Chain 27",3,36.2428571428571
"peripheral_blasts_num","Chain 27",4,38.0542857142857
"peripheral_blasts_num","Chain 27",5,35.6285714285714
"peripheral_blasts_num","Chain 27",6,29.3771428571429
"peripheral_blasts_num","Chain 27",7,30.9228571428571
"peripheral_blasts_num","Chain 27",8,35.0171428571429
"peripheral_blasts_num","Chain 27",9,36.4285714285714
"peripheral_blasts_num","Chain 27",10,28.0857142857143
"peripheral_blasts_num","Chain 27",11,30.3342857142857
"peripheral_blasts_num","Chain 27",12,38.88
"peripheral_blasts_num","Chain 27",13,33.2314285714286
"peripheral_blasts_num","Chain 27",14,34.5714285714286
"peripheral_blasts_num","Chain 27",15,38.5057142857143
"peripheral_blasts_num","Chain 27",16,32.34
"peripheral_blasts_num","Chain 27",17,34.0885714285714
"peripheral_blasts_num","Chain 27",18,35.8828571428571
"peripheral_blasts_num","Chain 27",19,29.7142857142857
"peripheral_blasts_num","Chain 27",20,32.7142857142857
"peripheral_blasts_num","Chain 28",1,36.02
"peripheral_blasts_num","Chain 28",2,36.5542857142857
"peripheral_blasts_num","Chain 28",3,39.7371428571429
"peripheral_blasts_num","Chain 28",4,36.24
"peripheral_blasts_num","Chain 28",5,45.4142857142857
"peripheral_blasts_num","Chain 28",6,36.1885714285714
"peripheral_blasts_num","Chain 28",7,40.2828571428571
"peripheral_blasts_num","Chain 28",8,40.88
"peripheral_blasts_num","Chain 28",9,36.4885714285714
"peripheral_blasts_num","Chain 28",10,35.7171428571429
"peripheral_blasts_num","Chain 28",11,42.9114285714286
"peripheral_blasts_num","Chain 28",12,38.4
"peripheral_blasts_num","Chain 28",13,37.1657142857143
"peripheral_blasts_num","Chain 28",14,39.2542857142857
"peripheral_blasts_num","Chain 28",15,34.7571428571429
"peripheral_blasts_num","Chain 28",16,37.6457142857143
"peripheral_blasts_num","Chain 28",17,33.7028571428571
"peripheral_blasts_num","Chain 28",18,33.4485714285714
"peripheral_blasts_num","Chain 28",19,40.58
"peripheral_blasts_num","Chain 28",20,39.0228571428571
"peripheral_blasts_num","Chain 29",1,40.8571428571429
"peripheral_blasts_num","Chain 29",2,36.7857142857143
"peripheral_blasts_num","Chain 29",3,30.6
"peripheral_blasts_num","Chain 29",4,32.1771428571429
"peripheral_blasts_num","Chain 29",5,26.8714285714286
"peripheral_blasts_num","Chain 29",6,28.3657142857143
"peripheral_blasts_num","Chain 29",7,35.1371428571429
"peripheral_blasts_num","Chain 29",8,43.8971428571429
"peripheral_blasts_num","Chain 29",9,36.2914285714286
"peripheral_blasts_num","Chain 29",10,32.8542857142857
"peripheral_blasts_num","Chain 29",11,35.5028571428571
"peripheral_blasts_num","Chain 29",12,33.3714285714286
"peripheral_blasts_num","Chain 29",13,36.94
"peripheral_blasts_num","Chain 29",14,34.86
"peripheral_blasts_num","Chain 29",15,27.8942857142857
"peripheral_blasts_num","Chain 29",16,33.26
"peripheral_blasts_num","Chain 29",17,30.5171428571429
"peripheral_blasts_num","Chain 29",18,35.1228571428571
"peripheral_blasts_num","Chain 29",19,31.4514285714286
"peripheral_blasts_num","Chain 29",20,31.5057142857143
"peripheral_blasts_num","Chain 30",1,32.0742857142857
"peripheral_blasts_num","Chain 30",2,30.4342857142857
"peripheral_blasts_num","Chain 30",3,31.7714285714286
"peripheral_blasts_num","Chain 30",4,33.1628571428571
"peripheral_blasts_num","Chain 30",5,35.8714285714286
"peripheral_blasts_num","Chain 30",6,45
"peripheral_blasts_num","Chain 30",7,37.5485714285714
"peripheral_blasts_num","Chain 30",8,33.8685714285714
"peripheral_blasts_num","Chain 30",9,38.4571428571429
"peripheral_blasts_num","Chain 30",10,36.5485714285714
"peripheral_blasts_num","Chain 30",11,41.3142857142857
"peripheral_blasts_num","Chain 30",12,33.4428571428571
"peripheral_blasts_num","Chain 30",13,39.2171428571429
"peripheral_blasts_num","Chain 30",14,34.76
"peripheral_blasts_num","Chain 30",15,39.2428571428571
"peripheral_blasts_num","Chain 30",16,33.5342857142857
"peripheral_blasts_num","Chain 30",17,39.8971428571429
"peripheral_blasts_num","Chain 30",18,30.8
"peripheral_blasts_num","Chain 30",19,33.08
"peripheral_blasts_num","Chain 30",20,39.1542857142857
"cns_disease_std","Chain 1",1,1.51578947368421
"cns_disease_std","Chain 1",2,1.56842105263158
"cns_disease_std","Chain 1",3,1.46315789473684
"cns_disease_std","Chain 1",4,1.49473684210526
"cns_disease_std","Chain 1",5,1.48421052631579
"cns_disease_std","Chain 1",6,1.50526315789474
"cns_disease_std","Chain 1",7,1.47368421052632
"cns_disease_std","Chain 1",8,1.51578947368421
"cns_disease_std","Chain 1",9,1.50526315789474
"cns_disease_std","Chain 1",10,1.41052631578947
"cns_disease_std","Chain 1",11,1.46315789473684
"cns_disease_std","Chain 1",12,1.53684210526316
"cns_disease_std","Chain 1",13,1.54736842105263
"cns_disease_std","Chain 1",14,1.48421052631579
"cns_disease_std","Chain 1",15,1.54736842105263
"cns_disease_std","Chain 1",16,1.48421052631579
"cns_disease_std","Chain 1",17,1.48421052631579
"cns_disease_std","Chain 1",18,1.47368421052632
"cns_disease_std","Chain 1",19,1.46315789473684
"cns_disease_std","Chain 1",20,1.51578947368421
"cns_disease_std","Chain 2",1,1.47368421052632
"cns_disease_std","Chain 2",2,1.49473684210526
"cns_disease_std","Chain 2",3,1.47368421052632
"cns_disease_std","Chain 2",4,1.49473684210526
"cns_disease_std","Chain 2",5,1.44210526315789
"cns_disease_std","Chain 2",6,1.49473684210526
"cns_disease_std","Chain 2",7,1.46315789473684
"cns_disease_std","Chain 2",8,1.45263157894737
"cns_disease_std","Chain 2",9,1.48421052631579
"cns_disease_std","Chain 2",10,1.46315789473684
"cns_disease_std","Chain 2",11,1.46315789473684
"cns_disease_std","Chain 2",12,1.46315789473684
"cns_disease_std","Chain 2",13,1.47368421052632
"cns_disease_std","Chain 2",14,1.42105263157895
"cns_disease_std","Chain 2",15,1.49473684210526
"cns_disease_std","Chain 2",16,1.45263157894737
"cns_disease_std","Chain 2",17,1.47368421052632
"cns_disease_std","Chain 2",18,1.56842105263158
"cns_disease_std","Chain 2",19,1.48421052631579
"cns_disease_std","Chain 2",20,1.49473684210526
"cns_disease_std","Chain 3",1,1.43157894736842
"cns_disease_std","Chain 3",2,1.47368421052632
"cns_disease_std","Chain 3",3,1.48421052631579
"cns_disease_std","Chain 3",4,1.41052631578947
"cns_disease_std","Chain 3",5,1.48421052631579
"cns_disease_std","Chain 3",6,1.44210526315789
"cns_disease_std","Chain 3",7,1.48421052631579
"cns_disease_std","Chain 3",8,1.46315789473684
"cns_disease_std","Chain 3",9,1.41052631578947
"cns_disease_std","Chain 3",10,1.49473684210526
"cns_disease_std","Chain 3",11,1.53684210526316
"cns_disease_std","Chain 3",12,1.50526315789474
"cns_disease_std","Chain 3",13,1.47368421052632
"cns_disease_std","Chain 3",14,1.50526315789474
"cns_disease_std","Chain 3",15,1.51578947368421
"cns_disease_std","Chain 3",16,1.52631578947368
"cns_disease_std","Chain 3",17,1.48421052631579
"cns_disease_std","Chain 3",18,1.54736842105263
"cns_disease_std","Chain 3",19,1.50526315789474
"cns_disease_std","Chain 3",20,1.46315789473684
"cns_disease_std","Chain 4",1,1.47368421052632
"cns_disease_std","Chain 4",2,1.46315789473684
"cns_disease_std","Chain 4",3,1.47368421052632
"cns_disease_std","Chain 4",4,1.44210526315789
"cns_disease_std","Chain 4",5,1.45263157894737
"cns_disease_std","Chain 4",6,1.44210526315789
"cns_disease_std","Chain 4",7,1.48421052631579
"cns_disease_std","Chain 4",8,1.48421052631579
"cns_disease_std","Chain 4",9,1.46315789473684
"cns_disease_std","Chain 4",10,1.47368421052632
"cns_disease_std","Chain 4",11,1.45263157894737
"cns_disease_std","Chain 4",12,1.48421052631579
"cns_disease_std","Chain 4",13,1.56842105263158
"cns_disease_std","Chain 4",14,1.45263157894737
"cns_disease_std","Chain 4",15,1.53684210526316
"cns_disease_std","Chain 4",16,1.50526315789474
"cns_disease_std","Chain 4",17,1.47368421052632
"cns_disease_std","Chain 4",18,1.49473684210526
"cns_disease_std","Chain 4",19,1.43157894736842
"cns_disease_std","Chain 4",20,1.45263157894737
"cns_disease_std","Chain 5",1,1.45263157894737
"cns_disease_std","Chain 5",2,1.47368421052632
"cns_disease_std","Chain 5",3,1.45263157894737
"cns_disease_std","Chain 5",4,1.55789473684211
"cns_disease_std","Chain 5",5,1.48421052631579
"cns_disease_std","Chain 5",6,1.45263157894737
"cns_disease_std","Chain 5",7,1.46315789473684
"cns_disease_std","Chain 5",8,1.49473684210526
"cns_disease_std","Chain 5",9,1.45263157894737
"cns_disease_std","Chain 5",10,1.44210526315789
"cns_disease_std","Chain 5",11,1.44210526315789
"cns_disease_std","Chain 5",12,1.52631578947368
"cns_disease_std","Chain 5",13,1.48421052631579
"cns_disease_std","Chain 5",14,1.47368421052632
"cns_disease_std","Chain 5",15,1.46315789473684
"cns_disease_std","Chain 5",16,1.50526315789474
"cns_disease_std","Chain 5",17,1.48421052631579
"cns_disease_std","Chain 5",18,1.45263157894737
"cns_disease_std","Chain 5",19,1.45263157894737
"cns_disease_std","Chain 5",20,1.44210526315789
"cns_disease_std","Chain 6",1,1.50526315789474
"cns_disease_std","Chain 6",2,1.49473684210526
"cns_disease_std","Chain 6",3,1.47368421052632
"cns_disease_std","Chain 6",4,1.47368421052632
"cns_disease_std","Chain 6",5,1.42105263157895
"cns_disease_std","Chain 6",6,1.4
"cns_disease_std","Chain 6",7,1.48421052631579
"cns_disease_std","Chain 6",8,1.47368421052632
"cns_disease_std","Chain 6",9,1.46315789473684
"cns_disease_std","Chain 6",10,1.51578947368421
"cns_disease_std","Chain 6",11,1.45263157894737
"cns_disease_std","Chain 6",12,1.50526315789474
"cns_disease_std","Chain 6",13,1.49473684210526
"cns_disease_std","Chain 6",14,1.47368421052632
"cns_disease_std","Chain 6",15,1.47368421052632
"cns_disease_std","Chain 6",16,1.48421052631579
"cns_disease_std","Chain 6",17,1.44210526315789
"cns_disease_std","Chain 6",18,1.51578947368421
"cns_disease_std","Chain 6",19,1.48421052631579
"cns_disease_std","Chain 6",20,1.56842105263158
"cns_disease_std","Chain 7",1,1.49473684210526
"cns_disease_std","Chain 7",2,1.46315789473684
"cns_disease_std","Chain 7",3,1.46315789473684
"cns_disease_std","Chain 7",4,1.48421052631579
"cns_disease_std","Chain 7",5,1.48421052631579
"cns_disease_std","Chain 7",6,1.50526315789474
"cns_disease_std","Chain 7",7,1.48421052631579
"cns_disease_std","Chain 7",8,1.48421052631579
"cns_disease_std","Chain 7",9,1.48421052631579
"cns_disease_std","Chain 7",10,1.49473684210526
"cns_disease_std","Chain 7",11,1.50526315789474
"cns_disease_std","Chain 7",12,1.47368421052632
"cns_disease_std","Chain 7",13,1.49473684210526
"cns_disease_std","Chain 7",14,1.47368421052632
"cns_disease_std","Chain 7",15,1.49473684210526
"cns_disease_std","Chain 7",16,1.47368421052632
"cns_disease_std","Chain 7",17,1.45263157894737
"cns_disease_std","Chain 7",18,1.51578947368421
"cns_disease_std","Chain 7",19,1.52631578947368
"cns_disease_std","Chain 7",20,1.50526315789474
"cns_disease_std","Chain 8",1,1.53684210526316
"cns_disease_std","Chain 8",2,1.51578947368421
"cns_disease_std","Chain 8",3,1.45263157894737
"cns_disease_std","Chain 8",4,1.50526315789474
"cns_disease_std","Chain 8",5,1.46315789473684
"cns_disease_std","Chain 8",6,1.48421052631579
"cns_disease_std","Chain 8",7,1.52631578947368
"cns_disease_std","Chain 8",8,1.48421052631579
"cns_disease_std","Chain 8",9,1.51578947368421
"cns_disease_std","Chain 8",10,1.52631578947368
"cns_disease_std","Chain 8",11,1.50526315789474
"cns_disease_std","Chain 8",12,1.55789473684211
"cns_disease_std","Chain 8",13,1.50526315789474
"cns_disease_std","Chain 8",14,1.47368421052632
"cns_disease_std","Chain 8",15,1.48421052631579
"cns_disease_std","Chain 8",16,1.49473684210526
"cns_disease_std","Chain 8",17,1.50526315789474
"cns_disease_std","Chain 8",18,1.54736842105263
"cns_disease_std","Chain 8",19,1.50526315789474
"cns_disease_std","Chain 8",20,1.43157894736842
"cns_disease_std","Chain 9",1,1.45263157894737
"cns_disease_std","Chain 9",2,1.45263157894737
"cns_disease_std","Chain 9",3,1.49473684210526
"cns_disease_std","Chain 9",4,1.51578947368421
"cns_disease_std","Chain 9",5,1.47368421052632
"cns_disease_std","Chain 9",6,1.47368421052632
"cns_disease_std","Chain 9",7,1.48421052631579
"cns_disease_std","Chain 9",8,1.46315789473684
"cns_disease_std","Chain 9",9,1.48421052631579
"cns_disease_std","Chain 9",10,1.43157894736842
"cns_disease_std","Chain 9",11,1.41052631578947
"cns_disease_std","Chain 9",12,1.49473684210526
"cns_disease_std","Chain 9",13,1.45263157894737
"cns_disease_std","Chain 9",14,1.47368421052632
"cns_disease_std","Chain 9",15,1.48421052631579
"cns_disease_std","Chain 9",16,1.44210526315789
"cns_disease_std","Chain 9",17,1.48421052631579
"cns_disease_std","Chain 9",18,1.44210526315789
"cns_disease_std","Chain 9",19,1.50526315789474
"cns_disease_std","Chain 9",20,1.47368421052632
"cns_disease_std","Chain 10",1,1.53684210526316
"cns_disease_std","Chain 10",2,1.43157894736842
"cns_disease_std","Chain 10",3,1.47368421052632
"cns_disease_std","Chain 10",4,1.46315789473684
"cns_disease_std","Chain 10",5,1.45263157894737
"cns_disease_std","Chain 10",6,1.50526315789474
"cns_disease_std","Chain 10",7,1.50526315789474
"cns_disease_std","Chain 10",8,1.50526315789474
"cns_disease_std","Chain 10",9,1.50526315789474
"cns_disease_std","Chain 10",10,1.42105263157895
"cns_disease_std","Chain 10",11,1.49473684210526
"cns_disease_std","Chain 10",12,1.50526315789474
"cns_disease_std","Chain 10",13,1.44210526315789
"cns_disease_std","Chain 10",14,1.45263157894737
"cns_disease_std","Chain 10",15,1.43157894736842
"cns_disease_std","Chain 10",16,1.49473684210526
"cns_disease_std","Chain 10",17,1.48421052631579
"cns_disease_std","Chain 10",18,1.48421052631579
"cns_disease_std","Chain 10",19,1.50526315789474
"cns_disease_std","Chain 10",20,1.44210526315789
"cns_disease_std","Chain 11",1,1.48421052631579
"cns_disease_std","Chain 11",2,1.44210526315789
"cns_disease_std","Chain 11",3,1.46315789473684
"cns_disease_std","Chain 11",4,1.51578947368421
"cns_disease_std","Chain 11",5,1.50526315789474
"cns_disease_std","Chain 11",6,1.48421052631579
"cns_disease_std","Chain 11",7,1.45263157894737
"cns_disease_std","Chain 11",8,1.44210526315789
"cns_disease_std","Chain 11",9,1.49473684210526
"cns_disease_std","Chain 11",10,1.45263157894737
"cns_disease_std","Chain 11",11,1.50526315789474
"cns_disease_std","Chain 11",12,1.54736842105263
"cns_disease_std","Chain 11",13,1.49473684210526
"cns_disease_std","Chain 11",14,1.52631578947368
"cns_disease_std","Chain 11",15,1.48421052631579
"cns_disease_std","Chain 11",16,1.50526315789474
"cns_disease_std","Chain 11",17,1.49473684210526
"cns_disease_std","Chain 11",18,1.45263157894737
"cns_disease_std","Chain 11",19,1.50526315789474
"cns_disease_std","Chain 11",20,1.47368421052632
"cns_disease_std","Chain 12",1,1.52631578947368
"cns_disease_std","Chain 12",2,1.50526315789474
"cns_disease_std","Chain 12",3,1.46315789473684
"cns_disease_std","Chain 12",4,1.48421052631579
"cns_disease_std","Chain 12",5,1.48421052631579
"cns_disease_std","Chain 12",6,1.49473684210526
"cns_disease_std","Chain 12",7,1.46315789473684
"cns_disease_std","Chain 12",8,1.45263157894737
"cns_disease_std","Chain 12",9,1.55789473684211
"cns_disease_std","Chain 12",10,1.46315789473684
"cns_disease_std","Chain 12",11,1.43157894736842
"cns_disease_std","Chain 12",12,1.49473684210526
"cns_disease_std","Chain 12",13,1.50526315789474
"cns_disease_std","Chain 12",14,1.51578947368421
"cns_disease_std","Chain 12",15,1.47368421052632
"cns_disease_std","Chain 12",16,1.51578947368421
"cns_disease_std","Chain 12",17,1.51578947368421
"cns_disease_std","Chain 12",18,1.54736842105263
"cns_disease_std","Chain 12",19,1.47368421052632
"cns_disease_std","Chain 12",20,1.47368421052632
"cns_disease_std","Chain 13",1,1.55789473684211
"cns_disease_std","Chain 13",2,1.49473684210526
"cns_disease_std","Chain 13",3,1.48421052631579
"cns_disease_std","Chain 13",4,1.47368421052632
"cns_disease_std","Chain 13",5,1.49473684210526
"cns_disease_std","Chain 13",6,1.47368421052632
"cns_disease_std","Chain 13",7,1.48421052631579
"cns_disease_std","Chain 13",8,1.50526315789474
"cns_disease_std","Chain 13",9,1.51578947368421
"cns_disease_std","Chain 13",10,1.49473684210526
"cns_disease_std","Chain 13",11,1.47368421052632
"cns_disease_std","Chain 13",12,1.47368421052632
"cns_disease_std","Chain 13",13,1.47368421052632
"cns_disease_std","Chain 13",14,1.45263157894737
"cns_disease_std","Chain 13",15,1.47368421052632
"cns_disease_std","Chain 13",16,1.48421052631579
"cns_disease_std","Chain 13",17,1.49473684210526
"cns_disease_std","Chain 13",18,1.53684210526316
"cns_disease_std","Chain 13",19,1.48421052631579
"cns_disease_std","Chain 13",20,1.51578947368421
"cns_disease_std","Chain 14",1,1.46315789473684
"cns_disease_std","Chain 14",2,1.55789473684211
"cns_disease_std","Chain 14",3,1.51578947368421
"cns_disease_std","Chain 14",4,1.44210526315789
"cns_disease_std","Chain 14",5,1.52631578947368
"cns_disease_std","Chain 14",6,1.46315789473684
"cns_disease_std","Chain 14",7,1.42105263157895
"cns_disease_std","Chain 14",8,1.50526315789474
"cns_disease_std","Chain 14",9,1.47368421052632
"cns_disease_std","Chain 14",10,1.46315789473684
"cns_disease_std","Chain 14",11,1.46315789473684
"cns_disease_std","Chain 14",12,1.49473684210526
"cns_disease_std","Chain 14",13,1.47368421052632
"cns_disease_std","Chain 14",14,1.45263157894737
"cns_disease_std","Chain 14",15,1.43157894736842
"cns_disease_std","Chain 14",16,1.51578947368421
"cns_disease_std","Chain 14",17,1.47368421052632
"cns_disease_std","Chain 14",18,1.46315789473684
"cns_disease_std","Chain 14",19,1.4
"cns_disease_std","Chain 14",20,1.56842105263158
"cns_disease_std","Chain 15",1,1.47368421052632
"cns_disease_std","Chain 15",2,1.42105263157895
"cns_disease_std","Chain 15",3,1.48421052631579
"cns_disease_std","Chain 15",4,1.46315789473684
"cns_disease_std","Chain 15",5,1.47368421052632
"cns_disease_std","Chain 15",6,1.45263157894737
"cns_disease_std","Chain 15",7,1.52631578947368
"cns_disease_std","Chain 15",8,1.49473684210526
"cns_disease_std","Chain 15",9,1.47368421052632
"cns_disease_std","Chain 15",10,1.53684210526316
"cns_disease_std","Chain 15",11,1.6
"cns_disease_std","Chain 15",12,1.46315789473684
"cns_disease_std","Chain 15",13,1.48421052631579
"cns_disease_std","Chain 15",14,1.49473684210526
"cns_disease_std","Chain 15",15,1.44210526315789
"cns_disease_std","Chain 15",16,1.56842105263158
"cns_disease_std","Chain 15",17,1.54736842105263
"cns_disease_std","Chain 15",18,1.46315789473684
"cns_disease_std","Chain 15",19,1.49473684210526
"cns_disease_std","Chain 15",20,1.51578947368421
"cns_disease_std","Chain 16",1,1.47368421052632
"cns_disease_std","Chain 16",2,1.57894736842105
"cns_disease_std","Chain 16",3,1.48421052631579
"cns_disease_std","Chain 16",4,1.55789473684211
"cns_disease_std","Chain 16",5,1.46315789473684
"cns_disease_std","Chain 16",6,1.45263157894737
"cns_disease_std","Chain 16",7,1.55789473684211
"cns_disease_std","Chain 16",8,1.47368421052632
"cns_disease_std","Chain 16",9,1.46315789473684
"cns_disease_std","Chain 16",10,1.55789473684211
"cns_disease_std","Chain 16",11,1.45263157894737
"cns_disease_std","Chain 16",12,1.43157894736842
"cns_disease_std","Chain 16",13,1.46315789473684
"cns_disease_std","Chain 16",14,1.43157894736842
"cns_disease_std","Chain 16",15,1.48421052631579
"cns_disease_std","Chain 16",16,1.48421052631579
"cns_disease_std","Chain 16",17,1.45263157894737
"cns_disease_std","Chain 16",18,1.45263157894737
"cns_disease_std","Chain 16",19,1.42105263157895
"cns_disease_std","Chain 16",20,1.48421052631579
"cns_disease_std","Chain 17",1,1.48421052631579
"cns_disease_std","Chain 17",2,1.42105263157895
"cns_disease_std","Chain 17",3,1.47368421052632
"cns_disease_std","Chain 17",4,1.44210526315789
"cns_disease_std","Chain 17",5,1.44210526315789
"cns_disease_std","Chain 17",6,1.54736842105263
"cns_disease_std","Chain 17",7,1.48421052631579
"cns_disease_std","Chain 17",8,1.43157894736842
"cns_disease_std","Chain 17",9,1.46315789473684
"cns_disease_std","Chain 17",10,1.48421052631579
"cns_disease_std","Chain 17",11,1.46315789473684
"cns_disease_std","Chain 17",12,1.48421052631579
"cns_disease_std","Chain 17",13,1.46315789473684
"cns_disease_std","Chain 17",14,1.50526315789474
"cns_disease_std","Chain 17",15,1.48421052631579
"cns_disease_std","Chain 17",16,1.45263157894737
"cns_disease_std","Chain 17",17,1.51578947368421
"cns_disease_std","Chain 17",18,1.46315789473684
"cns_disease_std","Chain 17",19,1.48421052631579
"cns_disease_std","Chain 17",20,1.54736842105263
"cns_disease_std","Chain 18",1,1.48421052631579
"cns_disease_std","Chain 18",2,1.44210526315789
"cns_disease_std","Chain 18",3,1.47368421052632
"cns_disease_std","Chain 18",4,1.52631578947368
"cns_disease_std","Chain 18",5,1.50526315789474
"cns_disease_std","Chain 18",6,1.45263157894737
"cns_disease_std","Chain 18",7,1.45263157894737
"cns_disease_std","Chain 18",8,1.46315789473684
"cns_disease_std","Chain 18",9,1.48421052631579
"cns_disease_std","Chain 18",10,1.51578947368421
"cns_disease_std","Chain 18",11,1.48421052631579
"cns_disease_std","Chain 18",12,1.41052631578947
"cns_disease_std","Chain 18",13,1.53684210526316
"cns_disease_std","Chain 18",14,1.47368421052632
"cns_disease_std","Chain 18",15,1.52631578947368
"cns_disease_std","Chain 18",16,1.48421052631579
"cns_disease_std","Chain 18",17,1.52631578947368
"cns_disease_std","Chain 18",18,1.46315789473684
"cns_disease_std","Chain 18",19,1.51578947368421
"cns_disease_std","Chain 18",20,1.50526315789474
"cns_disease_std","Chain 19",1,1.44210526315789
"cns_disease_std","Chain 19",2,1.51578947368421
"cns_disease_std","Chain 19",3,1.43157894736842
"cns_disease_std","Chain 19",4,1.50526315789474
"cns_disease_std","Chain 19",5,1.45263157894737
"cns_disease_std","Chain 19",6,1.56842105263158
"cns_disease_std","Chain 19",7,1.52631578947368
"cns_disease_std","Chain 19",8,1.43157894736842
"cns_disease_std","Chain 19",9,1.47368421052632
"cns_disease_std","Chain 19",10,1.51578947368421
"cns_disease_std","Chain 19",11,1.47368421052632
"cns_disease_std","Chain 19",12,1.49473684210526
"cns_disease_std","Chain 19",13,1.52631578947368
"cns_disease_std","Chain 19",14,1.53684210526316
"cns_disease_std","Chain 19",15,1.45263157894737
"cns_disease_std","Chain 19",16,1.45263157894737
"cns_disease_std","Chain 19",17,1.46315789473684
"cns_disease_std","Chain 19",18,1.50526315789474
"cns_disease_std","Chain 19",19,1.49473684210526
"cns_disease_std","Chain 19",20,1.45263157894737
"cns_disease_std","Chain 20",1,1.50526315789474
"cns_disease_std","Chain 20",2,1.46315789473684
"cns_disease_std","Chain 20",3,1.47368421052632
"cns_disease_std","Chain 20",4,1.46315789473684
"cns_disease_std","Chain 20",5,1.42105263157895
"cns_disease_std","Chain 20",6,1.48421052631579
"cns_disease_std","Chain 20",7,1.47368421052632
"cns_disease_std","Chain 20",8,1.47368421052632
"cns_disease_std","Chain 20",9,1.41052631578947
"cns_disease_std","Chain 20",10,1.46315789473684
"cns_disease_std","Chain 20",11,1.48421052631579
"cns_disease_std","Chain 20",12,1.50526315789474
"cns_disease_std","Chain 20",13,1.51578947368421
"cns_disease_std","Chain 20",14,1.51578947368421
"cns_disease_std","Chain 20",15,1.41052631578947
"cns_disease_std","Chain 20",16,1.50526315789474
"cns_disease_std","Chain 20",17,1.52631578947368
"cns_disease_std","Chain 20",18,1.49473684210526
"cns_disease_std","Chain 20",19,1.49473684210526
"cns_disease_std","Chain 20",20,1.49473684210526
"cns_disease_std","Chain 21",1,1.48421052631579
"cns_disease_std","Chain 21",2,1.44210526315789
"cns_disease_std","Chain 21",3,1.52631578947368
"cns_disease_std","Chain 21",4,1.44210526315789
"cns_disease_std","Chain 21",5,1.51578947368421
"cns_disease_std","Chain 21",6,1.49473684210526
"cns_disease_std","Chain 21",7,1.47368421052632
"cns_disease_std","Chain 21",8,1.50526315789474
"cns_disease_std","Chain 21",9,1.47368421052632
"cns_disease_std","Chain 21",10,1.51578947368421
"cns_disease_std","Chain 21",11,1.49473684210526
"cns_disease_std","Chain 21",12,1.46315789473684
"cns_disease_std","Chain 21",13,1.54736842105263
"cns_disease_std","Chain 21",14,1.47368421052632
"cns_disease_std","Chain 21",15,1.50526315789474
"cns_disease_std","Chain 21",16,1.47368421052632
"cns_disease_std","Chain 21",17,1.53684210526316
"cns_disease_std","Chain 21",18,1.49473684210526
"cns_disease_std","Chain 21",19,1.50526315789474
"cns_disease_std","Chain 21",20,1.48421052631579
"cns_disease_std","Chain 22",1,1.47368421052632
"cns_disease_std","Chain 22",2,1.45263157894737
"cns_disease_std","Chain 22",3,1.49473684210526
"cns_disease_std","Chain 22",4,1.41052631578947
"cns_disease_std","Chain 22",5,1.45263157894737
"cns_disease_std","Chain 22",6,1.43157894736842
"cns_disease_std","Chain 22",7,1.47368421052632
"cns_disease_std","Chain 22",8,1.46315789473684
"cns_disease_std","Chain 22",9,1.50526315789474
"cns_disease_std","Chain 22",10,1.47368421052632
"cns_disease_std","Chain 22",11,1.45263157894737
"cns_disease_std","Chain 22",12,1.45263157894737
"cns_disease_std","Chain 22",13,1.50526315789474
"cns_disease_std","Chain 22",14,1.44210526315789
"cns_disease_std","Chain 22",15,1.49473684210526
"cns_disease_std","Chain 22",16,1.51578947368421
"cns_disease_std","Chain 22",17,1.47368421052632
"cns_disease_std","Chain 22",18,1.41052631578947
"cns_disease_std","Chain 22",19,1.47368421052632
"cns_disease_std","Chain 22",20,1.48421052631579
"cns_disease_std","Chain 23",1,1.45263157894737
"cns_disease_std","Chain 23",2,1.46315789473684
"cns_disease_std","Chain 23",3,1.51578947368421
"cns_disease_std","Chain 23",4,1.46315789473684
"cns_disease_std","Chain 23",5,1.47368421052632
"cns_disease_std","Chain 23",6,1.42105263157895
"cns_disease_std","Chain 23",7,1.53684210526316
"cns_disease_std","Chain 23",8,1.48421052631579
"cns_disease_std","Chain 23",9,1.47368421052632
"cns_disease_std","Chain 23",10,1.50526315789474
"cns_disease_std","Chain 23",11,1.47368421052632
"cns_disease_std","Chain 23",12,1.51578947368421
"cns_disease_std","Chain 23",13,1.51578947368421
"cns_disease_std","Chain 23",14,1.42105263157895
"cns_disease_std","Chain 23",15,1.45263157894737
"cns_disease_std","Chain 23",16,1.52631578947368
"cns_disease_std","Chain 23",17,1.49473684210526
"cns_disease_std","Chain 23",18,1.55789473684211
"cns_disease_std","Chain 23",19,1.46315789473684
"cns_disease_std","Chain 23",20,1.45263157894737
"cns_disease_std","Chain 24",1,1.45263157894737
"cns_disease_std","Chain 24",2,1.46315789473684
"cns_disease_std","Chain 24",3,1.43157894736842
"cns_disease_std","Chain 24",4,1.46315789473684
"cns_disease_std","Chain 24",5,1.47368421052632
"cns_disease_std","Chain 24",6,1.44210526315789
"cns_disease_std","Chain 24",7,1.51578947368421
"cns_disease_std","Chain 24",8,1.43157894736842
"cns_disease_std","Chain 24",9,1.48421052631579
"cns_disease_std","Chain 24",10,1.44210526315789
"cns_disease_std","Chain 24",11,1.51578947368421
"cns_disease_std","Chain 24",12,1.47368421052632
"cns_disease_std","Chain 24",13,1.49473684210526
"cns_disease_std","Chain 24",14,1.49473684210526
"cns_disease_std","Chain 24",15,1.45263157894737
"cns_disease_std","Chain 24",16,1.54736842105263
"cns_disease_std","Chain 24",17,1.47368421052632
"cns_disease_std","Chain 24",18,1.49473684210526
"cns_disease_std","Chain 24",19,1.43157894736842
"cns_disease_std","Chain 24",20,1.44210526315789
"cns_disease_std","Chain 25",1,1.49473684210526
"cns_disease_std","Chain 25",2,1.46315789473684
"cns_disease_std","Chain 25",3,1.53684210526316
"cns_disease_std","Chain 25",4,1.48421052631579
"cns_disease_std","Chain 25",5,1.45263157894737
"cns_disease_std","Chain 25",6,1.46315789473684
"cns_disease_std","Chain 25",7,1.43157894736842
"cns_disease_std","Chain 25",8,1.50526315789474
"cns_disease_std","Chain 25",9,1.49473684210526
"cns_disease_std","Chain 25",10,1.50526315789474
"cns_disease_std","Chain 25",11,1.52631578947368
"cns_disease_std","Chain 25",12,1.51578947368421
"cns_disease_std","Chain 25",13,1.47368421052632
"cns_disease_std","Chain 25",14,1.44210526315789
"cns_disease_std","Chain 25",15,1.50526315789474
"cns_disease_std","Chain 25",16,1.51578947368421
"cns_disease_std","Chain 25",17,1.49473684210526
"cns_disease_std","Chain 25",18,1.56842105263158
"cns_disease_std","Chain 25",19,1.47368421052632
"cns_disease_std","Chain 25",20,1.56842105263158
"cns_disease_std","Chain 26",1,1.43157894736842
"cns_disease_std","Chain 26",2,1.50526315789474
"cns_disease_std","Chain 26",3,1.47368421052632
"cns_disease_std","Chain 26",4,1.47368421052632
"cns_disease_std","Chain 26",5,1.46315789473684
"cns_disease_std","Chain 26",6,1.46315789473684
"cns_disease_std","Chain 26",7,1.46315789473684
"cns_disease_std","Chain 26",8,1.46315789473684
"cns_disease_std","Chain 26",9,1.44210526315789
"cns_disease_std","Chain 26",10,1.50526315789474
"cns_disease_std","Chain 26",11,1.46315789473684
"cns_disease_std","Chain 26",12,1.49473684210526
"cns_disease_std","Chain 26",13,1.51578947368421
"cns_disease_std","Chain 26",14,1.54736842105263
"cns_disease_std","Chain 26",15,1.45263157894737
"cns_disease_std","Chain 26",16,1.52631578947368
"cns_disease_std","Chain 26",17,1.47368421052632
"cns_disease_std","Chain 26",18,1.51578947368421
"cns_disease_std","Chain 26",19,1.52631578947368
"cns_disease_std","Chain 26",20,1.51578947368421
"cns_disease_std","Chain 27",1,1.48421052631579
"cns_disease_std","Chain 27",2,1.48421052631579
"cns_disease_std","Chain 27",3,1.46315789473684
"cns_disease_std","Chain 27",4,1.46315789473684
"cns_disease_std","Chain 27",5,1.45263157894737
"cns_disease_std","Chain 27",6,1.48421052631579
"cns_disease_std","Chain 27",7,1.43157894736842
"cns_disease_std","Chain 27",8,1.47368421052632
"cns_disease_std","Chain 27",9,1.43157894736842
"cns_disease_std","Chain 27",10,1.46315789473684
"cns_disease_std","Chain 27",11,1.52631578947368
"cns_disease_std","Chain 27",12,1.48421052631579
"cns_disease_std","Chain 27",13,1.50526315789474
"cns_disease_std","Chain 27",14,1.44210526315789
"cns_disease_std","Chain 27",15,1.48421052631579
"cns_disease_std","Chain 27",16,1.47368421052632
"cns_disease_std","Chain 27",17,1.49473684210526
"cns_disease_std","Chain 27",18,1.51578947368421
"cns_disease_std","Chain 27",19,1.44210526315789
"cns_disease_std","Chain 27",20,1.46315789473684
"cns_disease_std","Chain 28",1,1.41052631578947
"cns_disease_std","Chain 28",2,1.45263157894737
"cns_disease_std","Chain 28",3,1.43157894736842
"cns_disease_std","Chain 28",4,1.51578947368421
"cns_disease_std","Chain 28",5,1.45263157894737
"cns_disease_std","Chain 28",6,1.46315789473684
"cns_disease_std","Chain 28",7,1.42105263157895
"cns_disease_std","Chain 28",8,1.44210526315789
"cns_disease_std","Chain 28",9,1.47368421052632
"cns_disease_std","Chain 28",10,1.49473684210526
"cns_disease_std","Chain 28",11,1.46315789473684
"cns_disease_std","Chain 28",12,1.45263157894737
"cns_disease_std","Chain 28",13,1.42105263157895
"cns_disease_std","Chain 28",14,1.50526315789474
"cns_disease_std","Chain 28",15,1.46315789473684
"cns_disease_std","Chain 28",16,1.58947368421053
"cns_disease_std","Chain 28",17,1.50526315789474
"cns_disease_std","Chain 28",18,1.47368421052632
"cns_disease_std","Chain 28",19,1.52631578947368
"cns_disease_std","Chain 28",20,1.49473684210526
"cns_disease_std","Chain 29",1,1.46315789473684
"cns_disease_std","Chain 29",2,1.44210526315789
"cns_disease_std","Chain 29",3,1.46315789473684
"cns_disease_std","Chain 29",4,1.46315789473684
"cns_disease_std","Chain 29",5,1.50526315789474
"cns_disease_std","Chain 29",6,1.45263157894737
"cns_disease_std","Chain 29",7,1.44210526315789
"cns_disease_std","Chain 29",8,1.47368421052632
"cns_disease_std","Chain 29",9,1.44210526315789
"cns_disease_std","Chain 29",10,1.43157894736842
"cns_disease_std","Chain 29",11,1.45263157894737
"cns_disease_std","Chain 29",12,1.49473684210526
"cns_disease_std","Chain 29",13,1.51578947368421
"cns_disease_std","Chain 29",14,1.47368421052632
"cns_disease_std","Chain 29",15,1.45263157894737
"cns_disease_std","Chain 29",16,1.44210526315789
"cns_disease_std","Chain 29",17,1.51578947368421
"cns_disease_std","Chain 29",18,1.49473684210526
"cns_disease_std","Chain 29",19,1.49473684210526
"cns_disease_std","Chain 29",20,1.47368421052632
"cns_disease_std","Chain 30",1,1.44210526315789
"cns_disease_std","Chain 30",2,1.43157894736842
"cns_disease_std","Chain 30",3,1.48421052631579
"cns_disease_std","Chain 30",4,1.50526315789474
"cns_disease_std","Chain 30",5,1.46315789473684
"cns_disease_std","Chain 30",6,1.51578947368421
"cns_disease_std","Chain 30",7,1.50526315789474
"cns_disease_std","Chain 30",8,1.50526315789474
"cns_disease_std","Chain 30",9,1.47368421052632
"cns_disease_std","Chain 30",10,1.44210526315789
"cns_disease_std","Chain 30",11,1.45263157894737
"cns_disease_std","Chain 30",12,1.49473684210526
"cns_disease_std","Chain 30",13,1.48421052631579
"cns_disease_std","Chain 30",14,1.50526315789474
"cns_disease_std","Chain 30",15,1.56842105263158
"cns_disease_std","Chain 30",16,1.43157894736842
"cns_disease_std","Chain 30",17,1.49473684210526
"cns_disease_std","Chain 30",18,1.48421052631579
"cns_disease_std","Chain 30",19,1.51578947368421
"cns_disease_std","Chain 30",20,1.50526315789474
"race_aux","Chain 1",1,1.33678756476684
"race_aux","Chain 1",2,1.25906735751295
"race_aux","Chain 1",3,1.28497409326425
"race_aux","Chain 1",4,1.2279792746114
"race_aux","Chain 1",5,1.25906735751295
"race_aux","Chain 1",6,1.31088082901554
"race_aux","Chain 1",7,1.27979274611399
"race_aux","Chain 1",8,1.16062176165803
"race_aux","Chain 1",9,1.30569948186528
"race_aux","Chain 1",10,1.35233160621762
"race_aux","Chain 1",11,1.33160621761658
"race_aux","Chain 1",12,1.36269430051813
"race_aux","Chain 1",13,1.27461139896373
"race_aux","Chain 1",14,1.4300518134715
"race_aux","Chain 1",15,1.25906735751295
"race_aux","Chain 1",16,1.27461139896373
"race_aux","Chain 1",17,1.3160621761658
"race_aux","Chain 1",18,1.25906735751295
"race_aux","Chain 1",19,1.33678756476684
"race_aux","Chain 1",20,1.29533678756477
"race_aux","Chain 2",1,1.31088082901554
"race_aux","Chain 2",2,1.26943005181347
"race_aux","Chain 2",3,1.35751295336788
"race_aux","Chain 2",4,1.2279792746114
"race_aux","Chain 2",5,1.27979274611399
"race_aux","Chain 2",6,1.39896373056995
"race_aux","Chain 2",7,1.32642487046632
"race_aux","Chain 2",8,1.27461139896373
"race_aux","Chain 2",9,1.26943005181347
"race_aux","Chain 2",10,1.30051813471503
"race_aux","Chain 2",11,1.29015544041451
"race_aux","Chain 2",12,1.27461139896373
"race_aux","Chain 2",13,1.27979274611399
"race_aux","Chain 2",14,1.27461139896373
"race_aux","Chain 2",15,1.24870466321244
"race_aux","Chain 2",16,1.36787564766839
"race_aux","Chain 2",17,1.24352331606218
"race_aux","Chain 2",18,1.3160621761658
"race_aux","Chain 2",19,1.25388601036269
"race_aux","Chain 2",20,1.23834196891192
"race_aux","Chain 3",1,1.33160621761658
"race_aux","Chain 3",2,1.25388601036269
"race_aux","Chain 3",3,1.29533678756477
"race_aux","Chain 3",4,1.18652849740933
"race_aux","Chain 3",5,1.29533678756477
"race_aux","Chain 3",6,1.25388601036269
"race_aux","Chain 3",7,1.23316062176166
"race_aux","Chain 3",8,1.29533678756477
"race_aux","Chain 3",9,1.16062176165803
"race_aux","Chain 3",10,1.32642487046632
"race_aux","Chain 3",11,1.34715025906736
"race_aux","Chain 3",12,1.30051813471503
"race_aux","Chain 3",13,1.26943005181347
"race_aux","Chain 3",14,1.26943005181347
"race_aux","Chain 3",15,1.25906735751295
"race_aux","Chain 3",16,1.20725388601036
"race_aux","Chain 3",17,1.32124352331606
"race_aux","Chain 3",18,1.30051813471503
"race_aux","Chain 3",19,1.29015544041451
"race_aux","Chain 3",20,1.23316062176166
"race_aux","Chain 4",1,1.23316062176166
"race_aux","Chain 4",2,1.34715025906736
"race_aux","Chain 4",3,1.21243523316062
"race_aux","Chain 4",4,1.25388601036269
"race_aux","Chain 4",5,1.27461139896373
"race_aux","Chain 4",6,1.27979274611399
"race_aux","Chain 4",7,1.3419689119171
"race_aux","Chain 4",8,1.3160621761658
"race_aux","Chain 4",9,1.27461139896373
"race_aux","Chain 4",10,1.26424870466321
"race_aux","Chain 4",11,1.35233160621762
"race_aux","Chain 4",12,1.42487046632124
"race_aux","Chain 4",13,1.35233160621762
"race_aux","Chain 4",14,1.32124352331606
"race_aux","Chain 4",15,1.30569948186528
"race_aux","Chain 4",16,1.30051813471503
"race_aux","Chain 4",17,1.29533678756477
"race_aux","Chain 4",18,1.25906735751295
"race_aux","Chain 4",19,1.30569948186528
"race_aux","Chain 4",20,1.29015544041451
"race_aux","Chain 5",1,1.35233160621762
"race_aux","Chain 5",2,1.25388601036269
"race_aux","Chain 5",3,1.29015544041451
"race_aux","Chain 5",4,1.23834196891192
"race_aux","Chain 5",5,1.31088082901554
"race_aux","Chain 5",6,1.25388601036269
"race_aux","Chain 5",7,1.20725388601036
"race_aux","Chain 5",8,1.32124352331606
"race_aux","Chain 5",9,1.32124352331606
"race_aux","Chain 5",10,1.26424870466321
"race_aux","Chain 5",11,1.3160621761658
"race_aux","Chain 5",12,1.36269430051813
"race_aux","Chain 5",13,1.30051813471503
"race_aux","Chain 5",14,1.34715025906736
"race_aux","Chain 5",15,1.36787564766839
"race_aux","Chain 5",16,1.33678756476684
"race_aux","Chain 5",17,1.33678756476684
"race_aux","Chain 5",18,1.2279792746114
"race_aux","Chain 5",19,1.24870466321244
"race_aux","Chain 5",20,1.21761658031088
"race_aux","Chain 6",1,1.26943005181347
"race_aux","Chain 6",2,1.20725388601036
"race_aux","Chain 6",3,1.33160621761658
"race_aux","Chain 6",4,1.32124352331606
"race_aux","Chain 6",5,1.27979274611399
"race_aux","Chain 6",6,1.24870466321244
"race_aux","Chain 6",7,1.32124352331606
"race_aux","Chain 6",8,1.22279792746114
"race_aux","Chain 6",9,1.3419689119171
"race_aux","Chain 6",10,1.26943005181347
"race_aux","Chain 6",11,1.25906735751295
"race_aux","Chain 6",12,1.32124352331606
"race_aux","Chain 6",13,1.26424870466321
"race_aux","Chain 6",14,1.26424870466321
"race_aux","Chain 6",15,1.26424870466321
"race_aux","Chain 6",16,1.32642487046632
"race_aux","Chain 6",17,1.29015544041451
"race_aux","Chain 6",18,1.29015544041451
"race_aux","Chain 6",19,1.28497409326425
"race_aux","Chain 6",20,1.41450777202073
"race_aux","Chain 7",1,1.25906735751295
"race_aux","Chain 7",2,1.30569948186528
"race_aux","Chain 7",3,1.2279792746114
"race_aux","Chain 7",4,1.32124352331606
"race_aux","Chain 7",5,1.19170984455959
"race_aux","Chain 7",6,1.2279792746114
"race_aux","Chain 7",7,1.33678756476684
"race_aux","Chain 7",8,1.28497409326425
"race_aux","Chain 7",9,1.30051813471503
"race_aux","Chain 7",10,1.25906735751295
"race_aux","Chain 7",11,1.3419689119171
"race_aux","Chain 7",12,1.27979274611399
"race_aux","Chain 7",13,1.26424870466321
"race_aux","Chain 7",14,1.27979274611399
"race_aux","Chain 7",15,1.24352331606218
"race_aux","Chain 7",16,1.3419689119171
"race_aux","Chain 7",17,1.19170984455959
"race_aux","Chain 7",18,1.30051813471503
"race_aux","Chain 7",19,1.40932642487047
"race_aux","Chain 7",20,1.25906735751295
"race_aux","Chain 8",1,1.33678756476684
"race_aux","Chain 8",2,1.25388601036269
"race_aux","Chain 8",3,1.2020725388601
"race_aux","Chain 8",4,1.28497409326425
"race_aux","Chain 8",5,1.30569948186528
"race_aux","Chain 8",6,1.24352331606218
"race_aux","Chain 8",7,1.27979274611399
"race_aux","Chain 8",8,1.2279792746114
"race_aux","Chain 8",9,1.25388601036269
"race_aux","Chain 8",10,1.28497409326425
"race_aux","Chain 8",11,1.21761658031088
"race_aux","Chain 8",12,1.27461139896373
"race_aux","Chain 8",13,1.27461139896373
"race_aux","Chain 8",14,1.32642487046632
"race_aux","Chain 8",15,1.3160621761658
"race_aux","Chain 8",16,1.23834196891192
"race_aux","Chain 8",17,1.25388601036269
"race_aux","Chain 8",18,1.23316062176166
"race_aux","Chain 8",19,1.30569948186528
"race_aux","Chain 8",20,1.34715025906736
"race_aux","Chain 9",1,1.23834196891192
"race_aux","Chain 9",2,1.27461139896373
"race_aux","Chain 9",3,1.27979274611399
"race_aux","Chain 9",4,1.29015544041451
"race_aux","Chain 9",5,1.26424870466321
"race_aux","Chain 9",6,1.30569948186528
"race_aux","Chain 9",7,1.21761658031088
"race_aux","Chain 9",8,1.17616580310881
"race_aux","Chain 9",9,1.26424870466321
"race_aux","Chain 9",10,1.2279792746114
"race_aux","Chain 9",11,1.27979274611399
"race_aux","Chain 9",12,1.32642487046632
"race_aux","Chain 9",13,1.24870466321244
"race_aux","Chain 9",14,1.30569948186528
"race_aux","Chain 9",15,1.27461139896373
"race_aux","Chain 9",16,1.30051813471503
"race_aux","Chain 9",17,1.30569948186528
"race_aux","Chain 9",18,1.29015544041451
"race_aux","Chain 9",19,1.29015544041451
"race_aux","Chain 9",20,1.27979274611399
"race_aux","Chain 10",1,1.26424870466321
"race_aux","Chain 10",2,1.42487046632124
"race_aux","Chain 10",3,1.27461139896373
"race_aux","Chain 10",4,1.23316062176166
"race_aux","Chain 10",5,1.28497409326425
"race_aux","Chain 10",6,1.26943005181347
"race_aux","Chain 10",7,1.30051813471503
"race_aux","Chain 10",8,1.25906735751295
"race_aux","Chain 10",9,1.29533678756477
"race_aux","Chain 10",10,1.24870466321244
"race_aux","Chain 10",11,1.25388601036269
"race_aux","Chain 10",12,1.24352331606218
"race_aux","Chain 10",13,1.24352331606218
"race_aux","Chain 10",14,1.23316062176166
"race_aux","Chain 10",15,1.27461139896373
"race_aux","Chain 10",16,1.26424870466321
"race_aux","Chain 10",17,1.30569948186528
"race_aux","Chain 10",18,1.17098445595855
"race_aux","Chain 10",19,1.32642487046632
"race_aux","Chain 10",20,1.28497409326425
"race_aux","Chain 11",1,1.27979274611399
"race_aux","Chain 11",2,1.27461139896373
"race_aux","Chain 11",3,1.31088082901554
"race_aux","Chain 11",4,1.24870466321244
"race_aux","Chain 11",5,1.26943005181347
"race_aux","Chain 11",6,1.27979274611399
"race_aux","Chain 11",7,1.26424870466321
"race_aux","Chain 11",8,1.23834196891192
"race_aux","Chain 11",9,1.25388601036269
"race_aux","Chain 11",10,1.3160621761658
"race_aux","Chain 11",11,1.28497409326425
"race_aux","Chain 11",12,1.20725388601036
"race_aux","Chain 11",13,1.18652849740933
"race_aux","Chain 11",14,1.38341968911917
"race_aux","Chain 11",15,1.36787564766839
"race_aux","Chain 11",16,1.19689119170984
"race_aux","Chain 11",17,1.23316062176166
"race_aux","Chain 11",18,1.19170984455959
"race_aux","Chain 11",19,1.32124352331606
"race_aux","Chain 11",20,1.24870466321244
"race_aux","Chain 12",1,1.29015544041451
"race_aux","Chain 12",2,1.33678756476684
"race_aux","Chain 12",3,1.32642487046632
"race_aux","Chain 12",4,1.36787564766839
"race_aux","Chain 12",5,1.22279792746114
"race_aux","Chain 12",6,1.2279792746114
"race_aux","Chain 12",7,1.19170984455959
"race_aux","Chain 12",8,1.24352331606218
"race_aux","Chain 12",9,1.24352331606218
"race_aux","Chain 12",10,1.26943005181347
"race_aux","Chain 12",11,1.37823834196891
"race_aux","Chain 12",12,1.23316062176166
"race_aux","Chain 12",13,1.21243523316062
"race_aux","Chain 12",14,1.27979274611399
"race_aux","Chain 12",15,1.31088082901554
"race_aux","Chain 12",16,1.21243523316062
"race_aux","Chain 12",17,1.33678756476684
"race_aux","Chain 12",18,1.23316062176166
"race_aux","Chain 12",19,1.27979274611399
"race_aux","Chain 12",20,1.25906735751295
"race_aux","Chain 13",1,1.26943005181347
"race_aux","Chain 13",2,1.37305699481865
"race_aux","Chain 13",3,1.33160621761658
"race_aux","Chain 13",4,1.25388601036269
"race_aux","Chain 13",5,1.24870466321244
"race_aux","Chain 13",6,1.21761658031088
"race_aux","Chain 13",7,1.34715025906736
"race_aux","Chain 13",8,1.33160621761658
"race_aux","Chain 13",9,1.20725388601036
"race_aux","Chain 13",10,1.25388601036269
"race_aux","Chain 13",11,1.27461139896373
"race_aux","Chain 13",12,1.23834196891192
"race_aux","Chain 13",13,1.33160621761658
"race_aux","Chain 13",14,1.26424870466321
"race_aux","Chain 13",15,1.22279792746114
"race_aux","Chain 13",16,1.22279792746114
"race_aux","Chain 13",17,1.27461139896373
"race_aux","Chain 13",18,1.24352331606218
"race_aux","Chain 13",19,1.32124352331606
"race_aux","Chain 13",20,1.29533678756477
"race_aux","Chain 14",1,1.30569948186528
"race_aux","Chain 14",2,1.29533678756477
"race_aux","Chain 14",3,1.27461139896373
"race_aux","Chain 14",4,1.25906735751295
"race_aux","Chain 14",5,1.3419689119171
"race_aux","Chain 14",6,1.25906735751295
"race_aux","Chain 14",7,1.30569948186528
"race_aux","Chain 14",8,1.32642487046632
"race_aux","Chain 14",9,1.29015544041451
"race_aux","Chain 14",10,1.25906735751295
"race_aux","Chain 14",11,1.2279792746114
"race_aux","Chain 14",12,1.24352331606218
"race_aux","Chain 14",13,1.30569948186528
"race_aux","Chain 14",14,1.18134715025907
"race_aux","Chain 14",15,1.38341968911917
"race_aux","Chain 14",16,1.33160621761658
"race_aux","Chain 14",17,1.25388601036269
"race_aux","Chain 14",18,1.32124352331606
"race_aux","Chain 14",19,1.23834196891192
"race_aux","Chain 14",20,1.28497409326425
"race_aux","Chain 15",1,1.2020725388601
"race_aux","Chain 15",2,1.24352331606218
"race_aux","Chain 15",3,1.3160621761658
"race_aux","Chain 15",4,1.18652849740933
"race_aux","Chain 15",5,1.29015544041451
"race_aux","Chain 15",6,1.3160621761658
"race_aux","Chain 15",7,1.29533678756477
"race_aux","Chain 15",8,1.26424870466321
"race_aux","Chain 15",9,1.24870466321244
"race_aux","Chain 15",10,1.21243523316062
"race_aux","Chain 15",11,1.25388601036269
"race_aux","Chain 15",12,1.25388601036269
"race_aux","Chain 15",13,1.40414507772021
"race_aux","Chain 15",14,1.3419689119171
"race_aux","Chain 15",15,1.26943005181347
"race_aux","Chain 15",16,1.33160621761658
"race_aux","Chain 15",17,1.25906735751295
"race_aux","Chain 15",18,1.24870466321244
"race_aux","Chain 15",19,1.38341968911917
"race_aux","Chain 15",20,1.2020725388601
"race_aux","Chain 16",1,1.30569948186528
"race_aux","Chain 16",2,1.27461139896373
"race_aux","Chain 16",3,1.24352331606218
"race_aux","Chain 16",4,1.32124352331606
"race_aux","Chain 16",5,1.21761658031088
"race_aux","Chain 16",6,1.29533678756477
"race_aux","Chain 16",7,1.26424870466321
"race_aux","Chain 16",8,1.29533678756477
"race_aux","Chain 16",9,1.38341968911917
"race_aux","Chain 16",10,1.26424870466321
"race_aux","Chain 16",11,1.33160621761658
"race_aux","Chain 16",12,1.19689119170984
"race_aux","Chain 16",13,1.32642487046632
"race_aux","Chain 16",14,1.3419689119171
"race_aux","Chain 16",15,1.29533678756477
"race_aux","Chain 16",16,1.31088082901554
"race_aux","Chain 16",17,1.22279792746114
"race_aux","Chain 16",18,1.23316062176166
"race_aux","Chain 16",19,1.18134715025907
"race_aux","Chain 16",20,1.20725388601036
"race_aux","Chain 17",1,1.26424870466321
"race_aux","Chain 17",2,1.3419689119171
"race_aux","Chain 17",3,1.23316062176166
"race_aux","Chain 17",4,1.23834196891192
"race_aux","Chain 17",5,1.24352331606218
"race_aux","Chain 17",6,1.33160621761658
"race_aux","Chain 17",7,1.37305699481865
"race_aux","Chain 17",8,1.26943005181347
"race_aux","Chain 17",9,1.37305699481865
"race_aux","Chain 17",10,1.37823834196891
"race_aux","Chain 17",11,1.31088082901554
"race_aux","Chain 17",12,1.33678756476684
"race_aux","Chain 17",13,1.32642487046632
"race_aux","Chain 17",14,1.36269430051813
"race_aux","Chain 17",15,1.24870466321244
"race_aux","Chain 17",16,1.31088082901554
"race_aux","Chain 17",17,1.26943005181347
"race_aux","Chain 17",18,1.29015544041451
"race_aux","Chain 17",19,1.23316062176166
"race_aux","Chain 17",20,1.33160621761658
"race_aux","Chain 18",1,1.28497409326425
"race_aux","Chain 18",2,1.28497409326425
"race_aux","Chain 18",3,1.40932642487047
"race_aux","Chain 18",4,1.30051813471503
"race_aux","Chain 18",5,1.29533678756477
"race_aux","Chain 18",6,1.30569948186528
"race_aux","Chain 18",7,1.26943005181347
"race_aux","Chain 18",8,1.37305699481865
"race_aux","Chain 18",9,1.30051813471503
"race_aux","Chain 18",10,1.22279792746114
"race_aux","Chain 18",11,1.34715025906736
"race_aux","Chain 18",12,1.31088082901554
"race_aux","Chain 18",13,1.21761658031088
"race_aux","Chain 18",14,1.29533678756477
"race_aux","Chain 18",15,1.29533678756477
"race_aux","Chain 18",16,1.25906735751295
"race_aux","Chain 18",17,1.32642487046632
"race_aux","Chain 18",18,1.22279792746114
"race_aux","Chain 18",19,1.24870466321244
"race_aux","Chain 18",20,1.29015544041451
"race_aux","Chain 19",1,1.29015544041451
"race_aux","Chain 19",2,1.27979274611399
"race_aux","Chain 19",3,1.25906735751295
"race_aux","Chain 19",4,1.32642487046632
"race_aux","Chain 19",5,1.3419689119171
"race_aux","Chain 19",6,1.29015544041451
"race_aux","Chain 19",7,1.24870466321244
"race_aux","Chain 19",8,1.22279792746114
"race_aux","Chain 19",9,1.30051813471503
"race_aux","Chain 19",10,1.22279792746114
"race_aux","Chain 19",11,1.25388601036269
"race_aux","Chain 19",12,1.32642487046632
"race_aux","Chain 19",13,1.33678756476684
"race_aux","Chain 19",14,1.26943005181347
"race_aux","Chain 19",15,1.24352331606218
"race_aux","Chain 19",16,1.24870466321244
"race_aux","Chain 19",17,1.29533678756477
"race_aux","Chain 19",18,1.32124352331606
"race_aux","Chain 19",19,1.30569948186528
"race_aux","Chain 19",20,1.25388601036269
"race_aux","Chain 20",1,1.24870466321244
"race_aux","Chain 20",2,1.26424870466321
"race_aux","Chain 20",3,1.27461139896373
"race_aux","Chain 20",4,1.3160621761658
"race_aux","Chain 20",5,1.25388601036269
"race_aux","Chain 20",6,1.28497409326425
"race_aux","Chain 20",7,1.25388601036269
"race_aux","Chain 20",8,1.24352331606218
"race_aux","Chain 20",9,1.24870466321244
"race_aux","Chain 20",10,1.27979274611399
"race_aux","Chain 20",11,1.29015544041451
"race_aux","Chain 20",12,1.25906735751295
"race_aux","Chain 20",13,1.26424870466321
"race_aux","Chain 20",14,1.21761658031088
"race_aux","Chain 20",15,1.30051813471503
"race_aux","Chain 20",16,1.26424870466321
"race_aux","Chain 20",17,1.23316062176166
"race_aux","Chain 20",18,1.40414507772021
"race_aux","Chain 20",19,1.20725388601036
"race_aux","Chain 20",20,1.3419689119171
"race_aux","Chain 21",1,1.29533678756477
"race_aux","Chain 21",2,1.23316062176166
"race_aux","Chain 21",3,1.30569948186528
"race_aux","Chain 21",4,1.31088082901554
"race_aux","Chain 21",5,1.22279792746114
"race_aux","Chain 21",6,1.28497409326425
"race_aux","Chain 21",7,1.31088082901554
"race_aux","Chain 21",8,1.30051813471503
"race_aux","Chain 21",9,1.28497409326425
"race_aux","Chain 21",10,1.29533678756477
"race_aux","Chain 21",11,1.21761658031088
"race_aux","Chain 21",12,1.29533678756477
"race_aux","Chain 21",13,1.32642487046632
"race_aux","Chain 21",14,1.28497409326425
"race_aux","Chain 21",15,1.27461139896373
"race_aux","Chain 21",16,1.3419689119171
"race_aux","Chain 21",17,1.34715025906736
"race_aux","Chain 21",18,1.26943005181347
"race_aux","Chain 21",19,1.2279792746114
"race_aux","Chain 21",20,1.26943005181347
"race_aux","Chain 22",1,1.35233160621762
"race_aux","Chain 22",2,1.36269430051813
"race_aux","Chain 22",3,1.20725388601036
"race_aux","Chain 22",4,1.25906735751295
"race_aux","Chain 22",5,1.30569948186528
"race_aux","Chain 22",6,1.2279792746114
"race_aux","Chain 22",7,1.29533678756477
"race_aux","Chain 22",8,1.30051813471503
"race_aux","Chain 22",9,1.26424870466321
"race_aux","Chain 22",10,1.3160621761658
"race_aux","Chain 22",11,1.38860103626943
"race_aux","Chain 22",12,1.26943005181347
"race_aux","Chain 22",13,1.35233160621762
"race_aux","Chain 22",14,1.29533678756477
"race_aux","Chain 22",15,1.35751295336788
"race_aux","Chain 22",16,1.20725388601036
"race_aux","Chain 22",17,1.29015544041451
"race_aux","Chain 22",18,1.24352331606218
"race_aux","Chain 22",19,1.35233160621762
"race_aux","Chain 22",20,1.25388601036269
"race_aux","Chain 23",1,1.26943005181347
"race_aux","Chain 23",2,1.3160621761658
"race_aux","Chain 23",3,1.35751295336788
"race_aux","Chain 23",4,1.21243523316062
"race_aux","Chain 23",5,1.34715025906736
"race_aux","Chain 23",6,1.29015544041451
"race_aux","Chain 23",7,1.2279792746114
"race_aux","Chain 23",8,1.24352331606218
"race_aux","Chain 23",9,1.28497409326425
"race_aux","Chain 23",10,1.29533678756477
"race_aux","Chain 23",11,1.24870466321244
"race_aux","Chain 23",12,1.21761658031088
"race_aux","Chain 23",13,1.27979274611399
"race_aux","Chain 23",14,1.21761658031088
"race_aux","Chain 23",15,1.27461139896373
"race_aux","Chain 23",16,1.24870466321244
"race_aux","Chain 23",17,1.30569948186528
"race_aux","Chain 23",18,1.21761658031088
"race_aux","Chain 23",19,1.24352331606218
"race_aux","Chain 23",20,1.32124352331606
"race_aux","Chain 24",1,1.29533678756477
"race_aux","Chain 24",2,1.30569948186528
"race_aux","Chain 24",3,1.2279792746114
"race_aux","Chain 24",4,1.24352331606218
"race_aux","Chain 24",5,1.18134715025907
"race_aux","Chain 24",6,1.29015544041451
"race_aux","Chain 24",7,1.31088082901554
"race_aux","Chain 24",8,1.25906735751295
"race_aux","Chain 24",9,1.21761658031088
"race_aux","Chain 24",10,1.23834196891192
"race_aux","Chain 24",11,1.3419689119171
"race_aux","Chain 24",12,1.39378238341969
"race_aux","Chain 24",13,1.30051813471503
"race_aux","Chain 24",14,1.25388601036269
"race_aux","Chain 24",15,1.25906735751295
"race_aux","Chain 24",16,1.27461139896373
"race_aux","Chain 24",17,1.26424870466321
"race_aux","Chain 24",18,1.23834196891192
"race_aux","Chain 24",19,1.29015544041451
"race_aux","Chain 24",20,1.23316062176166
"race_aux","Chain 25",1,1.30569948186528
"race_aux","Chain 25",2,1.37305699481865
"race_aux","Chain 25",3,1.34715025906736
"race_aux","Chain 25",4,1.32642487046632
"race_aux","Chain 25",5,1.29533678756477
"race_aux","Chain 25",6,1.19689119170984
"race_aux","Chain 25",7,1.29533678756477
"race_aux","Chain 25",8,1.36269430051813
"race_aux","Chain 25",9,1.2279792746114
"race_aux","Chain 25",10,1.25388601036269
"race_aux","Chain 25",11,1.24870466321244
"race_aux","Chain 25",12,1.25906735751295
"race_aux","Chain 25",13,1.29015544041451
"race_aux","Chain 25",14,1.24352331606218
"race_aux","Chain 25",15,1.3160621761658
"race_aux","Chain 25",16,1.26424870466321
"race_aux","Chain 25",17,1.28497409326425
"race_aux","Chain 25",18,1.32642487046632
"race_aux","Chain 25",19,1.30051813471503
"race_aux","Chain 25",20,1.33678756476684
"race_aux","Chain 26",1,1.24870466321244
"race_aux","Chain 26",2,1.35233160621762
"race_aux","Chain 26",3,1.25906735751295
"race_aux","Chain 26",4,1.26943005181347
"race_aux","Chain 26",5,1.23316062176166
"race_aux","Chain 26",6,1.30051813471503
"race_aux","Chain 26",7,1.26424870466321
"race_aux","Chain 26",8,1.30569948186528
"race_aux","Chain 26",9,1.36269430051813
"race_aux","Chain 26",10,1.26943005181347
"race_aux","Chain 26",11,1.33678756476684
"race_aux","Chain 26",12,1.29015544041451
"race_aux","Chain 26",13,1.30051813471503
"race_aux","Chain 26",14,1.27979274611399
"race_aux","Chain 26",15,1.21243523316062
"race_aux","Chain 26",16,1.30569948186528
"race_aux","Chain 26",17,1.29015544041451
"race_aux","Chain 26",18,1.23834196891192
"race_aux","Chain 26",19,1.27461139896373
"race_aux","Chain 26",20,1.23834196891192
"race_aux","Chain 27",1,1.41450777202073
"race_aux","Chain 27",2,1.26943005181347
"race_aux","Chain 27",3,1.24870466321244
"race_aux","Chain 27",4,1.26424870466321
"race_aux","Chain 27",5,1.29015544041451
"race_aux","Chain 27",6,1.3419689119171
"race_aux","Chain 27",7,1.29015544041451
"race_aux","Chain 27",8,1.26424870466321
"race_aux","Chain 27",9,1.23316062176166
"race_aux","Chain 27",10,1.27979274611399
"race_aux","Chain 27",11,1.29015544041451
"race_aux","Chain 27",12,1.28497409326425
"race_aux","Chain 27",13,1.24870466321244
"race_aux","Chain 27",14,1.36269430051813
"race_aux","Chain 27",15,1.32124352331606
"race_aux","Chain 27",16,1.25906735751295
"race_aux","Chain 27",17,1.35751295336788
"race_aux","Chain 27",18,1.24870466321244
"race_aux","Chain 27",19,1.26943005181347
"race_aux","Chain 27",20,1.37823834196891
"race_aux","Chain 28",1,1.30051813471503
"race_aux","Chain 28",2,1.36269430051813
"race_aux","Chain 28",3,1.32124352331606
"race_aux","Chain 28",4,1.29533678756477
"race_aux","Chain 28",5,1.26943005181347
"race_aux","Chain 28",6,1.30051813471503
"race_aux","Chain 28",7,1.19170984455959
"race_aux","Chain 28",8,1.35233160621762
"race_aux","Chain 28",9,1.27461139896373
"race_aux","Chain 28",10,1.27979274611399
"race_aux","Chain 28",11,1.25906735751295
"race_aux","Chain 28",12,1.26943005181347
"race_aux","Chain 28",13,1.24352331606218
"race_aux","Chain 28",14,1.31088082901554
"race_aux","Chain 28",15,1.27461139896373
"race_aux","Chain 28",16,1.26424870466321
"race_aux","Chain 28",17,1.24352331606218
"race_aux","Chain 28",18,1.27979274611399
"race_aux","Chain 28",19,1.35233160621762
"race_aux","Chain 28",20,1.2279792746114
"race_aux","Chain 29",1,1.23834196891192
"race_aux","Chain 29",2,1.2020725388601
"race_aux","Chain 29",3,1.23316062176166
"race_aux","Chain 29",4,1.16580310880829
"race_aux","Chain 29",5,1.25906735751295
"race_aux","Chain 29",6,1.28497409326425
"race_aux","Chain 29",7,1.34715025906736
"race_aux","Chain 29",8,1.31088082901554
"race_aux","Chain 29",9,1.32124352331606
"race_aux","Chain 29",10,1.31088082901554
"race_aux","Chain 29",11,1.24870466321244
"race_aux","Chain 29",12,1.34715025906736
"race_aux","Chain 29",13,1.32124352331606
"race_aux","Chain 29",14,1.27461139896373
"race_aux","Chain 29",15,1.26424870466321
"race_aux","Chain 29",16,1.22279792746114
"race_aux","Chain 29",17,1.30569948186528
"race_aux","Chain 29",18,1.23834196891192
"race_aux","Chain 29",19,1.30569948186528
"race_aux","Chain 29",20,1.25388601036269
"race_aux","Chain 30",1,1.32124352331606
"race_aux","Chain 30",2,1.28497409326425
"race_aux","Chain 30",3,1.32124352331606
"race_aux","Chain 30",4,1.26943005181347
"race_aux","Chain 30",5,1.25906735751295
"race_aux","Chain 30",6,1.24870466321244
"race_aux","Chain 30",7,1.25388601036269
"race_aux","Chain 30",8,1.34715025906736
"race_aux","Chain 30",9,1.30051813471503
"race_aux","Chain 30",10,1.25906735751295
"race_aux","Chain 30",11,1.20725388601036
"race_aux","Chain 30",12,1.2020725388601
"race_aux","Chain 30",13,1.21761658031088
"race_aux","Chain 30",14,1.28497409326425
"race_aux","Chain 30",15,1.27979274611399
"race_aux","Chain 30",16,1.25906735751295
"race_aux","Chain 30",17,1.32124352331606
"race_aux","Chain 30",18,1.24352331606218
"race_aux","Chain 30",19,1.20725388601036
"race_aux","Chain 30",20,1.30051813471503
"ethnicity_aux","Chain 1",1,1.17391304347826
"ethnicity_aux","Chain 1",2,1.14492753623188
"ethnicity_aux","Chain 1",3,1.20289855072464
"ethnicity_aux","Chain 1",4,1.14492753623188
"ethnicity_aux","Chain 1",5,1.23188405797101
"ethnicity_aux","Chain 1",6,1.23188405797101
"ethnicity_aux","Chain 1",7,1.28985507246377
"ethnicity_aux","Chain 1",8,1.21739130434783
"ethnicity_aux","Chain 1",9,1.26086956521739
"ethnicity_aux","Chain 1",10,1.23188405797101
"ethnicity_aux","Chain 1",11,1.2463768115942
"ethnicity_aux","Chain 1",12,1.17391304347826
"ethnicity_aux","Chain 1",13,1.20289855072464
"ethnicity_aux","Chain 1",14,1.23188405797101
"ethnicity_aux","Chain 1",15,1.20289855072464
"ethnicity_aux","Chain 1",16,1.18840579710145
"ethnicity_aux","Chain 1",17,1.2463768115942
"ethnicity_aux","Chain 1",18,1.17391304347826
"ethnicity_aux","Chain 1",19,1.23188405797101
"ethnicity_aux","Chain 1",20,1.17391304347826
"ethnicity_aux","Chain 2",1,1.11594202898551
"ethnicity_aux","Chain 2",2,1.23188405797101
"ethnicity_aux","Chain 2",3,1.17391304347826
"ethnicity_aux","Chain 2",4,1.21739130434783
"ethnicity_aux","Chain 2",5,1.21739130434783
"ethnicity_aux","Chain 2",6,1.08695652173913
"ethnicity_aux","Chain 2",7,1.18840579710145
"ethnicity_aux","Chain 2",8,1.21739130434783
"ethnicity_aux","Chain 2",9,1.10144927536232
"ethnicity_aux","Chain 2",10,1.15942028985507
"ethnicity_aux","Chain 2",11,1.23188405797101
"ethnicity_aux","Chain 2",12,1.18840579710145
"ethnicity_aux","Chain 2",13,1.20289855072464
"ethnicity_aux","Chain 2",14,1.15942028985507
"ethnicity_aux","Chain 2",15,1.1304347826087
"ethnicity_aux","Chain 2",16,1.11594202898551
"ethnicity_aux","Chain 2",17,1.08695652173913
"ethnicity_aux","Chain 2",18,1.08695652173913
"ethnicity_aux","Chain 2",19,1.1304347826087
"ethnicity_aux","Chain 2",20,1.14492753623188
"ethnicity_aux","Chain 3",1,1.21739130434783
"ethnicity_aux","Chain 3",2,1.17391304347826
"ethnicity_aux","Chain 3",3,1.23188405797101
"ethnicity_aux","Chain 3",4,1.15942028985507
"ethnicity_aux","Chain 3",5,1.30434782608696
"ethnicity_aux","Chain 3",6,1.15942028985507
"ethnicity_aux","Chain 3",7,1.23188405797101
"ethnicity_aux","Chain 3",8,1.23188405797101
"ethnicity_aux","Chain 3",9,1.2463768115942
"ethnicity_aux","Chain 3",10,1.18840579710145
"ethnicity_aux","Chain 3",11,1.21739130434783
"ethnicity_aux","Chain 3",12,1.21739130434783
"ethnicity_aux","Chain 3",13,1.17391304347826
"ethnicity_aux","Chain 3",14,1.08695652173913
"ethnicity_aux","Chain 3",15,1.15942028985507
"ethnicity_aux","Chain 3",16,1.21739130434783
"ethnicity_aux","Chain 3",17,1.28985507246377
"ethnicity_aux","Chain 3",18,1.23188405797101
"ethnicity_aux","Chain 3",19,1.23188405797101
"ethnicity_aux","Chain 3",20,1.20289855072464
"ethnicity_aux","Chain 4",1,1.23188405797101
"ethnicity_aux","Chain 4",2,1.2463768115942
"ethnicity_aux","Chain 4",3,1.1304347826087
"ethnicity_aux","Chain 4",4,1.20289855072464
"ethnicity_aux","Chain 4",5,1.21739130434783
"ethnicity_aux","Chain 4",6,1.23188405797101
"ethnicity_aux","Chain 4",7,1.20289855072464
"ethnicity_aux","Chain 4",8,1.18840579710145
"ethnicity_aux","Chain 4",9,1.18840579710145
"ethnicity_aux","Chain 4",10,1.15942028985507
"ethnicity_aux","Chain 4",11,1.18840579710145
"ethnicity_aux","Chain 4",12,1.23188405797101
"ethnicity_aux","Chain 4",13,1.20289855072464
"ethnicity_aux","Chain 4",14,1.17391304347826
"ethnicity_aux","Chain 4",15,1.1304347826087
"ethnicity_aux","Chain 4",16,1.17391304347826
"ethnicity_aux","Chain 4",17,1.26086956521739
"ethnicity_aux","Chain 4",18,1.20289855072464
"ethnicity_aux","Chain 4",19,1.17391304347826
"ethnicity_aux","Chain 4",20,1.20289855072464
"ethnicity_aux","Chain 5",1,1.21739130434783
"ethnicity_aux","Chain 5",2,1.1304347826087
"ethnicity_aux","Chain 5",3,1.18840579710145
"ethnicity_aux","Chain 5",4,1.21739130434783
"ethnicity_aux","Chain 5",5,1.15942028985507
"ethnicity_aux","Chain 5",6,1.14492753623188
"ethnicity_aux","Chain 5",7,1.17391304347826
"ethnicity_aux","Chain 5",8,1.10144927536232
"ethnicity_aux","Chain 5",9,1.15942028985507
"ethnicity_aux","Chain 5",10,1.11594202898551
"ethnicity_aux","Chain 5",11,1.21739130434783
"ethnicity_aux","Chain 5",12,1.23188405797101
"ethnicity_aux","Chain 5",13,1.15942028985507
"ethnicity_aux","Chain 5",14,1.1304347826087
"ethnicity_aux","Chain 5",15,1.14492753623188
"ethnicity_aux","Chain 5",16,1.20289855072464
"ethnicity_aux","Chain 5",17,1.20289855072464
"ethnicity_aux","Chain 5",18,1.20289855072464
"ethnicity_aux","Chain 5",19,1.1304347826087
"ethnicity_aux","Chain 5",20,1.15942028985507
"ethnicity_aux","Chain 6",1,1.17391304347826
"ethnicity_aux","Chain 6",2,1.17391304347826
"ethnicity_aux","Chain 6",3,1.15942028985507
"ethnicity_aux","Chain 6",4,1.14492753623188
"ethnicity_aux","Chain 6",5,1.18840579710145
"ethnicity_aux","Chain 6",6,1.23188405797101
"ethnicity_aux","Chain 6",7,1.26086956521739
"ethnicity_aux","Chain 6",8,1.18840579710145
"ethnicity_aux","Chain 6",9,1.26086956521739
"ethnicity_aux","Chain 6",10,1.18840579710145
"ethnicity_aux","Chain 6",11,1.18840579710145
"ethnicity_aux","Chain 6",12,1.17391304347826
"ethnicity_aux","Chain 6",13,1.15942028985507
"ethnicity_aux","Chain 6",14,1.20289855072464
"ethnicity_aux","Chain 6",15,1.18840579710145
"ethnicity_aux","Chain 6",16,1.11594202898551
"ethnicity_aux","Chain 6",17,1.21739130434783
"ethnicity_aux","Chain 6",18,1.1304347826087
"ethnicity_aux","Chain 6",19,1.23188405797101
"ethnicity_aux","Chain 6",20,1.17391304347826
"ethnicity_aux","Chain 7",1,1.17391304347826
"ethnicity_aux","Chain 7",2,1.18840579710145
"ethnicity_aux","Chain 7",3,1.20289855072464
"ethnicity_aux","Chain 7",4,1.18840579710145
"ethnicity_aux","Chain 7",5,1.23188405797101
"ethnicity_aux","Chain 7",6,1.20289855072464
"ethnicity_aux","Chain 7",7,1.21739130434783
"ethnicity_aux","Chain 7",8,1.18840579710145
"ethnicity_aux","Chain 7",9,1.15942028985507
"ethnicity_aux","Chain 7",10,1.14492753623188
"ethnicity_aux","Chain 7",11,1.17391304347826
"ethnicity_aux","Chain 7",12,1.28985507246377
"ethnicity_aux","Chain 7",13,1.20289855072464
"ethnicity_aux","Chain 7",14,1.20289855072464
"ethnicity_aux","Chain 7",15,1.10144927536232
"ethnicity_aux","Chain 7",16,1.18840579710145
"ethnicity_aux","Chain 7",17,1.23188405797101
"ethnicity_aux","Chain 7",18,1.15942028985507
"ethnicity_aux","Chain 7",19,1.21739130434783
"ethnicity_aux","Chain 7",20,1.18840579710145
"ethnicity_aux","Chain 8",1,1.20289855072464
"ethnicity_aux","Chain 8",2,1.1304347826087
"ethnicity_aux","Chain 8",3,1.08695652173913
"ethnicity_aux","Chain 8",4,1.2463768115942
"ethnicity_aux","Chain 8",5,1.20289855072464
"ethnicity_aux","Chain 8",6,1.20289855072464
"ethnicity_aux","Chain 8",7,1.2463768115942
"ethnicity_aux","Chain 8",8,1.21739130434783
"ethnicity_aux","Chain 8",9,1.15942028985507
"ethnicity_aux","Chain 8",10,1.21739130434783
"ethnicity_aux","Chain 8",11,1.18840579710145
"ethnicity_aux","Chain 8",12,1.14492753623188
"ethnicity_aux","Chain 8",13,1.20289855072464
"ethnicity_aux","Chain 8",14,1.1304347826087
"ethnicity_aux","Chain 8",15,1.21739130434783
"ethnicity_aux","Chain 8",16,1.34782608695652
"ethnicity_aux","Chain 8",17,1.17391304347826
"ethnicity_aux","Chain 8",18,1.17391304347826
"ethnicity_aux","Chain 8",19,1.18840579710145
"ethnicity_aux","Chain 8",20,1.14492753623188
"ethnicity_aux","Chain 9",1,1.2463768115942
"ethnicity_aux","Chain 9",2,1.17391304347826
"ethnicity_aux","Chain 9",3,1.27536231884058
"ethnicity_aux","Chain 9",4,1.20289855072464
"ethnicity_aux","Chain 9",5,1.20289855072464
"ethnicity_aux","Chain 9",6,1.17391304347826
"ethnicity_aux","Chain 9",7,1.18840579710145
"ethnicity_aux","Chain 9",8,1.15942028985507
"ethnicity_aux","Chain 9",9,1.1304347826087
"ethnicity_aux","Chain 9",10,1.15942028985507
"ethnicity_aux","Chain 9",11,1.2463768115942
"ethnicity_aux","Chain 9",12,1.2463768115942
"ethnicity_aux","Chain 9",13,1.21739130434783
"ethnicity_aux","Chain 9",14,1.15942028985507
"ethnicity_aux","Chain 9",15,1.2463768115942
"ethnicity_aux","Chain 9",16,1.20289855072464
"ethnicity_aux","Chain 9",17,1.20289855072464
"ethnicity_aux","Chain 9",18,1.18840579710145
"ethnicity_aux","Chain 9",19,1.10144927536232
"ethnicity_aux","Chain 9",20,1.18840579710145
"ethnicity_aux","Chain 10",1,1.18840579710145
"ethnicity_aux","Chain 10",2,1.20289855072464
"ethnicity_aux","Chain 10",3,1.17391304347826
"ethnicity_aux","Chain 10",4,1.23188405797101
"ethnicity_aux","Chain 10",5,1.20289855072464
"ethnicity_aux","Chain 10",6,1.15942028985507
"ethnicity_aux","Chain 10",7,1.21739130434783
"ethnicity_aux","Chain 10",8,1.10144927536232
"ethnicity_aux","Chain 10",9,1.20289855072464
"ethnicity_aux","Chain 10",10,1.27536231884058
"ethnicity_aux","Chain 10",11,1.14492753623188
"ethnicity_aux","Chain 10",12,1.14492753623188
"ethnicity_aux","Chain 10",13,1.21739130434783
"ethnicity_aux","Chain 10",14,1.2463768115942
"ethnicity_aux","Chain 10",15,1.17391304347826
"ethnicity_aux","Chain 10",16,1.15942028985507
"ethnicity_aux","Chain 10",17,1.20289855072464
"ethnicity_aux","Chain 10",18,1.15942028985507
"ethnicity_aux","Chain 10",19,1.23188405797101
"ethnicity_aux","Chain 10",20,1.23188405797101
"ethnicity_aux","Chain 11",1,1.21739130434783
"ethnicity_aux","Chain 11",2,1.18840579710145
"ethnicity_aux","Chain 11",3,1.17391304347826
"ethnicity_aux","Chain 11",4,1.23188405797101
"ethnicity_aux","Chain 11",5,1.17391304347826
"ethnicity_aux","Chain 11",6,1.28985507246377
"ethnicity_aux","Chain 11",7,1.15942028985507
"ethnicity_aux","Chain 11",8,1.1304347826087
"ethnicity_aux","Chain 11",9,1.21739130434783
"ethnicity_aux","Chain 11",10,1.08695652173913
"ethnicity_aux","Chain 11",11,1.1304347826087
"ethnicity_aux","Chain 11",12,1.17391304347826
"ethnicity_aux","Chain 11",13,1.27536231884058
"ethnicity_aux","Chain 11",14,1.14492753623188
"ethnicity_aux","Chain 11",15,1.21739130434783
"ethnicity_aux","Chain 11",16,1.31884057971015
"ethnicity_aux","Chain 11",17,1.27536231884058
"ethnicity_aux","Chain 11",18,1.27536231884058
"ethnicity_aux","Chain 11",19,1.14492753623188
"ethnicity_aux","Chain 11",20,1.30434782608696
"ethnicity_aux","Chain 12",1,1.23188405797101
"ethnicity_aux","Chain 12",2,1.26086956521739
"ethnicity_aux","Chain 12",3,1.23188405797101
"ethnicity_aux","Chain 12",4,1.17391304347826
"ethnicity_aux","Chain 12",5,1.20289855072464
"ethnicity_aux","Chain 12",6,1.15942028985507
"ethnicity_aux","Chain 12",7,1.23188405797101
"ethnicity_aux","Chain 12",8,1.15942028985507
"ethnicity_aux","Chain 12",9,1.21739130434783
"ethnicity_aux","Chain 12",10,1.20289855072464
"ethnicity_aux","Chain 12",11,1.18840579710145
"ethnicity_aux","Chain 12",12,1.23188405797101
"ethnicity_aux","Chain 12",13,1.15942028985507
"ethnicity_aux","Chain 12",14,1.26086956521739
"ethnicity_aux","Chain 12",15,1.18840579710145
"ethnicity_aux","Chain 12",16,1.26086956521739
"ethnicity_aux","Chain 12",17,1.2463768115942
"ethnicity_aux","Chain 12",18,1.18840579710145
"ethnicity_aux","Chain 12",19,1.1304347826087
"ethnicity_aux","Chain 12",20,1.17391304347826
"ethnicity_aux","Chain 13",1,1.21739130434783
"ethnicity_aux","Chain 13",2,1.20289855072464
"ethnicity_aux","Chain 13",3,1.2463768115942
"ethnicity_aux","Chain 13",4,1.2463768115942
"ethnicity_aux","Chain 13",5,1.1304347826087
"ethnicity_aux","Chain 13",6,1.21739130434783
"ethnicity_aux","Chain 13",7,1.18840579710145
"ethnicity_aux","Chain 13",8,1.17391304347826
"ethnicity_aux","Chain 13",9,1.26086956521739
"ethnicity_aux","Chain 13",10,1.17391304347826
"ethnicity_aux","Chain 13",11,1.1304347826087
"ethnicity_aux","Chain 13",12,1.1304347826087
"ethnicity_aux","Chain 13",13,1.2463768115942
"ethnicity_aux","Chain 13",14,1.26086956521739
"ethnicity_aux","Chain 13",15,1.18840579710145
"ethnicity_aux","Chain 13",16,1.21739130434783
"ethnicity_aux","Chain 13",17,1.20289855072464
"ethnicity_aux","Chain 13",18,1.18840579710145
"ethnicity_aux","Chain 13",19,1.18840579710145
"ethnicity_aux","Chain 13",20,1.20289855072464
"ethnicity_aux","Chain 14",1,1.30434782608696
"ethnicity_aux","Chain 14",2,1.23188405797101
"ethnicity_aux","Chain 14",3,1.17391304347826
"ethnicity_aux","Chain 14",4,1.10144927536232
"ethnicity_aux","Chain 14",5,1.1304347826087
"ethnicity_aux","Chain 14",6,1.15942028985507
"ethnicity_aux","Chain 14",7,1.30434782608696
"ethnicity_aux","Chain 14",8,1.20289855072464
"ethnicity_aux","Chain 14",9,1.18840579710145
"ethnicity_aux","Chain 14",10,1.15942028985507
"ethnicity_aux","Chain 14",11,1.17391304347826
"ethnicity_aux","Chain 14",12,1.34782608695652
"ethnicity_aux","Chain 14",13,1.21739130434783
"ethnicity_aux","Chain 14",14,1.20289855072464
"ethnicity_aux","Chain 14",15,1.11594202898551
"ethnicity_aux","Chain 14",16,1.18840579710145
"ethnicity_aux","Chain 14",17,1.18840579710145
"ethnicity_aux","Chain 14",18,1.18840579710145
"ethnicity_aux","Chain 14",19,1.17391304347826
"ethnicity_aux","Chain 14",20,1.14492753623188
"ethnicity_aux","Chain 15",1,1.18840579710145
"ethnicity_aux","Chain 15",2,1.15942028985507
"ethnicity_aux","Chain 15",3,1.17391304347826
"ethnicity_aux","Chain 15",4,1.15942028985507
"ethnicity_aux","Chain 15",5,1.20289855072464
"ethnicity_aux","Chain 15",6,1.28985507246377
"ethnicity_aux","Chain 15",7,1.18840579710145
"ethnicity_aux","Chain 15",8,1.20289855072464
"ethnicity_aux","Chain 15",9,1.11594202898551
"ethnicity_aux","Chain 15",10,1.17391304347826
"ethnicity_aux","Chain 15",11,1.15942028985507
"ethnicity_aux","Chain 15",12,1.1304347826087
"ethnicity_aux","Chain 15",13,1.2463768115942
"ethnicity_aux","Chain 15",14,1.21739130434783
"ethnicity_aux","Chain 15",15,1.20289855072464
"ethnicity_aux","Chain 15",16,1.26086956521739
"ethnicity_aux","Chain 15",17,1.27536231884058
"ethnicity_aux","Chain 15",18,1.17391304347826
"ethnicity_aux","Chain 15",19,1.21739130434783
"ethnicity_aux","Chain 15",20,1.10144927536232
"ethnicity_aux","Chain 16",1,1.18840579710145
"ethnicity_aux","Chain 16",2,1.20289855072464
"ethnicity_aux","Chain 16",3,1.17391304347826
"ethnicity_aux","Chain 16",4,1.21739130434783
"ethnicity_aux","Chain 16",5,1.23188405797101
"ethnicity_aux","Chain 16",6,1.14492753623188
"ethnicity_aux","Chain 16",7,1.27536231884058
"ethnicity_aux","Chain 16",8,1.18840579710145
"ethnicity_aux","Chain 16",9,1.14492753623188
"ethnicity_aux","Chain 16",10,1.17391304347826
"ethnicity_aux","Chain 16",11,1.10144927536232
"ethnicity_aux","Chain 16",12,1.21739130434783
"ethnicity_aux","Chain 16",13,1.21739130434783
"ethnicity_aux","Chain 16",14,1.2463768115942
"ethnicity_aux","Chain 16",15,1.2463768115942
"ethnicity_aux","Chain 16",16,1.17391304347826
"ethnicity_aux","Chain 16",17,1.21739130434783
"ethnicity_aux","Chain 16",18,1.20289855072464
"ethnicity_aux","Chain 16",19,1.17391304347826
"ethnicity_aux","Chain 16",20,1.20289855072464
"ethnicity_aux","Chain 17",1,1.1304347826087
"ethnicity_aux","Chain 17",2,1.14492753623188
"ethnicity_aux","Chain 17",3,1.14492753623188
"ethnicity_aux","Chain 17",4,1.18840579710145
"ethnicity_aux","Chain 17",5,1.2463768115942
"ethnicity_aux","Chain 17",6,1.20289855072464
"ethnicity_aux","Chain 17",7,1.18840579710145
"ethnicity_aux","Chain 17",8,1.23188405797101
"ethnicity_aux","Chain 17",9,1.11594202898551
"ethnicity_aux","Chain 17",10,1.23188405797101
"ethnicity_aux","Chain 17",11,1.15942028985507
"ethnicity_aux","Chain 17",12,1.14492753623188
"ethnicity_aux","Chain 17",13,1.2463768115942
"ethnicity_aux","Chain 17",14,1.20289855072464
"ethnicity_aux","Chain 17",15,1.15942028985507
"ethnicity_aux","Chain 17",16,1.23188405797101
"ethnicity_aux","Chain 17",17,1.18840579710145
"ethnicity_aux","Chain 17",18,1.18840579710145
"ethnicity_aux","Chain 17",19,1.23188405797101
"ethnicity_aux","Chain 17",20,1.23188405797101
"ethnicity_aux","Chain 18",1,1.15942028985507
"ethnicity_aux","Chain 18",2,1.18840579710145
"ethnicity_aux","Chain 18",3,1.20289855072464
"ethnicity_aux","Chain 18",4,1.15942028985507
"ethnicity_aux","Chain 18",5,1.10144927536232
"ethnicity_aux","Chain 18",6,1.20289855072464
"ethnicity_aux","Chain 18",7,1.14492753623188
"ethnicity_aux","Chain 18",8,1.28985507246377
"ethnicity_aux","Chain 18",9,1.2463768115942
"ethnicity_aux","Chain 18",10,1.27536231884058
"ethnicity_aux","Chain 18",11,1.34782608695652
"ethnicity_aux","Chain 18",12,1.15942028985507
"ethnicity_aux","Chain 18",13,1.21739130434783
"ethnicity_aux","Chain 18",14,1.20289855072464
"ethnicity_aux","Chain 18",15,1.17391304347826
"ethnicity_aux","Chain 18",16,1.20289855072464
"ethnicity_aux","Chain 18",17,1.17391304347826
"ethnicity_aux","Chain 18",18,1.23188405797101
"ethnicity_aux","Chain 18",19,1.2463768115942
"ethnicity_aux","Chain 18",20,1.23188405797101
"ethnicity_aux","Chain 19",1,1.15942028985507
"ethnicity_aux","Chain 19",2,1.1304347826087
"ethnicity_aux","Chain 19",3,1.17391304347826
"ethnicity_aux","Chain 19",4,1.18840579710145
"ethnicity_aux","Chain 19",5,1.15942028985507
"ethnicity_aux","Chain 19",6,1.18840579710145
"ethnicity_aux","Chain 19",7,1.20289855072464
"ethnicity_aux","Chain 19",8,1.18840579710145
"ethnicity_aux","Chain 19",9,1.23188405797101
"ethnicity_aux","Chain 19",10,1.14492753623188
"ethnicity_aux","Chain 19",11,1.14492753623188
"ethnicity_aux","Chain 19",12,1.17391304347826
"ethnicity_aux","Chain 19",13,1.2463768115942
"ethnicity_aux","Chain 19",14,1.2463768115942
"ethnicity_aux","Chain 19",15,1.14492753623188
"ethnicity_aux","Chain 19",16,1.18840579710145
"ethnicity_aux","Chain 19",17,1.17391304347826
"ethnicity_aux","Chain 19",18,1.17391304347826
"ethnicity_aux","Chain 19",19,1.20289855072464
"ethnicity_aux","Chain 19",20,1.17391304347826
"ethnicity_aux","Chain 20",1,1.20289855072464
"ethnicity_aux","Chain 20",2,1.14492753623188
"ethnicity_aux","Chain 20",3,1.18840579710145
"ethnicity_aux","Chain 20",4,1.17391304347826
"ethnicity_aux","Chain 20",5,1.14492753623188
"ethnicity_aux","Chain 20",6,1.2463768115942
"ethnicity_aux","Chain 20",7,1.14492753623188
"ethnicity_aux","Chain 20",8,1.14492753623188
"ethnicity_aux","Chain 20",9,1.20289855072464
"ethnicity_aux","Chain 20",10,1.21739130434783
"ethnicity_aux","Chain 20",11,1.23188405797101
"ethnicity_aux","Chain 20",12,1.15942028985507
"ethnicity_aux","Chain 20",13,1.1304347826087
"ethnicity_aux","Chain 20",14,1.20289855072464
"ethnicity_aux","Chain 20",15,1.26086956521739
"ethnicity_aux","Chain 20",16,1.27536231884058
"ethnicity_aux","Chain 20",17,1.28985507246377
"ethnicity_aux","Chain 20",18,1.26086956521739
"ethnicity_aux","Chain 20",19,1.21739130434783
"ethnicity_aux","Chain 20",20,1.20289855072464
"ethnicity_aux","Chain 21",1,1.15942028985507
"ethnicity_aux","Chain 21",2,1.17391304347826
"ethnicity_aux","Chain 21",3,1.18840579710145
"ethnicity_aux","Chain 21",4,1.26086956521739
"ethnicity_aux","Chain 21",5,1.15942028985507
"ethnicity_aux","Chain 21",6,1.20289855072464
"ethnicity_aux","Chain 21",7,1.18840579710145
"ethnicity_aux","Chain 21",8,1.18840579710145
"ethnicity_aux","Chain 21",9,1.18840579710145
"ethnicity_aux","Chain 21",10,1.23188405797101
"ethnicity_aux","Chain 21",11,1.23188405797101
"ethnicity_aux","Chain 21",12,1.17391304347826
"ethnicity_aux","Chain 21",13,1.21739130434783
"ethnicity_aux","Chain 21",14,1.26086956521739
"ethnicity_aux","Chain 21",15,1.17391304347826
"ethnicity_aux","Chain 21",16,1.15942028985507
"ethnicity_aux","Chain 21",17,1.21739130434783
"ethnicity_aux","Chain 21",18,1.11594202898551
"ethnicity_aux","Chain 21",19,1.26086956521739
"ethnicity_aux","Chain 21",20,1.21739130434783
"ethnicity_aux","Chain 22",1,1.17391304347826
"ethnicity_aux","Chain 22",2,1.18840579710145
"ethnicity_aux","Chain 22",3,1.18840579710145
"ethnicity_aux","Chain 22",4,1.23188405797101
"ethnicity_aux","Chain 22",5,1.1304347826087
"ethnicity_aux","Chain 22",6,1.26086956521739
"ethnicity_aux","Chain 22",7,1.21739130434783
"ethnicity_aux","Chain 22",8,1.20289855072464
"ethnicity_aux","Chain 22",9,1.31884057971015
"ethnicity_aux","Chain 22",10,1.15942028985507
"ethnicity_aux","Chain 22",11,1.14492753623188
"ethnicity_aux","Chain 22",12,1.20289855072464
"ethnicity_aux","Chain 22",13,1.1304347826087
"ethnicity_aux","Chain 22",14,1.18840579710145
"ethnicity_aux","Chain 22",15,1.17391304347826
"ethnicity_aux","Chain 22",16,1.17391304347826
"ethnicity_aux","Chain 22",17,1.27536231884058
"ethnicity_aux","Chain 22",18,1.20289855072464
"ethnicity_aux","Chain 22",19,1.18840579710145
"ethnicity_aux","Chain 22",20,1.15942028985507
"ethnicity_aux","Chain 23",1,1.21739130434783
"ethnicity_aux","Chain 23",2,1.20289855072464
"ethnicity_aux","Chain 23",3,1.18840579710145
"ethnicity_aux","Chain 23",4,1.28985507246377
"ethnicity_aux","Chain 23",5,1.20289855072464
"ethnicity_aux","Chain 23",6,1.21739130434783
"ethnicity_aux","Chain 23",7,1.30434782608696
"ethnicity_aux","Chain 23",8,1.26086956521739
"ethnicity_aux","Chain 23",9,1.23188405797101
"ethnicity_aux","Chain 23",10,1.20289855072464
"ethnicity_aux","Chain 23",11,1.18840579710145
"ethnicity_aux","Chain 23",12,1.15942028985507
"ethnicity_aux","Chain 23",13,1.21739130434783
"ethnicity_aux","Chain 23",14,1.21739130434783
"ethnicity_aux","Chain 23",15,1.28985507246377
"ethnicity_aux","Chain 23",16,1.20289855072464
"ethnicity_aux","Chain 23",17,1.2463768115942
"ethnicity_aux","Chain 23",18,1.20289855072464
"ethnicity_aux","Chain 23",19,1.11594202898551
"ethnicity_aux","Chain 23",20,1.17391304347826
"ethnicity_aux","Chain 24",1,1.18840579710145
"ethnicity_aux","Chain 24",2,1.2463768115942
"ethnicity_aux","Chain 24",3,1.17391304347826
"ethnicity_aux","Chain 24",4,1.20289855072464
"ethnicity_aux","Chain 24",5,1.15942028985507
"ethnicity_aux","Chain 24",6,1.1304347826087
"ethnicity_aux","Chain 24",7,1.20289855072464
"ethnicity_aux","Chain 24",8,1.21739130434783
"ethnicity_aux","Chain 24",9,1.27536231884058
"ethnicity_aux","Chain 24",10,1.20289855072464
"ethnicity_aux","Chain 24",11,1.18840579710145
"ethnicity_aux","Chain 24",12,1.11594202898551
"ethnicity_aux","Chain 24",13,1.14492753623188
"ethnicity_aux","Chain 24",14,1.15942028985507
"ethnicity_aux","Chain 24",15,1.23188405797101
"ethnicity_aux","Chain 24",16,1.15942028985507
"ethnicity_aux","Chain 24",17,1.20289855072464
"ethnicity_aux","Chain 24",18,1.20289855072464
"ethnicity_aux","Chain 24",19,1.23188405797101
"ethnicity_aux","Chain 24",20,1.14492753623188
"ethnicity_aux","Chain 25",1,1.1304347826087
"ethnicity_aux","Chain 25",2,1.21739130434783
"ethnicity_aux","Chain 25",3,1.18840579710145
"ethnicity_aux","Chain 25",4,1.20289855072464
"ethnicity_aux","Chain 25",5,1.2463768115942
"ethnicity_aux","Chain 25",6,1.20289855072464
"ethnicity_aux","Chain 25",7,1.1304347826087
"ethnicity_aux","Chain 25",8,1.1304347826087
"ethnicity_aux","Chain 25",9,1.20289855072464
"ethnicity_aux","Chain 25",10,1.14492753623188
"ethnicity_aux","Chain 25",11,1.10144927536232
"ethnicity_aux","Chain 25",12,1.20289855072464
"ethnicity_aux","Chain 25",13,1.21739130434783
"ethnicity_aux","Chain 25",14,1.20289855072464
"ethnicity_aux","Chain 25",15,1.23188405797101
"ethnicity_aux","Chain 25",16,1.2463768115942
"ethnicity_aux","Chain 25",17,1.26086956521739
"ethnicity_aux","Chain 25",18,1.15942028985507
"ethnicity_aux","Chain 25",19,1.15942028985507
"ethnicity_aux","Chain 25",20,1.17391304347826
"ethnicity_aux","Chain 26",1,1.17391304347826
"ethnicity_aux","Chain 26",2,1.27536231884058
"ethnicity_aux","Chain 26",3,1.18840579710145
"ethnicity_aux","Chain 26",4,1.20289855072464
"ethnicity_aux","Chain 26",5,1.11594202898551
"ethnicity_aux","Chain 26",6,1.20289855072464
"ethnicity_aux","Chain 26",7,1.21739130434783
"ethnicity_aux","Chain 26",8,1.2463768115942
"ethnicity_aux","Chain 26",9,1.1304347826087
"ethnicity_aux","Chain 26",10,1.15942028985507
"ethnicity_aux","Chain 26",11,1.21739130434783
"ethnicity_aux","Chain 26",12,1.21739130434783
"ethnicity_aux","Chain 26",13,1.14492753623188
"ethnicity_aux","Chain 26",14,1.18840579710145
"ethnicity_aux","Chain 26",15,1.23188405797101
"ethnicity_aux","Chain 26",16,1.14492753623188
"ethnicity_aux","Chain 26",17,1.26086956521739
"ethnicity_aux","Chain 26",18,1.14492753623188
"ethnicity_aux","Chain 26",19,1.17391304347826
"ethnicity_aux","Chain 26",20,1.20289855072464
"ethnicity_aux","Chain 27",1,1.20289855072464
"ethnicity_aux","Chain 27",2,1.20289855072464
"ethnicity_aux","Chain 27",3,1.21739130434783
"ethnicity_aux","Chain 27",4,1.15942028985507
"ethnicity_aux","Chain 27",5,1.10144927536232
"ethnicity_aux","Chain 27",6,1.14492753623188
"ethnicity_aux","Chain 27",7,1.08695652173913
"ethnicity_aux","Chain 27",8,1.15942028985507
"ethnicity_aux","Chain 27",9,1.08695652173913
"ethnicity_aux","Chain 27",10,1.11594202898551
"ethnicity_aux","Chain 27",11,1.18840579710145
"ethnicity_aux","Chain 27",12,1.07246376811594
"ethnicity_aux","Chain 27",13,1.1304347826087
"ethnicity_aux","Chain 27",14,1.18840579710145
"ethnicity_aux","Chain 27",15,1.20289855072464
"ethnicity_aux","Chain 27",16,1.23188405797101
"ethnicity_aux","Chain 27",17,1.21739130434783
"ethnicity_aux","Chain 27",18,1.17391304347826
"ethnicity_aux","Chain 27",19,1.1304347826087
"ethnicity_aux","Chain 27",20,1.14492753623188
"ethnicity_aux","Chain 28",1,1.23188405797101
"ethnicity_aux","Chain 28",2,1.17391304347826
"ethnicity_aux","Chain 28",3,1.15942028985507
"ethnicity_aux","Chain 28",4,1.11594202898551
"ethnicity_aux","Chain 28",5,1.20289855072464
"ethnicity_aux","Chain 28",6,1.08695652173913
"ethnicity_aux","Chain 28",7,1.14492753623188
"ethnicity_aux","Chain 28",8,1.14492753623188
"ethnicity_aux","Chain 28",9,1.23188405797101
"ethnicity_aux","Chain 28",10,1.23188405797101
"ethnicity_aux","Chain 28",11,1.17391304347826
"ethnicity_aux","Chain 28",12,1.15942028985507
"ethnicity_aux","Chain 28",13,1.15942028985507
"ethnicity_aux","Chain 28",14,1.20289855072464
"ethnicity_aux","Chain 28",15,1.14492753623188
"ethnicity_aux","Chain 28",16,1.14492753623188
"ethnicity_aux","Chain 28",17,1.27536231884058
"ethnicity_aux","Chain 28",18,1.21739130434783
"ethnicity_aux","Chain 28",19,1.21739130434783
"ethnicity_aux","Chain 28",20,1.20289855072464
"ethnicity_aux","Chain 29",1,1.1304347826087
"ethnicity_aux","Chain 29",2,1.11594202898551
"ethnicity_aux","Chain 29",3,1.14492753623188
"ethnicity_aux","Chain 29",4,1.26086956521739
"ethnicity_aux","Chain 29",5,1.18840579710145
"ethnicity_aux","Chain 29",6,1.18840579710145
"ethnicity_aux","Chain 29",7,1.26086956521739
"ethnicity_aux","Chain 29",8,1.20289855072464
"ethnicity_aux","Chain 29",9,1.15942028985507
"ethnicity_aux","Chain 29",10,1.1304347826087
"ethnicity_aux","Chain 29",11,1.2463768115942
"ethnicity_aux","Chain 29",12,1.20289855072464
"ethnicity_aux","Chain 29",13,1.17391304347826
"ethnicity_aux","Chain 29",14,1.20289855072464
"ethnicity_aux","Chain 29",15,1.26086956521739
"ethnicity_aux","Chain 29",16,1.15942028985507
"ethnicity_aux","Chain 29",17,1.23188405797101
"ethnicity_aux","Chain 29",18,1.23188405797101
"ethnicity_aux","Chain 29",19,1.21739130434783
"ethnicity_aux","Chain 29",20,1.17391304347826
"ethnicity_aux","Chain 30",1,1.20289855072464
"ethnicity_aux","Chain 30",2,1.27536231884058
"ethnicity_aux","Chain 30",3,1.15942028985507
"ethnicity_aux","Chain 30",4,1.26086956521739
"ethnicity_aux","Chain 30",5,1.23188405797101
"ethnicity_aux","Chain 30",6,1.1304347826087
"ethnicity_aux","Chain 30",7,1.18840579710145
"ethnicity_aux","Chain 30",8,1.11594202898551
"ethnicity_aux","Chain 30",9,1.14492753623188
"ethnicity_aux","Chain 30",10,1.17391304347826
"ethnicity_aux","Chain 30",11,1.18840579710145
"ethnicity_aux","Chain 30",12,1.14492753623188
"ethnicity_aux","Chain 30",13,1.26086956521739
"ethnicity_aux","Chain 30",14,1.20289855072464
"ethnicity_aux","Chain 30",15,1.17391304347826
"ethnicity_aux","Chain 30",16,1.17391304347826
"ethnicity_aux","Chain 30",17,1.1304347826087
"ethnicity_aux","Chain 30",18,1.11594202898551
"ethnicity_aux","Chain 30",19,1.15942028985507
"ethnicity_aux","Chain 30",20,1.18840579710145
